,level_0,index,name,point_x,point_y,qxmc,gd_point_x,gd_point_y,format_address2
0,3,3,宁波市海曙区清林闲庭幼儿园,121.526459,29.903905,海曙区,121.529985,29.901287,浙江省宁波市海曙区望春街道宁波市实验幼儿园闲庭园区
1,4,4,杭州市余杭区未来科技城海创小学,120.0130597,30.27607851,余杭区,119.979474,30.274098,浙江省杭州市余杭区仓前街道文一西路1521号杭州市余杭区人民政府
2,6,6,宁波市海曙区石碶街道冯家小学,121.4862029,29.82409963,海曙区,121.490827,29.821667,浙江省宁波市海曙区石碶街道宁波市海曙区冯家小学
3,7,7,杭州市余杭区大华西溪风情幼儿园,120.0374973,30.27942042,余杭区,120.042275,30.277076,浙江省杭州市余杭区五常街道西溪风情杭州维翰学校
4,8,8,杭州市余杭区英特外国语学校,119.9691041,30.24389338,余杭区,119.973975,30.242362,浙江省杭州市余杭区余杭街道上文山村杭州英特外国语学校
5,9,9,杭州市余杭区运河兴旺幼儿园,120.2951604,30.45909794,余杭区,120.299646,30.457035,浙江省杭州市临平区运河街道兴旺幼儿园(东湖北路)东华公寓(东湖北路)
6,10,10,义乌市福田爱德幼儿园,120.1195632,29.37959418,义乌市,120.075058,29.306841,浙江省金华市义乌市稠城街道义乌市义乌市政府大楼
7,11,11,杭州市余杭区英才新明半岛幼儿园,119.951239,30.245973,余杭区,119.952157,30.240646,浙江省杭州市余杭区中泰街道桃源社区新明半岛
8,12,12,宁波市海曙区集士港镇白岳幼儿园,121.4228335,29.88934498,海曙区,121.427482,29.886946,浙江省宁波市海曙区集士港镇白岳幼儿园
9,14,14,宁波市海曙区横街镇绿茵幼儿园,121.3924708,29.85274093,海曙区,121.397126,29.850711,浙江省宁波市海曙区横街镇横梅路绿茵幼儿园(芝岭村社区卫生服务站西南)
10,16,16,宁波市海曙区石碶街道栎社小学,121.4805655,29.80817883,海曙区,121.485017,29.8058,浙江省宁波市海曙区石碶街道栎社小学
11,17,17,杭州市余杭区小博士银领时代幼儿园,120.2592261,30.39804681,余杭区,120.261584,30.395657,浙江省杭州市临平区星桥街道银领时代
12,21,21,宁波市海曙区高桥镇童瑶幼儿园,121.4894923,29.87922535,海曙区,121.493952,29.876794,浙江省宁波市海曙区高桥镇童瑶幼儿园(宋家漕路)晴园
13,22,22,宁波市海曙区古林镇张家潭幼儿园,121.471022,29.84562605,海曙区,121.475426,29.843249,浙江省宁波市海曙区古林镇校园警务古林镇张家潭幼儿园
14,24,24,义乌市义亭镇王阡幼儿园,119.9424861,29.23380239,义乌市,119.946733,29.231009,浙江省金华市义乌市义亭镇义乌市义亭镇王阡幼儿园
15,26,26,宁波市东恩中学,121.5454994,29.85945445,海曙区,121.550649,29.857877,浙江省宁波市海曙区南门街道东恩中学
16,28,28,宁波市海曙区鄞江镇燕玲学校,121.3681753,29.80637072,海曙区,121.372964,29.804,浙江省宁波市海曙区鄞江镇金岩路鄞江镇燕玲学校
17,29,29,义乌市福田鑫焕幼儿园,120.1005592,29.34425551,义乌市,120.105269,29.341869,浙江省金华市义乌市福田街道银海鑫焕幼儿园银海2区
18,30,30,杭州市余杭区江南春·白云深处幼儿园,119.9670737,30.24536868,余杭区,119.971679,30.242819,浙江省杭州市余杭区余杭街道江南春城金成·白云深处
19,31,31,宁波市海曙区石碶街道栎社幼儿园,121.4790015,29.80800952,海曙区,121.478892,29.801996,浙江省宁波市海曙区石碶街道鄞州区石碶栎社幼儿园
20,32,32,义乌市北苑街道时代花园优幼幼稚园,120.053927,29.324774,义乌市,120.059461,29.320194,浙江省金华市义乌市北苑街道义乌市时代花园优幼幼稚园时代花园丹溪三区
21,34,34,杭州市余杭区良渚七贤幼儿园,120.0019243,30.35325935,余杭区,120.051016,30.379881,浙江省杭州市余杭区良渚街道良渚村
22,35,35,义乌市福田街道中心幼儿园,120.1140806,29.33292995,义乌市,120.1293,29.316279,浙江省金华市义乌市江东街道东苑幼儿园下朱D区
23,36,36,杭州市余杭区鸬鸟镇中心小学,119.7535168,30.45495193,余杭区,119.758382,30.452539,浙江省杭州市余杭区鸬鸟镇秀山社区居委会
24,37,37,义乌市江东街道快乐幼儿园,120.084187,29.296766,义乌市,120.089221,29.293911,浙江省金华市义乌市江东街道篁园路233号篁园香江公寓
25,38,38,浙江省级机关北山幼儿园,120.146235,30.26479031,西湖区,120.150893,30.262419,浙江省杭州市西湖区北山街道保俶路45号浙江省级机关北山幼儿园
26,39,39,宁波市海曙区洞桥镇中心幼儿园,121.4077403,29.78416151,海曙区,121.412121,29.782072,浙江省宁波市海曙区洞桥镇洞桥镇中心幼儿园
27,41,41,杭州云谷学校,120.0516391,30.28340494,西湖区,120.056144,30.281064,浙江省杭州市西湖区蒋村街道春申街17号杭州市育才教育集团文溪小学
28,42,42,义乌市后宅街道湖门幼儿园,120.040129,29.39915292,义乌市,120.04525,29.396943,浙江省金华市义乌市后宅街道清枫雨服饰湖门幼儿园
29,43,43,浙江省杭州第七中学,120.0519114,30.15144314,西湖区,120.056798,30.149077,浙江省杭州市西湖区转塘街道转塘派出所杭州第七中学校园警务室浙江省杭州第七中学转塘校区
30,44,44,宁波市海曙区古林镇薛家小学,121.4966271,29.85732021,海曙区,121.500961,29.854884,浙江省宁波市海曙区古林镇古林镇实验小学
31,46,46,杭州市余杭区良渚古墩路小学,120.073622,30.3510443,余杭区,120.079712,30.348529,浙江省杭州市余杭区良渚街道北六路余杭区良渚古墩路小学
32,48,48,宁波市海曙区古林镇藕池幼儿园,121.5056578,29.84236105,海曙区,121.510016,29.839964,浙江省宁波市海曙区古林镇藕池幼儿园藕池小学
33,49,49,宁波市海曙区石碶街道实验小学,121.4442275,29.79432463,海曙区,121.495324,29.823885,浙江省宁波市海曙区石碶街道机场路阳光丽园一期
34,51,51,宁波市海曙区古林镇蜃蛟幼儿园,121.3976246,29.81808732,海曙区,121.402003,29.815889,浙江省宁波市海曙区古林镇鄞州银行(蜃蛟分理处)
35,52,52,义乌市城西街道新一代幼儿园,119.981322,29.31653895,义乌市,119.985841,29.313896,浙江省金华市义乌市城西街道新一代幼儿园(东河店)西站1区
36,53,53,杭州市西湖区紫金港幼儿园,120.063774,30.30370152,西湖区,120.130203,30.259324,浙江省杭州市西湖区灵隐街道杭州市西湖区人民政府
37,54,54,宁波市海曙区高桥镇宝宝幼儿园,121.4690238,29.87813937,海曙区,121.473292,29.876094,浙江省宁波市海曙区高桥镇宝宝幼儿园
38,55,55,义乌市后宅向日葵幼儿园,120.0699718,29.35423397,义乌市,120.074803,29.351812,浙江省金华市义乌市后宅街道向日葵幼儿园遗安2区
39,56,56,浙江大学附属中学,120.1265869,30.26143179,西湖区,120.131993,30.258976,浙江省杭州市西湖区北山街道曙光路89号浙江大学附属中学玉泉校区
40,58,58,义乌华溪小学,120.2004588,29.3505325,义乌市,120.204595,29.348572,浙江省金华市义乌市廿三里街道廿三里派出所华溪小学警务室
41,59,59,杭州市余杭区育蕾学校,120.3156447,30.37853406,余杭区,120.320554,30.376182,浙江省杭州市临平区南苑街道东湖南路595号余杭区育蕾学校
42,60,60,宁波市海曙区石碶博聪幼儿园,121.4875603,29.81628404,海曙区,121.492061,29.813873,浙江省宁波市海曙区石碶街道博聪幼儿园
43,62,62,浙江省德清县职业中等专业学校,119.9386209,30.54992809,德清县,119.94293,30.547907,浙江省湖州市德清县武康街道德清县职兴教育培训中心浙江省德清县职业中等专业学校
44,64,64,宁波市海曙区石碶街道宸卿小学,121.5028911,29.83519687,海曙区,121.507042,29.832298,浙江省宁波市海曙区石碶街道宸卿小学
45,65,65,浙江大学幼儿园玉泉分园,120.1257567,30.26523628,西湖区,120.13049,30.262983,浙江省杭州市西湖区灵隐街道浙江大学幼儿园玉泉分园
46,66,66,杭州市西湖区山水学前教育集团（总园）,120.1028131,30.27288429,西湖区,120.111043,30.2904,浙江省杭州市西湖区古荡街道山水学前教育集团莲花港幼儿园
47,68,68,杭州市余杭区五常文福幼儿园,120.0314067,30.29160411,余杭区,120.043873,30.270686,浙江省杭州市余杭区五常街道五常村五常中学
48,73,73,杭州市西湖小学教育集团（总校）,120.1262284,30.25585827,西湖区,120.131174,30.253618,浙江省杭州市西湖区北山街道西湖小学教育集团西湖小学
49,74,74,义乌市金城高尔夫幼儿园,120.0646221,29.35996556,义乌市,120.069237,29.357613,浙江省金华市义乌市后宅街道金城高尔夫幼儿园金城高尔夫2区
50,75,75,义乌市后宅街道洪华凯旋幼儿园,120.0717659,29.35710862,义乌市,120.076121,29.354546,浙江省金华市义乌市后宅街道洪华凯旋幼儿园洪华小区
51,76,76,杭州市余杭区育海外国语学校,119.9919752,30.23249034,余杭区,119.997496,30.229866,浙江省杭州市余杭区闲林街道天目山西路261号杭州育海外国语学校
52,77,77,义乌市城西殿口幼儿园,119.9922663,29.29679342,义乌市,119.996755,29.294168,浙江省金华市义乌市城西街道殿口幼儿园
53,80,80,义乌市稠城第一小学教育集团,120.0753316,29.30862141,义乌市,120.084203,29.301906,浙江省金华市义乌市稠城街道稠城第一小学教育集团
54,83,83,义乌市江东街道南苑幼儿园,120.0693157,29.28603194,义乌市,120.07404,29.283446,浙江省金华市义乌市江东街道南苑幼儿园(江南四区东北)江南4区
55,84,84,杭州市余杭区径山镇长乐幼儿园,119.8487489,30.33813595,余杭区,119.865257,30.374949,浙江省杭州市余杭区径山镇径山镇径山镇人民政府
56,85,85,义乌市北苑街道现代城市花园幼儿园,120.0375169,29.31664659,义乌市,120.043958,29.315091,浙江省金华市义乌市北苑街道现代城市花园现代城市花园四季五区
57,88,88,杭州市余杭区塘栖镇超山中心小学,120.19926,30.44808679,余杭区,120.219446,30.443516,浙江省杭州市临平区塘栖镇超山中心小学
58,89,89,义乌市廿三里街道何宅幼儿园,120.1854641,29.31173635,义乌市,120.189995,29.309153,浙江省金华市义乌市廿三里街道何宅幼儿园
59,90,90,宁波市海曙区横街镇中心幼儿园,121.3919793,29.85665193,海曙区,121.400219,29.852758,浙江省宁波市海曙区横街镇横街镇校横街镇中心小学
60,91,91,宁波市海曙区石碶乐乐幼儿园,121.5026459,29.81606579,海曙区,121.507082,29.813598,浙江省宁波市海曙区石碶街道乐乐幼儿园(万金路)
61,92,92,杭州市余杭区英特西溪外国语学校,119.9786624,30.24753803,余杭区,119.983706,30.244569,浙江省杭州市余杭区闲林街道上文山村英特西溪外国语学校
62,93,93,宁波市海曙区高桥镇灵云幼儿园,121.4767326,29.87940383,海曙区,121.481124,29.876852,浙江省宁波市海曙区高桥镇望童路1005号灵云幼儿园
63,95,95,宁波市海曙区石碶新阳幼儿园,121.4513927,29.79907322,海曙区,121.455951,29.796704,浙江省宁波市海曙区石碶街道鄞州区石矸街道新阳幼儿园
64,98,98,杭州市余杭区塘栖镇宏畔幼儿园,120.1571608,30.44443605,余杭区,120.18845,30.473465,浙江省杭州市临平区塘栖镇塘栖镇人民政府1号楼塘栖镇人民政府
65,99,99,杭州市余杭区北湖绿洲幼儿园,119.9748339,30.3810721,余杭区,119.979162,30.378679,浙江省杭州市余杭区瓶窑镇国辅路85号北湖绿洲花园
66,101,101,宁波市海曙区洞桥镇百梁天成希望小学,121.3857417,29.76967903,海曙区,121.390561,29.7677,浙江省宁波市海曙区洞桥镇洞百公路洞桥镇百梁天成希望小学
67,102,102,宁波市海曙区洞桥镇晨晨幼儿园,121.4164014,29.76347338,海曙区,121.421173,29.761224,浙江省宁波市海曙区洞桥镇晨晨幼儿园(洞桥镇宁锋社区卫生服务站西)
68,105,105,浙江义乌枫叶国际学校,120.0408104,29.27179893,义乌市,120.112935,29.347686,浙江省金华市义乌市福田街道福建龙兴针纺诚信1区
69,106,106,宁波市海曙区古林镇中心初级中学,121.4927963,29.8623315,海曙区,121.435704,29.83524,浙江省宁波市海曙区古林镇古林镇人民政府古林派出所
70,107,107,浙江大学幼儿园西溪分园,120.1381314,30.27681716,西湖区,120.142874,30.274545,浙江省杭州市西湖区西溪街道浙江大学西溪校区幼儿园浙江大学西溪校区
71,108,108,义乌市佛堂镇石北幼儿园,120.089069,29.219266,义乌市,120.017351,29.196282,浙江省金华市义乌市佛堂镇佛堂镇佛堂镇人民政府
72,112,112,杭州之江高级中学,120.0060007,30.20888932,西湖区,120.010698,30.206459,浙江省杭州市西湖区留下街道绿野春天杭州之江专修学院小和山校区
73,114,114,杭州市余杭区良渚西塘雅苑幼儿园,120.0835131,30.35031773,余杭区,120.007857,30.402752,浙江省杭州市余杭区良渚街道西塘村
74,115,115,杭州市西湖区政苑幼儿园,120.09754,30.29928232,西湖区,120.102173,30.297049,浙江省杭州市西湖区三墩镇政苑幼儿园政苑小区
75,116,116,杭州市余杭区未来科技城海曙幼儿园,120.0272701,30.29378741,余杭区,119.979474,30.274098,浙江省杭州市余杭区仓前街道文一西路1521号杭州市余杭区人民政府
76,118,118,宁波市海曙区古林镇藕池小学,121.5058082,29.84227933,海曙区,121.510043,29.840396,浙江省宁波市海曙区古林镇藕池小学
77,121,121,宁波市海曙区集士港镇科创幼儿园,121.4502736,29.85981881,海曙区,121.445158,29.861745,浙江省宁波市海曙区集士港镇集士港镇城投大厦
78,122,122,杭州市余杭区未来科技城海创幼儿园,120.0140822,30.27603187,余杭区,119.979474,30.274098,浙江省杭州市余杭区仓前街道文一西路1521号杭州市余杭区人民政府
79,123,123,杭州市余杭区蒲公英学校,120.000497,30.385359,余杭区,120.004568,30.382817,浙江省杭州市余杭区瓶窑镇浙江社会科学进修学院蒲公英学校
80,124,124,义乌市江东街道塔下洲幼儿园,120.043391,29.273184,义乌市,120.103064,29.304974,浙江省金华市义乌市江东街道江东街道办事处
81,125,125,义乌市后宅街道西何幼儿园,120.0486665,29.37192217,义乌市,120.053391,29.369514,浙江省金华市义乌市后宅街道西何幼儿园
82,126,126,宁波市海曙区集士港镇祝家桥幼儿园,121.444102,29.87873349,海曙区,121.448739,29.876331,浙江省宁波市海曙区集士港镇祝家桥幼儿园
83,127,127,杭州市余杭区乔司杭海路小学,120.2805872,30.32711295,余杭区,120.291417,30.349343,浙江省杭州市临平区乔司街道兴安公寓(西区)兴安公寓西区
84,129,129,义乌市江东梅湖幼儿园,120.10417,29.315459,义乌市,120.10841,29.312743,浙江省金华市义乌市江东街道义乌市梅湖体育中心体育馆
85,131,131,宁波市海曙区横街镇中心初级中学,121.3965926,29.8545369,海曙区,121.401292,29.852439,浙江省宁波市海曙区横街镇交石段横街镇中心初级中学
86,132,132,杭州市余杭区乔司第三幼儿园,120.2766151,30.3344259,余杭区,120.291417,30.349343,浙江省杭州市临平区乔司街道兴安公寓(西区)兴安公寓西区
87,133,133,杭州市西湖区转塘幼儿园,120.0697482,30.16215738,西湖区,120.074481,30.160018,浙江省杭州市西湖区转塘街道博美路9号杭州市西湖区转塘幼儿园
88,134,134,宁波市海曙区高桥镇邵家幼儿园,121.4300846,29.91490816,海曙区,121.43448,29.91265,浙江省宁波市海曙区高桥镇邵家幼儿园
89,135,135,义乌市城西街道五星幼儿园,119.9851083,29.31701066,义乌市,119.989538,29.314588,浙江省金华市义乌市城西街道五星幼儿园
90,137,137,杭州市余杭区仁和东风小学,120.0748688,30.43748269,余杭区,120.094154,30.423016,浙江省杭州市余杭区仁和街道西南山北路62号
91,138,138,杭州市余杭区良渚实验学校,120.0757758,30.35833238,余杭区,120.018987,30.35114,浙江省杭州市余杭区良渚街道杭州安吉路良渚实验学校
92,140,140,义乌市苏溪镇中心幼儿园,120.1368058,29.40618733,义乌市,120.131443,29.40965,浙江省金华市义乌市苏溪镇镇前街35号苏溪镇人民政府
93,141,141,杭州市余杭区星运幼儿园,120.2617301,30.39375945,余杭区,120.109858,30.353769,浙江省杭州市余杭区良渚街道良运街48号杭州城北万象城(建设中)
94,142,142,杭州市西湖区莲花港幼儿园,120.1062565,30.29253645,西湖区,120.110595,30.290107,浙江省杭州市西湖区古荡街道湖畔·莲花港家园
95,143,143,宁波市海曙区石碶国骅聚星文化武术学校,121.480962,29.83333561,海曙区,121.485349,29.830944,浙江省宁波市海曙区石碶街道求精路1号立星学校后仓校区
96,144,144,宁波市海曙区古林镇俞家幼儿园,121.4369834,29.84478897,海曙区,121.441503,29.842486,浙江省宁波市海曙区古林镇俞家社区卫生服务站
97,145,145,杭州市余杭区大井幼儿园,120.2451414,30.35123003,余杭区,120.249663,30.348572,浙江省杭州市临平区乔司街道杭州市大井幼儿园
98,146,146,宁波市海曙区集士港镇新星幼儿园,121.4199196,29.88547733,海曙区,121.424377,29.883378,浙江省宁波市海曙区集士港镇新星幼儿园(白岳医院西南)
99,147,147,义乌市上溪镇陶启智幼儿园,119.9066427,29.26186942,义乌市,119.910912,29.259109,浙江省金华市义乌市上溪镇吴萧路陶启智幼儿园
100,148,148,宁波市海曙区集士港镇三禾幼儿园,121.4375459,29.86673641,海曙区,121.442383,29.864361,浙江省宁波市海曙区集士港镇广盛路9号集士港镇三禾幼儿园
101,149,149,杭州市余杭区文正小学,120.2973926,30.36824937,余杭区,120.245433,30.409974,浙江省杭州市临平区星桥街道杭州方正速能科技有限公司
102,153,153,义乌市大陈镇大陈初级中学,120.115918,29.456588,义乌市,120.121902,29.45587,浙江省金华市义乌市大陈镇蒋山脚大陈镇初级中学
103,154,154,宁波市海曙区石碶街道雅悦幼儿园,121.51168,29.83642924,海曙区,121.50668,29.828435,浙江省宁波市海曙区石碶街道食品街68号北路一村
104,155,155,义乌市江东街道叮叮幼儿园,120.08768,29.30468763,义乌市,120.091494,29.301603,浙江省金华市义乌市江东街道叮叮幼儿园
105,158,158,杭州师范大学幼儿园,120.1322934,30.28354823,西湖区,120.136045,30.281017,浙江省杭州市西湖区西溪街道耀江文欣苑(文二路)耀江文欣苑
106,159,159,宁波市海曙区古林镇宝韵华城幼儿园,121.4987958,29.86974467,海曙区,121.503077,29.867001,浙江省宁波市海曙区古林镇薛家南路52-1号盛世华城
107,160,160,宁波市海曙区镇明中心小学,121.525747,29.857685,海曙区,121.545907,29.865558,浙江省宁波市海曙区月湖街道云石街56号宁波市镇明中心小学
108,162,162,宁波市海曙区横街镇凤岙学校,121.3848533,29.85043595,海曙区,121.399322,29.854169,浙江省宁波市海曙区横街镇横街镇横街镇中心小学
109,163,163,宁波市海曙区集士港镇希望幼儿园,121.3937462,29.89236127,海曙区,121.398124,29.890156,浙江省宁波市海曙区集士港镇希望幼儿园(双银社区卫生服务站南)
110,165,165,宁波市海曙区鄞江镇梅园幼儿园,121.3686,29.80510231,海曙区,121.372823,29.802727,浙江省宁波市海曙区鄞江镇梅园幼儿园
111,168,168,浙江新世纪经贸专修学院,119.9683002,30.24055365,余杭区,119.972202,30.237736,浙江省杭州市余杭区闲林街道209县道大学生创意园
112,170,170,宁波市海曙区高桥镇绿茵君尚幼儿园,121.4568081,29.89081297,海曙区,121.461535,29.904863,浙江省宁波市海曙区高桥镇文化路1号宁波市公安局交通警察局海曙大队高桥中队
113,172,172,杭州市余杭区临平街道中心幼儿园,120.2708069,30.44232771,余杭区,120.27683,30.434155,浙江省杭州市临平区临平街道顺达路159-30号临平街道中心幼儿园顺达园区
114,173,173,杭州市余杭区未来科技城海云幼儿园,119.9926887,30.2867093,余杭区,119.979474,30.274098,浙江省杭州市余杭区仓前街道文一西路1521号杭州市余杭区人民政府
115,175,175,宁波市海曙润禾幼儿园,121.5159327,29.83623522,海曙区,121.5201,29.833915,浙江省宁波市海曙区段塘街道润禾幼儿园丁家公寓
116,176,176,杭州市余杭区未来科技城海曙小学,120.0263865,30.2943386,余杭区,119.979474,30.274098,浙江省杭州市余杭区仓前街道文一西路1521号杭州市余杭区人民政府
117,179,179,宁波市海曙区古林镇童趣幼儿园,121.4962267,29.84679348,海曙区,121.500721,29.844473,浙江省宁波市海曙区古林镇童趣幼儿园(金云街)
118,180,180,宁波市海曙区高桥镇藕缆桥幼儿园,121.4924476,29.86992308,海曙区,121.498359,29.870561,浙江省宁波市海曙区高桥镇联丰中路432号藕缆桥幼儿园(联丰中路)
119,181,181,宁波市海曙区石碶横涨幼儿园,121.4420221,29.79164957,海曙区,121.446605,29.789355,浙江省宁波市海曙区石碶街道026县道横涨幼儿园
120,182,182,义乌市后宅街道北站幼儿园,120.0453425,29.36967427,义乌市,120.050077,29.36726,浙江省金华市义乌市后宅街道北站幼儿园北站1区
121,183,183,宁波市海曙区鄞江镇中心小学,121.3550328,29.78431364,海曙区,121.358896,29.781553,浙江省宁波市海曙区鄞江镇鄞江镇中心小学
122,184,184,宁波市海曙区高桥镇中心小学,121.4600183,29.89478631,海曙区,121.464439,29.892484,浙江省宁波市海曙区高桥镇高桥镇中心小学
123,185,185,义乌市北苑星空幼儿园,120.0613237,29.34073411,义乌市,120.066179,29.338221,浙江省金华市义乌市北苑街道星空幼儿园(春晗路)莲塘3区
124,190,190,杭州市余杭区良渚杭行路小学,120.1115615,30.35945038,余杭区,120.051016,30.379881,浙江省杭州市余杭区良渚街道良渚村
125,191,191,宁波市海曙区石碶冯家幼儿园,121.4844587,29.82395636,海曙区,121.488574,29.821216,浙江省宁波市海曙区石碶街道万成路8号冯家幼儿园
126,192,192,杭州市余杭区绿城育华翡翠城学校,120.0098154,30.25030815,余杭区,120.014733,30.24824,浙江省杭州市余杭区闲林街道常教街杭州绿城育华翡翠城学校
127,193,193,宁波市海曙艾迪幼儿园,121.4376471,29.85698327,海曙区,121.550357,29.874556,浙江省宁波市海曙区鼓楼街道宁波市人民政府中共宁波市海曙区委员会
128,194,194,宁波市海曙区古林镇包家幸福幼儿园,121.4833901,29.85030608,海曙区,121.48769,29.847871,浙江省宁波市海曙区古林镇古林镇包家幸福幼儿园
129,198,198,杭州市西湖区小和山幼儿园,120.0111928,30.21146279,西湖区,120.104667,30.269181,浙江省杭州市西湖区古荡街道嘉苑幼儿园
130,199,199,义乌市北苑小学,120.0413712,29.33940263,义乌市,120.04499,29.336983,浙江省金华市义乌市北苑街道浙江师范大学附属义乌实验学校
131,200,200,杭州市余杭区凤凰幼儿园,119.9500036,30.25458558,余杭区,119.953665,30.25245,浙江省杭州市余杭区余杭街道余杭区凤凰幼儿园
132,201,201,宁波市海曙区石碶雅源幼儿园,121.4952956,29.81873611,海曙区,121.499631,29.816301,浙江省宁波市海曙区石碶街道雅源幼儿园
133,206,206,义乌市欧景幼儿园,120.0353498,29.27767849,义乌市,120.040024,29.274899,浙江省金华市义乌市稠江街道欧景幼儿园
134,207,207,宁波市海曙区古林镇中心小学,121.4380761,29.82871399,海曙区,121.442567,29.826427,浙江省宁波市海曙区古林镇文卫路128号古林镇中心小学
135,208,208,义乌市北苑卡璐璐幼儿园,120.0429828,29.31146464,义乌市,120.047556,29.308911,浙江省金华市义乌市北苑街道卡璐璐幼儿园黄杨梅1区
136,209,209,义乌市北苑星火幼儿园,120.044735,29.32027157,义乌市,120.049548,29.317715,浙江省金华市义乌市北苑街道星火幼儿园四季2区
137,210,210,宁波市古林职业高级中学,121.432776,29.84094937,海曙区,121.437621,29.838498,浙江省宁波市海曙区古林镇宁波市古林职业高级中学
138,211,211,宁波市海曙区古林镇金太阳幼儿园,121.4964667,29.85917675,海曙区,121.500707,29.856695,浙江省宁波市海曙区古林镇金太阳幼儿园(古林镇薜家社区卫生服务站东北)
139,213,213,杭州市余杭区杭运幼儿园,120.121288,30.34400172,余杭区,120.125981,30.341748,浙江省杭州市余杭区良渚街道余杭区杭运幼儿园北宸园区
140,217,217,浙江大学幼儿园实验园,120.1257567,30.26523628,西湖区,120.129728,30.262986,浙江省杭州市西湖区灵隐街道浙江大学幼儿园实验园浙江大学幼儿园玉泉分园
141,218,218,义乌市东方国际村幼儿园,120.0383638,29.31355329,义乌市,120.043267,29.311015,浙江省金华市义乌市北苑街道国际村幼儿园东方国际村
142,220,220,义乌市后宅绿泡泡幼儿园,120.0499566,29.36417955,义乌市,120.054714,29.361731,浙江省金华市义乌市后宅街道绿泡泡幼儿园十二山头小区
143,221,221,杭州市西湖区之江幼儿园,120.0964717,30.16659346,西湖区,120.101069,30.16427,浙江省杭州市西湖区转塘街道珊瑚沙家园
144,223,223,浙江育人专修学院,120.0597935,30.32062125,西湖区,120.06456,30.318445,浙江省杭州市西湖区三墩镇浙江育人专修学院浙江三联专修学院
145,226,226,宁波市海曙区石碶博娃幼儿园,121.4998694,29.83583422,海曙区,121.504387,29.833354,浙江省宁波市海曙区石碶街道塘西中路100号益智新村
146,229,229,德清县乐乐幼儿园,119.9524654,30.54149408,德清县,119.957043,30.539027,浙江省湖州市德清县武康街道乐乐幼儿园(万马路)
147,231,231,宁波市海曙区广济中心小学,121.542894,29.871116,海曙区,121.54658,29.868606,浙江省宁波市海曙区月湖街道海曙区中国教育工会广济中心小学委员会宁波市广济中心小学
148,233,233,德清县莫干山外国语学校,119.9621919,30.5260034,德清县,119.966666,30.523892,浙江省湖州市德清县舞阳街道莫干山外国语学校(初中部)宋盛小区
149,234,234,宁波市海曙区丽象幼儿园,121.5110363,29.86463322,海曙区,121.551066,29.859772,浙江省宁波市海曙区江厦街道宁波市海曙区人民政府江厦派出所
150,235,235,杭州市余杭区塘栖镇第二幼儿园,120.1826763,30.47152978,余杭区,120.18744,30.468785,浙江省杭州市临平区塘栖镇绿荫街100号塘栖第二幼儿园
151,236,236,义乌市稠江街道红五星幼儿园,120.0189398,29.2902845,义乌市,120.023693,29.28747,浙江省金华市义乌市稠江街道龙回红五星幼儿园龙回2区
152,237,237,宁波市海曙牡丹幼儿园,121.5180203,29.8451405,海曙区,121.52219,29.842651,浙江省宁波市海曙区段塘街道段塘牡丹新村
153,238,238,宁波市海曙区石碶立星学校,121.4806085,29.80478757,海曙区,121.484839,29.802048,浙江省宁波市海曙区石碶街道石碶派出所立星学校警务联络点立星学校
154,239,239,宁波市海曙区石碶波波幼儿园,121.4789847,29.81062187,海曙区,121.483362,29.808218,浙江省宁波市海曙区石碶街道栎社街189号石矸波波幼儿园
155,240,240,杭州市余杭区树兰高级中学,120.2296736,30.47216248,余杭区,120.234066,30.470025,浙江省杭州市临平区塘栖镇兴国路杭州二中树兰高级中学
156,241,241,义乌市后宅街道遗安幼儿园,120.0611191,29.35322179,义乌市,120.065712,29.35083,浙江省金华市义乌市后宅街道城北路j180号遗安幼儿园
157,245,245,宁波市海曙区鄞江镇琴琴幼儿园,121.3498552,29.77114938,海曙区,121.353862,29.769683,浙江省宁波市海曙区鄞江镇水中西路
158,246,246,义乌市江东街道孔村黎明幼儿园,120.0660216,29.26832163,义乌市,120.070713,29.265775,浙江省金华市义乌市江东街道黎明幼儿园(黎明湖路)孔村1区
159,247,247,浙江师范大学附属义乌实验学校,120.0402159,29.33945767,义乌市,120.04499,29.336983,浙江省金华市义乌市北苑街道浙江师范大学附属义乌实验学校
160,249,249,宁波市海曙海光幼儿园,121.5184183,29.85753255,海曙区,121.522549,29.854855,浙江省宁波市海曙区段塘街道海光新都小区海光新都
161,253,253,宁波市海曙区高桥镇博爱幼儿园,121.4958901,29.88143353,海曙区,121.500228,29.879001,浙江省宁波市海曙区高桥镇博爱幼儿园(迎春路)
162,254,254,杭州财税会计学校（杭州财政税务干部学校）,120.1298637,30.29009921,西湖区,120.134641,30.28778,浙江省杭州市西湖区翠苑街道中豪晴园杭州财税会计学校
163,255,255,宁波市海曙区高桥镇新芽幼儿园,121.4997984,29.89315656,海曙区,121.504241,29.890616,浙江省宁波市海曙区高桥镇博爱路海曙区高桥镇新芽幼儿园
164,256,256,宁波市海曙区高桥镇中心初级中学,121.4773567,29.89544927,海曙区,121.461535,29.904863,浙江省宁波市海曙区高桥镇文化路1号宁波市公安局交通警察局海曙大队高桥中队
165,257,257,杭州市西点幼儿园,120.1001804,30.28737665,西湖区,120.105633,30.278852,浙江省杭州市西湖区文新街道杭州西点香樟婴幼园香樟公寓(文三西路)
166,258,258,义乌市东洲第一幼儿园,120.1147147,29.31097732,义乌市,120.119528,29.308467,浙江省金华市义乌市江东街道东洲第一幼儿园
167,260,260,宁波海曙区天天乐幼儿园,121.5162249,29.88953101,海曙区,121.520369,29.887161,浙江省宁波市海曙区望春街道天天乐幼儿园(永丰西路)
168,262,262,宁波市海曙区柳锦幼儿园,121.5250143,29.87303654,海曙区,121.551066,29.859772,浙江省宁波市海曙区江厦街道宁波市海曙区人民政府江厦派出所
169,263,263,宁波市海曙区古林镇同萌幼儿园,121.4351271,29.83385929,海曙区,121.439756,29.831615,浙江省宁波市海曙区古林镇古林派出所同萌幼儿园警务联络点古林金色针织漂染厂
170,264,264,宁波市海曙区高桥镇阳光幼儿园,121.4625676,29.90388304,海曙区,121.461535,29.904863,浙江省宁波市海曙区高桥镇文化路1号宁波市公安局交通警察局海曙大队高桥中队
171,265,265,义乌市北苑街道现代名人花园幼儿园,120.046551,29.315936,义乌市,120.054039,29.327013,浙江省金华市义乌市北苑街道北苑街道北苑街道365便民服务中心
172,266,266,杭州市余杭区万佳宝贝幼儿园,119.9364727,30.28327113,余杭区,119.940839,30.280682,浙江省杭州市余杭区余杭街道芝麻街英语(杭州余杭万佳中心)万佳国际儿童中心
173,267,267,宁波市海曙区石碶洪渡幼儿园,121.4952374,29.82720642,海曙区,121.499146,29.824925,浙江省宁波市海曙区石碶街道石源路洪渡幼儿园
174,269,269,宁波市海曙区心爱心幼儿园,121.4912275,29.88497713,海曙区,121.496098,29.882506,浙江省宁波市海曙区望春街道关爱小区南区
175,270,270,杭州市余杭区太炎小学,119.9285192,30.27973164,余杭区,119.933076,30.277109,浙江省杭州市余杭区余杭街道太炎小学
176,272,272,义乌市廿三里街道麻车塘幼儿园,120.1636016,29.35006914,义乌市,120.1682,29.347551,浙江省金华市义乌市廿三里街道麻车塘幼儿园
177,274,274,宁波市海曙区集士港镇青垫幼儿园,121.4184206,29.85107766,海曙区,121.423016,29.848762,浙江省宁波市海曙区集士港镇青垫幼儿园校园警务青垫幼儿园
178,275,275,宁波市海曙区古林镇蜃蛟小学,121.3990252,29.82045705,海曙区,121.403598,29.81815,浙江省宁波市海曙区古林镇古林镇蜃蛟小学
179,276,276,宁波市市级机关第一幼儿园,121.5346601,29.87510052,海曙区,121.53884,29.872282,浙江省宁波市海曙区月湖街道宁波市市级机关第一幼儿园
180,277,277,杭州市文理小学,120.0686626,30.33548746,西湖区,120.073547,30.333202,浙江省杭州市西湖区三墩镇杭州市文三教育集团文理小学
181,279,279,宁波市海曙区石碶红星学校,121.4804256,29.82678348,海曙区,121.484423,29.824429,浙江省宁波市海曙区石碶街道石碶派出所红星学校治安岗亭海曙区石碶红星小学
182,281,281,义乌市城西街道中心幼儿园,119.9831377,29.2925041,义乌市,119.987129,29.289212,浙江省金华市义乌市城西街道伏龙山路义乌市城西街道中心幼儿园
183,282,282,宁波市红旗幼儿园,121.5377463,29.87929558,海曙区,121.552052,29.876466,浙江省宁波市海曙区鼓楼街道宁波红旗幼儿园屠园小区
184,283,283,宁波市海曙区高桥镇半路庵幼儿园,121.472518,29.89430618,海曙区,121.476809,29.892019,浙江省宁波市海曙区高桥镇秀丰路59号创芯科技园
185,285,285,杭州市西湖区乐迪幼儿园,120.0643388,30.34394532,西湖区,120.069468,30.341461,浙江省杭州市西湖区三墩镇周坪路137号都市阳光乐苑
186,286,286,义乌市江东街道七彩临江幼儿园,120.0742894,29.29221082,义乌市,120.079036,29.289629,浙江省金华市义乌市江东街道七彩临江幼儿园后成1区
187,288,288,杭州市保俶塔实验学校,120.144894,30.27284348,西湖区,120.149441,30.270274,浙江省杭州市西湖区北山街道松木场社区(松木场河东)杭州市保俶塔实验学校
188,289,289,杭州云谷幼儿园,120.1007556,30.25810601,西湖区,120.15507,30.274084,浙江省杭州市拱墅区米市巷街道杭州市人民政府浙江省行政中心二号院
189,290,290,义乌市江东街道彩虹幼儿园,120.0489413,29.25560596,义乌市,120.053464,29.252891,浙江省金华市义乌市江东街道彩虹幼儿园
190,291,291,义乌市江东街道供店幼儿园,120.0391973,29.24513862,义乌市,120.044209,29.242739,浙江省金华市义乌市江东街道江东路佛堂省级旅游度假区(建设中)
191,292,292,杭州市余杭区江南春·闲林山水幼儿园,120.0096901,30.2363345,余杭区,120.014402,30.233867,浙江省杭州市余杭区闲林街道江南春·闲林山水幼儿园莺啼梦晓
192,293,293,杭州市余杭区闲林中心小学,119.9784461,30.22013612,余杭区,119.983022,30.217863,浙江省杭州市余杭区闲林街道闲林中心小学闲林校区
193,294,294,杭州市余杭区白马幼儿园,120.0089646,30.21946664,余杭区,120.013749,30.217011,浙江省杭州市余杭区闲林街道白马山庄花语轩
194,298,298,杭州市西湖区东方幼儿园,120.0879673,30.29037869,西湖区,120.093671,30.280893,浙江省杭州市西湖区文新街道文二西路610号西城广场停车场
195,299,299,义乌市金麟花园幼儿园,120.155804,29.33134033,义乌市,120.160573,29.328826,浙江省金华市义乌市廿三里街道金麟花园
196,300,300,宁波海曙中心小学,121.5393759,29.87700931,海曙区,121.543525,29.874446,浙江省宁波市海曙区鼓楼街道海曙中心小学
197,301,301,宁波市海曙区西成幼儿园,121.5120525,29.8894678,海曙区,121.551066,29.859772,浙江省宁波市海曙区江厦街道宁波市海曙区人民政府江厦派出所
198,305,305,杭州市余杭区瓶窑镇第一小学,119.9655296,30.39429844,余杭区,119.970124,30.391841,浙江省杭州市余杭区瓶窑镇瓶窑镇第一小学
199,306,306,浙江省广播电视大学,120.131911,30.27824655,西湖区,120.137655,30.275617,浙江省杭州市西湖区西溪街道浙江广播电视大学文三数字生活街区
200,307,307,义乌市江东哆哆熊幼儿园,120.1356489,29.315914,义乌市,120.140337,29.31339,浙江省金华市义乌市江东街道通宝路202号哆哆熊幼儿园
201,309,309,杭州西湖风景名胜区龙井幼儿园,120.1182606,30.24659962,西湖区,120.123844,30.255669,浙江省杭州市西湖区灵隐街道杭州道荣高尔夫俱乐部杭州植物园
202,310,310,义乌市廿三里街道中心幼儿园,120.1639818,29.33032882,义乌市,120.168583,29.327774,浙江省金华市义乌市廿三里街道义乌市公安局廿三里派出所廿三里中心幼儿园警务室义乌市廿三里街道中心幼儿园
203,315,315,宁波市海曙区格林美语幼儿园,121.5154274,29.87888102,海曙区,121.520016,29.876404,浙江省宁波市海曙区白云街道宁波市海客汽车修理有限公司宁波市海曙区格林美语幼儿园
204,318,318,义乌市义亭镇中心幼儿园,119.9514036,29.24504003,义乌市,119.955826,29.241955,浙江省金华市义乌市义亭镇义亭镇中心幼儿园
205,319,319,杭州市西湖区紫荆幼儿园,120.0884649,30.29264573,西湖区,120.081351,30.290432,浙江省杭州市西湖区蒋村街道紫霞街11号绿城·西溪诚园
206,320,320,浙江省交通运输厅幼儿园,120.1442091,30.26490396,西湖区,120.149067,30.262612,浙江省杭州市西湖区北山街道浙江省交通运输厅幼儿园
207,321,321,杭州市余杭区良渚第一小学,120.0447669,30.37836188,余杭区,120.04959,30.376012,浙江省杭州市余杭区良渚街道良渚荀山花苑良渚第一小学
208,323,323,杭州市西湖区文苑幼儿园,120.089147,30.28103808,西湖区,120.088144,30.279205,浙江省杭州市西湖区文新街道登新公寓
209,324,324,宁波市海曙区高桥镇新安幼儿园,121.4901803,29.91017064,海曙区,121.49456,29.907761,浙江省宁波市海曙区高桥镇高桥派出所执勤点高桥镇新安幼儿园
210,325,325,义乌市后宅杜元幼儿园,120.0596081,29.36473748,义乌市,120.064407,29.362305,浙江省金华市义乌市后宅街道杜元幼儿园杜元小区
211,326,326,宁波市海曙区集士港镇中心幼儿园,121.4266443,29.86606095,海曙区,121.430879,29.863744,浙江省宁波市海曙区集士港镇集士港镇中心幼儿园
212,328,328,义乌市北苑金典幼儿园,120.0234318,29.31570456,义乌市,120.0281,29.3131,浙江省金华市义乌市北苑街道金典幼儿园畈东小区
213,329,329,宁波市海曙区古林镇西洋港幼儿园,121.4234639,29.82809278,海曙区,121.428046,29.825933,浙江省宁波市海曙区古林镇西洋港幼儿园
214,330,330,宁波市海曙区高桥镇西堤阳光幼儿园,121.4806097,29.88282977,海曙区,121.484941,29.880194,浙江省宁波市海曙区高桥镇西堤阳光39号楼西堤阳光
215,331,331,宁波市海曙区高桥镇青苹果幼儿园,121.4959358,29.90658813,海曙区,121.500363,29.904299,浙江省宁波市海曙区高桥镇青苹果幼儿园校园警务室鄞县高桥镇新安村青苹果幼儿园
216,332,332,杭州市余杭区未来科技城维翰幼儿园,120.0228178,30.27543267,余杭区,119.979474,30.274098,浙江省杭州市余杭区仓前街道文一西路1521号杭州市余杭区人民政府
217,333,333,宁波市海曙区德英乐幼儿园,121.5541249,29.86828196,海曙区,121.551066,29.859772,浙江省宁波市海曙区江厦街道宁波市海曙区人民政府江厦派出所
218,334,334,杭州青年专修学院,120.1157006,30.27764725,西湖区,120.120937,30.276025,浙江省杭州市西湖区翠苑街道康新花园B座康新花园
219,335,335,义乌市稠江街道象山幼儿园,119.9980085,29.27386954,义乌市,120.002609,29.271184,浙江省金华市义乌市稠江街道象山幼儿园
220,336,336,义乌市苏溪新岸幼儿园,120.1307172,29.41457608,义乌市,120.135467,29.412122,浙江省金华市义乌市苏溪镇新岸幼儿园
221,337,337,宁波市海曙区石碶街道阳光丽园幼儿园,121.4946685,29.82487754,海曙区,121.499007,29.822445,浙江省宁波市海曙区石碶街道雅戈尔大道375号阳光丽园南区
222,341,341,杭州市大禹路小学,120.0789165,30.33078385,西湖区,120.083746,30.328559,浙江省杭州市西湖区三墩镇紫金港湾杭州市大禹路小学
223,343,343,义乌市稠城街道太阳人幼儿园,120.0669768,29.29910451,义乌市,120.071284,29.295587,浙江省金华市义乌市稠城街道稠州中路393号义乌市机关实验幼儿园
224,344,344,义乌市爱伦宝群星幼儿园,120.0525971,29.31511234,义乌市,120.075058,29.306841,浙江省金华市义乌市稠城街道义乌市义乌市政府大楼
225,345,345,宁波市海曙区中原艺术幼儿园,121.5314289,29.87689598,海曙区,121.535637,29.87436,浙江省宁波市海曙区南门街道郎官社区(咏归路)郎官社区东区
226,346,346,宁波市海曙区莓茜伊顿幼儿园有限公司,121.500346,29.82856712,海曙区,121.551066,29.859772,浙江省宁波市海曙区江厦街道宁波市海曙区人民政府江厦派出所
227,347,347,宁波市市级机关第二幼儿园,121.5469119,29.87859828,海曙区,121.551152,29.876167,浙江省宁波市海曙区鼓楼街道屠园小区宁波市机关第二幼儿园
228,351,351,宁波市海曙区鄞江镇中心初级中学,121.3506746,29.76350865,海曙区,121.355182,29.760704,浙江省宁波市海曙区鄞江镇鄞江镇初级中学
229,352,352,杭州市西湖区和家园幼儿园,120.0588001,30.23824865,西湖区,120.063654,30.235954,浙江省杭州市西湖区留下街道杭州西湖风景名胜区杭州市西湖区和家园幼儿园
230,354,354,义乌市金鹰实验学校,120.040847,29.29700079,义乌市,120.044843,29.294179,浙江省金华市义乌市稠江街道金鹰实验学校
231,355,355,宁波市海曙区集士港镇利华幼儿园,121.4389704,29.90157632,海曙区,121.443409,29.89923,浙江省宁波市海曙区集士港镇利华幼儿园
232,356,356,杭州市余杭区社区学院（杭州市余杭区商贸职业高级中学）,120.3096931,30.42322419,余杭区,120.314773,30.4208,浙江省杭州市临平区南苑街道新安新秀家园(北二区)杭州市临平区社区学院
233,357,357,杭州市余杭区良山学校,120.0809703,30.35345127,余杭区,120.293164,30.367286,浙江省杭州市临平区乔司街道良山学校
234,360,360,义乌市稠城中心幼儿园,120.0754959,29.30760253,义乌市,120.080299,29.305092,浙江省金华市义乌市稠城街道义乌市稠城中心幼儿园
235,363,363,义乌市北苑街道厚富幼儿园,120.059404,29.34819351,义乌市,120.064037,29.345663,浙江省金华市义乌市北苑街道厚富幼儿园厚富小区南区
236,364,364,宁波市海曙区高桥镇博泽学校,121.4970821,29.87745618,海曙区,121.501644,29.875346,浙江省宁波市海曙区高桥镇迎春路288号高桥镇博泽学校
237,365,365,义乌市江东街道青口幼儿园,120.1252592,29.31549667,义乌市,120.129905,29.313015,浙江省金华市义乌市江东街道青口幼儿园青口东区
238,366,366,义乌市廿三里街道娃哈哈幼儿园,120.1676617,29.32798843,义乌市,120.172513,29.325193,浙江省金华市义乌市廿三里街道盘溪路47号娃哈哈幼儿园
239,367,367,宁波华茂幼儿园,121.5074164,29.82423838,海曙区,121.707536,29.956959,浙江省宁波市镇海区招宝山街道大西门路132号西门幼儿园(风龙路)
240,368,368,宁波市鄞江中学,121.3583774,29.78448106,海曙区,121.362608,29.781903,浙江省宁波市海曙区鄞江镇鄞江镇派出所鄞江中学校园警务室鄞江中学
241,370,370,杭州市文溪中学,120.0524186,30.28254101,西湖区,120.057063,30.280964,浙江省杭州市西湖区蒋村街道春申街文溪中学
242,371,371,宁波市中山艺术幼儿园,121.5426571,29.88112181,海曙区,121.546511,29.878518,浙江省宁波市海曙区鼓楼街道西河街5号中山艺术幼儿园
243,372,372,宁波市海曙区古林镇蓝天幼儿园,121.4319829,29.83296846,海曙区,121.435704,29.83524,浙江省宁波市海曙区古林镇古林镇人民政府古林派出所
244,374,374,杭州余杭区西城幼儿园,120.084776,30.34390613,余杭区,120.089903,30.341455,浙江省杭州市余杭区良渚街道金昌路金家渡中苑
245,375,375,义乌市江东街道世纪阳光幼儿园,120.0421677,29.2716619,义乌市,120.04757,29.269051,浙江省金华市义乌市江东街道世纪阳光幼儿园(塔下洲社区卫生服务站西北)塔下洲A3区
246,376,376,义乌市江东街道展苑幼儿园,120.1316618,29.31727289,义乌市,120.136144,29.314629,浙江省金华市义乌市江东街道清溪东路29号展苑幼儿园
247,377,377,义乌市宾王小学教育集团,120.0934747,29.32315359,义乌市,120.097738,29.321212,浙江省金华市义乌市稠城街道宾王小学教育集团
248,378,378,义乌市后宅街道神舟幼儿园,120.0547674,29.35586224,义乌市,120.059747,29.353484,浙江省金华市义乌市后宅街道神舟路225号
249,380,380,国家海洋局第二海洋研究所,120.1352466,30.28207176,西湖区,120.139626,30.279501,浙江省杭州市西湖区西溪街道国家海洋局第二海洋研究所自然资源部第二海洋研究所
250,381,381,宁波市海曙区集士港镇爱心幼儿园,121.4666552,29.879393,海曙区,121.445158,29.861745,浙江省宁波市海曙区集士港镇集士港镇城投大厦
251,383,383,义乌市后宅街道曹村幼儿园,120.015697,29.37659599,义乌市,120.020263,29.374301,浙江省金华市义乌市后宅街道曹村幼儿园
252,387,387,杭州市西湖区凯乐幼儿园,120.0793656,30.17491837,西湖区,120.08415,30.172649,浙江省杭州市西湖区转塘街道杭州西湖风景名胜区翠庄文化艺术村(暂停营业)
253,388,388,宁波市海曙区高桥镇东星幼儿园,121.4777817,29.89538179,海曙区,121.481931,29.892982,浙江省宁波市海曙区高桥镇中山西路东星幼儿园
254,389,389,宁波市海曙区集士港镇广德学校,121.425544,29.86815319,海曙区,121.429965,29.866217,浙江省宁波市海曙区集士港镇集士西路152号集士港社区教育学院
255,392,392,宁波市海曙胜丰幼儿园,121.5236928,29.88401155,海曙区,121.528042,29.881542,浙江省宁波市海曙区西门街道胜丰社区
256,394,394,宁波市海曙区古林镇福娃幼儿园,121.5002995,29.85197687,海曙区,121.50462,29.849532,浙江省宁波市海曙区古林镇宁波市三江业余艺术学校分校古林镇福娃幼儿园
257,396,396,杭州市余杭区南安幼儿园,119.9362295,30.2715725,余杭区,119.940365,30.268667,浙江省杭州市余杭区余杭街道中园花苑(二期)余杭区凤欣幼儿园南安园区
258,400,400,义乌市江东街道青岩刘幼儿园,120.08475,29.28901678,义乌市,120.089482,29.28661,浙江省金华市义乌市江东街道青岩刘幼儿园青岩刘B区
259,401,401,浙江省级机关保俶幼儿园,120.1458658,30.26742426,西湖区,120.150596,30.265111,浙江省杭州市西湖区北山街道浙江省省级机关保俶幼儿园
260,402,402,义乌市大成中学,120.0158987,29.20117229,义乌市,120.021687,29.198228,浙江省金华市义乌市佛堂镇大成中学
261,403,403,义乌市德胜小学,120.0577718,29.37416001,义乌市,120.075058,29.306841,浙江省金华市义乌市稠城街道义乌市义乌市政府大楼
262,404,404,宁波市海曙区国骅东方幼儿园,121.5019459,29.82673998,海曙区,121.506098,29.824212,浙江省宁波市海曙区石碶街道国骅东方幼儿园雅渡新村
263,406,406,义乌市廿三里街道蓝天幼儿园,120.1673079,29.32691415,义乌市,120.171885,29.324302,浙江省金华市义乌市廿三里街道蓝天幼儿园(镇南西路)
264,407,407,杭州市余杭卫生中等专业学校,120.2897459,30.43276387,余杭区,120.294333,30.429949,浙江省杭州市临平区临平街道宁波大学卫生职业技术学院余杭教学点杭州市余杭区卫生进修学校
265,408,408,杭州市西湖区古荡幼儿园,120.1133105,30.27722312,西湖区,120.118099,30.274968,浙江省杭州市西湖区古荡街道杭州市西湖区古荡幼儿园
266,410,410,义乌市佛堂贝贝幼儿园,120.0065277,29.20676763,义乌市,120.011208,29.204101,浙江省金华市义乌市佛堂镇渡磬北路42号佛堂省级旅游度假区(建设中)
267,412,412,浙江科技学院,120.0198195,30.22464565,西湖区,120.024421,30.218984,浙江省杭州市西湖区留下街道浙江科技学院小和山校区
268,413,413,宁波市海曙区四明山经典学校,121.1559207,29.76942357,海曙区,121.397376,29.883122,浙江省宁波市海曙区集士港镇四明山村村委会
269,414,414,浙江省杭州学军中学,120.1348901,30.28069745,西湖区,120.139277,30.278356,浙江省杭州市西湖区西溪街道浙江大学西溪校区北园杭州学军中学西溪校区
270,415,415,义乌市江东街道米朗幼儿园,120.0632188,29.28165338,义乌市,120.067979,29.279179,浙江省金华市义乌市江东街道米朗幼儿园下傅小区
271,416,416,杭州市余杭区彭公中心幼儿园,119.9186855,30.41124228,余杭区,119.922995,30.408775,浙江省杭州市余杭区瓶窑镇彭公中心幼儿园
272,417,417,义乌市南环幼儿园,120.0815202,29.28620528,义乌市,120.08609,29.283856,浙江省金华市义乌市江东街道南环幼儿园
273,418,418,义乌市江东街道金喇叭幼儿园,120.034847,29.24253549,义乌市,120.039601,29.23967,浙江省金华市义乌市江东街道江东路佛堂省级旅游度假区(建设中)
274,422,422,义乌市北苑乖宝宝幼儿园,120.056663,29.335159,义乌市,120.061492,29.332728,浙江省金华市义乌市北苑街道乖宝宝幼儿园(九号路)春晗3区
275,423,423,义乌市大陈镇东塘幼儿园,120.167599,29.500024,义乌市,120.129884,29.452642,浙江省金华市义乌市大陈镇大陈镇大陈镇人民政府
276,425,425,杭州市西湖区翠苑第三幼儿园,120.1161812,30.29270714,西湖区,120.120852,30.290499,浙江省杭州市西湖区翠苑街道文一路206-2号翠苑第三幼儿园
277,426,426,杭州市西湖区天虹幼儿园,120.086791,30.31502861,西湖区,120.091536,30.312714,浙江省杭州市西湖区三墩镇紫荆花北路288号天虹公寓南区
278,429,429,义乌市佛堂华诗丽娃幼儿园,120.020329,29.207121,义乌市,120.02491,29.20494,浙江省金华市义乌市佛堂镇凤凰名城小区义乌市佛堂华诗丽娃幼儿园
279,430,430,德清县钟管镇中心幼儿园,120.1838837,30.64940733,德清县,120.18854,30.647194,浙江省湖州市德清县钟管镇寺前路159号钟管镇中心学校
280,431,431,义乌市北苑街道佳爱幼儿园,120.046515,29.321769,义乌市,120.050803,29.319103,浙江省金华市义乌市北苑街道佳爱幼儿园
281,435,435,义乌市江东蓝星幼儿园,120.049598,29.244533,义乌市,120.05445,29.24189,浙江省金华市义乌市江东街道徐佛线佛堂省级旅游度假区(建设中)
282,436,436,杭州市西湖区蓝精灵幼儿园,120.12295,30.123148,西湖区,120.127618,30.121023,浙江省杭州市西湖区双浦镇杭州郑洲画室西湖区蓝精灵幼儿园
283,438,438,杭州市余杭区小林中心小学,120.248453,30.430955,余杭区,120.253357,30.427844,浙江省杭州市临平区临平街道小林中心小学
284,439,439,杭州市余杭区良渚荀梓幼儿园,120.044131,30.384654,余杭区,120.04922,30.382137,浙江省杭州市余杭区良渚街道荀梓幼儿园
285,440,440,杭州市周浦小学,120.0687004,30.1028062,西湖区,120.073327,30.099865,浙江省杭州市西湖区双浦镇杭州市周浦小学
286,442,442,杭州市余杭区中泰中心小学,119.921249,30.241245,余杭区,119.925602,30.239615,浙江省杭州市余杭区中泰街道中泰中心小学
287,443,443,德清县雷甸镇初级中学,120.1375005,30.52040473,德清县,120.142301,30.51803,浙江省湖州市德清县雷甸镇新大街183号雷甸镇初级中学
288,445,445,杭州市余杭区运河中学,120.29605,30.487136,余杭区,120.299397,30.484952,浙江省杭州市临平区运河街道运河中学
289,446,446,德清县禹越镇徐家庄中心小学,120.2644264,30.52269691,德清县,120.268534,30.520203,浙江省湖州市德清县禹越镇徐家庄中心幼儿园
290,447,447,义乌市江东星星幼儿园,120.035564,29.257273,义乌市,120.040206,29.254757,浙江省金华市义乌市江东街道星星幼儿园
291,448,448,义乌市稠州中学教育集团,120.0674953,29.3000215,义乌市,120.07237,29.297639,浙江省金华市义乌市稠城街道民主路190号义乌市稠州中学教育集团(民主路校区)
292,450,450,杭州绿城育华小学,120.0820373,30.28968642,西湖区,120.086338,30.290406,浙江省杭州市西湖区蒋村街道文一西路532号绿城教育
293,452,452,宁波神舟学校,121.44992,29.839286,海曙区,121.454437,29.836965,浙江省宁波市海曙区集士港镇杉杉大道2号宁波神舟学校
294,453,453,义乌市江东街道江南幼儿园,120.06936,29.288961,义乌市,120.074113,29.286646,浙江省金华市义乌市江东街道江南幼儿园
295,454,454,义乌市福田前店幼儿园,120.100211,29.383289,义乌市,120.104862,29.380811,浙江省金华市义乌市福田街道前店幼儿园
296,455,455,义乌市大陈镇中心幼儿园,120.109604,29.457634,义乌市,120.09835,29.463151,浙江省金华市义乌市大陈镇梅坞花苑小区大陈第一幼儿园
297,456,456,杭州万向职业技术学院,120.0709364,30.25486257,西湖区,120.073946,30.253491,浙江省杭州市西湖区留下街道农业学校杭州万向职业技术学院(1号校区)
298,457,457,杭州市余杭区西溪华东园幼儿园,120.013225,30.251441,余杭区,120.018088,30.249216,浙江省杭州市余杭区闲林街道西溪华东园幼儿园西溪华东园
299,458,458,杭州市星洲小学,120.0885092,30.2911747,西湖区,120.093329,30.289401,浙江省杭州市西湖区文新街道星洲花园(南区)杭州市星洲小学
300,460,460,德清县乾元镇中心小学,120.0759313,30.55520509,德清县,120.079934,30.551523,浙江省湖州市德清县乾元镇德清公安乾元镇第二幼儿园警务站
301,462,462,义乌市稠城街道蒲公英幼儿园,120.082959,29.322199,义乌市,120.088128,29.319689,浙江省金华市义乌市稠城街道义乌拉面(工人北路)蒲公英幼儿园(工人北路)
302,464,464,德清县新市镇初级中学,120.2727831,30.61900557,德清县,120.27686,30.617419,浙江省湖州市德清县新市镇文昌路163号新市镇初级中学
303,466,466,义乌市稠江街道颖颖幼儿园,120.031627,29.272819,义乌市,120.036307,29.270205,浙江省金华市义乌市稠江街道颖颖幼儿园(稠岭线)新屋一区
304,468,468,杭州市西湖职业高级中学,120.0784606,30.16160642,西湖区,120.08323,30.159164,浙江省杭州市西湖区转塘街道珊瑚沙路杭州市西湖职业高级中学(南区)
305,470,470,杭州市余杭区南苑舒心幼儿园,120.282247,30.410472,余杭区,120.273985,30.402474,浙江省杭州市临平区南苑街道杭州市余杭区南苑舒心幼儿园(藕花洲大街)浙江中升锦澳汽车销售服务有限公司
306,472,472,宁波市海曙区石碶街道城南公馆幼儿园,121.504875,29.827889,海曙区,121.50927,29.825562,浙江省宁波市海曙区石碶街道石碶社区人民调解委员会石碶街道城南公馆幼儿园
307,474,474,义乌市赤岸镇启明星幼儿园,120.027619,29.146829,义乌市,120.032244,29.14404,浙江省金华市义乌市赤岸镇雪峰路4号启明星幼儿园
308,476,476,杭州市西湖区袁浦幼儿园,120.1195603,30.1169801,西湖区,120.124196,30.114783,浙江省杭州市西湖区双浦镇袁浦街242号袁浦幼儿园小江分园
309,477,477,义乌市稠城街道新艺幼儿园,120.096082,29.32268,义乌市,120.100738,29.320126,浙江省金华市义乌市稠城街道新艺幼儿园(中厦国际广场A座东南)兴中小区
310,478,478,杭州市余杭区闲林中学,119.977934,30.222432,余杭区,119.981578,30.219322,浙江省杭州市余杭区闲林街道闲林中学
311,479,479,杭州市紫荆花学校,120.099991,30.28640715,西湖区,120.10473,30.283989,浙江省杭州市西湖区文新街道金成花园杭州市紫荆花学校
312,481,481,义乌市夏演小学,119.963767,29.294695,义乌市,119.968489,29.292552,浙江省金华市义乌市城西街道夏演小学
313,483,483,德清县新市镇士林中心幼儿园,120.1954932,30.59420686,德清县,120.277847,30.616035,浙江省湖州市德清县新市镇新市镇新市镇人民政府
314,484,484,杭州市余杭区乾元中心小学,120.268169,30.457634,余杭区,120.272646,30.455195,浙江省杭州市临平区临平街道乾元路100号乾元中心小学
315,485,485,义乌市江东南洲幼儿园,120.056539,29.263211,义乌市,120.061321,29.260053,浙江省金华市义乌市江东街道翠堤路
316,486,486,杭州市余杭区仁和第一幼儿园,120.08239,30.447804,余杭区,120.087882,30.44555,浙江省杭州市余杭区仁和街道求学路余杭区仁和第一幼儿园獐山园区
317,487,487,杭州市余杭区良渚金凤凰幼儿园,120.091091,30.383624,余杭区,120.095931,30.381288,浙江省杭州市余杭区良渚街道杭州金凤凰幼儿园
318,489,489,德清县禹越镇高桥中心小学,120.2844627,30.55970622,德清县,120.287531,30.554318,浙江省湖州市德清县禹越镇新兴街高桥中心小学
319,490,490,杭州市余杭区林苑学校,120.301185,30.463389,余杭区,120.303866,30.459221,浙江省杭州市临平区运河街道南棚口社区林苑学校
320,491,491,杭州市西湖区新天地幼儿园,120.07139,30.31697,西湖区,120.076273,30.314796,浙江省杭州市西湖区三墩镇振华路197号怡莱精品酒店(杭州浙大紫金港店)
321,493,493,杭州市余杭区汀洲学校,120.303099,30.425456,余杭区,120.30738,30.423647,浙江省杭州市临平区东湖街道杭州市余杭区汀洲学校余杭区临平第三幼儿园(朝阳分园)
322,495,495,义乌市城西街道新江村幼儿园,119.995573,29.319082,义乌市,120.000222,29.316522,浙江省金华市义乌市城西街道新江村幼儿园
323,496,496,宁波市海曙区古林镇西湖花园幼儿园,121.507416,29.856366,海曙区,121.51287,29.855099,浙江省宁波市海曙区古林镇通达路583号西湖花园(通达路)
324,497,497,杭州市余杭区崇贤中学,120.160297,30.388228,余杭区,120.165052,30.386667,浙江省杭州市临平区崇贤街道崇贤中学
325,498,498,杭州市余杭区乔司三角幼儿园,120.280112,30.333241,余杭区,120.284689,30.330944,浙江省杭州市临平区乔司街道乔司镇三角幼儿园长三角数字科创园
326,500,500,德清县洛舍镇中心幼儿园,120.080841,30.6376041,德清县,120.085463,30.63538,浙江省湖州市德清县洛舍镇洛舍镇中心幼儿园
327,501,501,宁波市海曙区高桥镇联升佳苑幼儿园,121.472526,29.881117,海曙区,121.4778,29.878751,浙江省宁波市海曙区高桥镇高桥镇联升佳苑幼儿园
328,504,504,宁波市海曙区东方幼儿园,121.532838,29.858227,海曙区,121.506098,29.824212,浙江省宁波市海曙区石碶街道国骅东方幼儿园雅渡新村
329,506,506,义乌市上溪镇云门幼儿园,119.930156,29.285681,义乌市,119.934525,29.28287,浙江省金华市义乌市上溪镇上溪二村村委会云门幼儿园
330,508,508,义乌市福田起点幼儿园,120.085813,29.337487,义乌市,120.090763,29.333882,浙江省金华市义乌市稠城街道起点幼儿园兴港小区
331,511,511,杭州市余杭区星桥中学,120.254052,30.397805,余杭区,120.258961,30.394875,浙江省杭州市临平区星桥街道星桥中学(星源路)
332,512,512,义乌市稠江街道福颖幼儿园,120.053884,29.297324,义乌市,120.058134,29.293472,浙江省金华市义乌市稠江街道江滨西路991号福颖幼儿园
333,515,515,义乌市北苑路北幼儿园,120.067686,29.335561,义乌市,120.07231,29.333097,浙江省金华市义乌市北苑街道北苑街道路北幼儿园春晗2区
334,517,517,义乌市上溪镇上楼宅幼儿园,119.934606,29.261542,义乌市,119.93917,29.258802,浙江省金华市义乌市上溪镇上季线上溪镇上楼宅幼儿园
335,521,521,杭州市余杭区塘栖镇第三中学,120.190934,30.472008,余杭区,120.195068,30.470746,浙江省杭州市临平区塘栖镇杭州市塘栖第三中学
336,522,522,杭州市乔司职业高级中学,120.287923,30.355836,余杭区,120.292974,30.354028,浙江省杭州市临平区乔司街道杭州市乔司职业高级中学
337,524,524,义乌市城西街道夏演幼儿园,119.966192,29.295672,义乌市,119.970818,29.292915,浙江省金华市义乌市城西街道夏演幼儿园
338,526,526,宁波市海曙区龙观乡中心学校,121.308932,29.767932,海曙区,121.313156,29.766455,浙江省宁波市海曙区龙观乡新潮路梅树小区
339,527,527,杭州市余杭区南苑街道中心幼儿园,120.304767,30.376457,余杭区,120.309444,30.374404,浙江省杭州市临平区南苑街道南苑街道中心幼儿园
340,529,529,义乌市稠江大路金成红幼儿园,120.026788,29.285876,义乌市,120.031554,29.283322,浙江省金华市义乌市稠江街道戚继光路606号大路金成红幼儿园
341,530,530,义乌市佛堂镇佛堂小学,120.011022,29.197326,义乌市,120.015281,29.195528,浙江省金华市义乌市佛堂镇佛堂小学
342,531,531,宁波市海曙区石碶街道中心幼儿园,121.504412,29.811407,海曙区,121.508866,29.808792,浙江省宁波市海曙区石碶街道万泉路26号石碶街道中心幼儿园
343,532,532,宁波市海曙区田莘耕中学,121.501418,29.835166,海曙区,121.505804,29.832449,浙江省宁波市海曙区石碶街道塘西中路474号海曙区田莘耕中学
344,533,533,义乌市江东街道方舟幼儿园,120.082664,29.293864,义乌市,120.087368,29.291506,浙江省金华市义乌市江东街道艾迪儿亲子早教越阳2区
345,535,535,义乌市大陈镇楂林小学,120.136169,29.474382,义乌市,120.140501,29.472635,浙江省金华市义乌市大陈镇楂林中心小学
346,536,536,宁波市范桂馥小学,121.5180029,29.87557565,海曙区,121.522955,29.873029,浙江省宁波市海曙区白云街道宁波市范桂馥小学
347,537,537,杭州市余杭区径山镇潘板中心小学,119.873403,30.376393,余杭区,119.87769,30.373949,浙江省杭州市余杭区径山镇毛陶线余杭区径山镇潘板中心小学
348,539,539,义乌市宾王中学,120.088441,29.324881,义乌市,120.094451,29.323378,浙江省金华市义乌市稠城街道宗泽路211号义乌市宾王中学
349,540,540,杭州市余杭区崇贤第二小学,120.147212,30.405979,余杭区,120.152069,30.403427,浙江省杭州市临平区崇贤街道杭州市临平区崇贤第二小学(独山校区)
350,543,543,宁波市海曙第二外国语学校,121.53708,29.878871,海曙区,121.541174,29.876416,浙江省宁波市海曙区鼓楼街道文昌街9号海曙第二外国语学校
351,544,544,德清县钟管镇中心学校,120.185379,30.65084046,德清县,120.18915,30.649365,浙江省湖州市德清县钟管镇钟管镇中心学校
352,545,545,德清县乾元镇清溪小学,120.0845384,30.55047986,德清县,120.089386,30.548304,浙江省湖州市德清县乾元镇县东街52号清溪小学
353,546,546,杭州市余杭区运河五洋幼儿园,120.267659,30.498645,余杭区,120.273644,30.495144,浙江省杭州市临平区运河街道解放路五洋幼儿园
354,547,547,宁波市海曙外国语学校,121.520049,29.900746,海曙区,121.525656,29.897973,浙江省宁波市海曙区望春街道宁波市海曙外国语学校
355,548,548,德清县禹越镇徐家庄中心幼儿园,120.2646425,30.52240639,德清县,120.268883,30.520094,浙江省湖州市德清县禹越镇徐家庄中心幼儿园
356,552,552,杭州市袁浦小学,120.1164813,30.11727728,西湖区,120.121126,30.114204,浙江省杭州市西湖区双浦镇袁浦小学
357,556,556,义乌市佛堂镇幼儿园,120.027781,29.206086,义乌市,120.032351,29.2035,浙江省金华市义乌市佛堂镇佛画线佛堂镇幼儿园
358,558,558,杭州市余杭区金成外国语小学,120.007659,30.237669,余杭区,120.168549,30.24234,浙江省杭州市上城区清波街道杭州市勇进中学杭州市清泰实验学校
359,559,559,义乌市江东街道宗塘幼儿园,120.099868,29.298799,义乌市,120.10731,29.299093,浙江省金华市义乌市江东街道宗塘幼儿园
360,561,561,杭州市余杭区实验小学,120.301967,30.418128,余杭区,120.3062,30.416333,浙江省杭州市临平区南苑街道临平区实验小学
361,563,563,义乌市后宅中学,120.053777,29.377457,义乌市,120.057919,29.376138,浙江省金华市义乌市后宅街道义乌市后宅中学
362,565,565,义乌市城西万商华府幼儿园,119.976245,29.29845,义乌市,119.980812,29.295723,浙江省金华市义乌市城西街道万商华府幼儿园万商华府
363,567,567,宁波荣安实验中学,121.514668,29.862147,海曙区,121.518965,29.859117,浙江省宁波市海曙区望春街道宁波荣安实验中学
364,568,568,义乌市义亭贝贝星幼儿园,119.981588,29.244087,义乌市,119.986164,29.241253,浙江省金华市义乌市义亭镇贝贝星幼儿园
365,569,569,杭州市西溪中学,120.0858051,30.27776133,西湖区,120.090217,30.275648,浙江省杭州市西湖区文新街道登云圩社区杭州市第十五中学西溪中学
366,570,570,杭州市余杭区百丈镇中心幼儿园,119.725496,30.527299,余杭区,119.730452,30.524885,浙江省杭州市余杭区百丈镇百祥街百丈镇中心幼儿园
367,573,573,义乌市稠城街道保联幼儿园,120.072262,29.298971,义乌市,120.077192,29.296661,浙江省金华市义乌市稠城街道保联幼儿园稠州公园
368,575,575,德清县三合中心学校,120.0300032,30.47778228,德清县,120.03484,30.47554,浙江省湖州市德清县下渚湖街道德清县三合中心学校
369,577,577,宁波市海曙区洞桥镇宁锋小学,121.409376,29.759544,海曙区,121.413725,29.757437,浙江省宁波市海曙区洞桥镇潘沙路1158号洞桥镇宁锋小学
370,578,578,宁波市华天小学,121.5135929,29.86945547,海曙区,121.517876,29.866974,浙江省宁波市海曙区白云街道环城西路南段318号华天小学
371,579,579,德清县新安镇下舍中心学校,120.1794115,30.55266922,德清县,120.184299,30.550065,浙江省湖州市德清县新安镇德清公安下舍中心学校警务站下舍中心学校
372,580,580,杭州市余杭区塘栖第二中学,120.185057,30.483259,余杭区,120.190268,30.480809,浙江省杭州市临平区塘栖镇塘栖嘉园小区塘栖第二中学
373,583,583,杭州市西湖高级中学,120.0563406,30.24510706,西湖区,120.061412,30.241318,浙江省杭州市西湖区留下街道杭州市西湖高级中学
374,584,584,杭州市余杭区绿城育华瑞和幼儿园,120.046589,30.369431,余杭区,120.051514,30.367011,浙江省杭州市余杭区良渚街道立周路绿城育华瑞和幼儿园
375,585,585,杭州市余杭区仁和中心小学,120.083216,30.447911,余杭区,120.08592,30.48111,浙江省杭州市余杭区仁和街道余杭区仁和中心小学永泰校区
376,586,586,杭州西子实验学校,120.0512339,30.13066238,西湖区,120.138295,30.265694,浙江省杭州市西湖区灵隐街道杭州西子实验学校(城区部)杭州市陈经纶体育学校
377,587,587,义乌市稠江中心幼儿园,120.040505,29.303252,义乌市,120.045227,29.300909,浙江省金华市义乌市稠江街道枫华路100号义乌市稠江中心幼儿园
378,588,588,杭州市余杭区苕溪幼儿园,119.947727,30.26337,余杭区,119.952877,30.260913,浙江省杭州市余杭区余杭街道余杭区苕溪幼儿园苕溪园区
379,590,590,宁波市海曙区莲桥第幼儿园,121.547493,29.866596,海曙区,121.551658,29.864037,浙江省宁波市海曙区江厦街道莲桥第幼儿园莲桥园区莲桥第
380,592,592,德清县新市镇第一幼儿园,120.2894531,30.61630656,德清县,120.294164,30.613997,浙江省湖州市德清县新市镇健康路11号德清县新市镇第一幼儿园
381,593,593,杭州市余杭区大观山幼儿园,119.974592,30.396729,余杭区,119.979353,30.394718,浙江省杭州市余杭区瓶窑镇华兴路大观山幼儿园
382,594,594,杭州市余杭区三之三闲湖城幼儿园,119.986869,30.22394,余杭区,119.991274,30.221149,浙江省杭州市余杭区闲林街道闲林中路杭州市余杭区3之3闲湖城幼儿园
383,595,595,杭州市余杭区良福幼儿园,120.277642,30.384199,余杭区,120.282311,30.381901,浙江省杭州市临平区乔司街道孟家村
384,597,597,义乌市宾王幼儿园,120.088318,29.323588,义乌市,120.092882,29.321162,浙江省金华市义乌市稠城街道义乌市宾王幼儿园
385,598,598,义乌市北苑街道万里幼儿园,120.029948,29.3057,义乌市,120.034952,29.303252,浙江省金华市义乌市北苑街道万里幼儿园留雅小区
386,600,600,杭州市余杭区乔司第二幼儿园,120.277526,30.394642,余杭区,120.281817,30.392361,浙江省杭州市临平区乔司街道乔司第二幼儿园(世纪园店)良熟新苑
387,601,601,义乌市江东街道嘉鸿幼儿园,120.091563,29.308938,义乌市,120.096317,29.306497,浙江省金华市义乌市江东街道嘉鸿路200号嘉鸿幼儿园(江东园)
388,604,604,义乌市城西街道益公山幼儿园,119.979597,29.294116,义乌市,119.984799,29.291687,浙江省金华市义乌市城西街道益公山幼儿园
389,607,607,义乌市江东启航幼儿园,120.110226,29.311164,义乌市,120.115006,29.308745,浙江省金华市义乌市江东街道站溪第二分园启航幼儿园鲇溪第二分园
390,608,608,义乌市稠江街道启苗幼儿园,120.058191,29.302318,义乌市,120.062653,29.299711,浙江省金华市义乌市稠江街道国武武馆启苗幼儿园(宏迪路)
391,609,609,杭州市余杭区临平第三幼儿园,120.297898,30.423457,余杭区,120.298975,30.420657,浙江省杭州市临平区临平街道木桥浜路176号杭州市临平区第三幼儿园
392,610,610,杭州市余杭区良渚田园幼儿园,120.09725,30.372675,余杭区,120.102119,30.37014,浙江省杭州市余杭区良渚街道行宫塘新苑·西区田园幼儿园
393,611,611,义乌市大陈镇婷婷幼儿园,120.124528,29.446394,义乌市,120.128917,29.444002,浙江省金华市义乌市大陈镇苏八公路
394,612,612,义乌市北苑街道小红花幼儿园,120.043852,29.344402,义乌市,120.048577,29.341958,浙江省金华市义乌市北苑街道小红花幼儿园(柳莺路)柳青1区
395,613,613,义乌市江湾小学,120.022995,29.265234,义乌市,120.027102,29.262128,浙江省金华市义乌市稠江街道义乌市江湾小学校务监督委员会江湾小学
396,614,614,义乌市东河小学,119.986635,29.311625,义乌市,119.99116,29.308695,浙江省金华市义乌市城西街道义乌市公安局城西派出所东河小学警务联络室东河小学
397,615,615,宁波市海曙区启新幼托园,121.52841,29.855282,海曙区,121.551066,29.859772,浙江省宁波市海曙区江厦街道宁波市海曙区人民政府江厦派出所
398,616,616,杭州市余杭区星桥第二小学,120.259663,30.385184,余杭区,120.264136,30.382803,浙江省杭州市临平区星桥街道杭州市余杭区星桥第二小学杭州市临平区星桥第二小学
399,617,617,杭州市余杭区安溪幼儿园,120.009069,30.405983,余杭区,120.011325,30.404594,浙江省杭州市余杭区良渚街道安溪幼儿园余杭区安溪幼儿园总园
400,618,618,义乌市北苑贝斯特幼儿园,120.025474,29.312409,义乌市,120.030422,29.30982,浙江省金华市义乌市北苑街道贝斯特幼儿园季宅2区
401,619,619,杭州市余杭区乔司永西幼儿园,120.267692,30.366638,余杭区,120.272146,30.364244,浙江省杭州市临平区乔司街道永西小学-永西幼儿园永西小学
402,621,621,宁波市海曙区古林镇布政小学,121.472815,29.843483,海曙区,121.476789,29.841663,浙江省宁波市海曙区古林镇古林镇布政小学
403,622,622,宁波市海曙区鄞江镇中心幼儿园,121.351183,29.778663,海曙区,121.35559,29.776136,浙江省宁波市海曙区鄞江镇鄞江镇中心幼儿园(鄞州区鄞江中心卫生院西南)
404,623,623,宁波市海曙区集士港镇广德湖小学,121.422111,29.88258,海曙区,121.426636,29.880154,浙江省宁波市海曙区集士港镇集士港镇广德湖小学
405,624,624,杭州市余杭区东塘中心小学,120.110724,30.455283,余杭区,120.115337,30.453131,浙江省杭州市余杭区仁和街道东塘中心小学东塘校区
406,626,626,义乌市稠江街道大水畈幼儿园,120.041782,29.302989,义乌市,120.046476,29.300494,浙江省金华市义乌市稠江街道稠江街道大水畈幼儿园大水畈村
407,629,629,杭州市余杭区崇贤第一幼儿园,120.167824,30.390222,余杭区,120.172649,30.388221,浙江省杭州市临平区崇贤街道莲花公寓崇贤第一幼儿园(崇韵园区)
408,630,630,杭州市余杭区绿城育华翡翠城幼儿园,120.013988,30.246311,余杭区,120.018935,30.243836,浙江省杭州市余杭区闲林街道高教路93号绿城育华翡翠城幼儿园
409,633,633,德清县中心幼儿园,120.0796906,30.54907524,德清县,120.084964,30.544547,浙江省湖州市德清县乾元镇德清县中心幼儿园
410,634,634,义乌市佛堂镇塔山幼儿园,120.0580556,29.20111111,义乌市,120.017351,29.196282,浙江省金华市义乌市佛堂镇佛堂镇佛堂镇人民政府
411,635,635,义乌市江东街道东苑幼儿园,120.124678,29.31868,义乌市,120.129322,29.316247,浙江省金华市义乌市江东街道东苑幼儿园下朱D区
412,636,636,杭州市余杭区星桥天童幼儿园,120.250517,30.38585,余杭区,120.254765,30.383108,浙江省杭州市临平区星桥街道天韵路天童幼儿园(天韵路)
413,637,637,宁波市海曙区早教中心,121.536827,29.884971,海曙区,121.541221,29.88255,浙江省宁波市海曙区西门街道宁波宝韵早教园高塘怡景苑
414,640,640,杭州市余杭区江南春庭院深深幼儿园,119.95712,30.24666,余杭区,119.961871,30.244132,浙江省杭州市余杭区余杭街道庭院深深(东区)庭院深深幼儿园
415,641,641,杭州市余杭区仓前中心幼儿园,119.990744,30.292517,余杭区,119.994987,30.290143,浙江省杭州市余杭区仓前街道太炎花园小区杭州师范大学附属仓前实验幼儿园文泽园区
416,643,643,义乌市江东街道大元幼儿园,120.141018,29.297195,义乌市,120.146813,29.293237,浙江省金华市义乌市江东街道大元村
417,645,645,义乌市福田新塘下幼儿园,120.131748,29.344032,义乌市,120.136424,29.341476,浙江省金华市义乌市福田街道新塘下幼儿园
418,646,646,浙江工业大学附属实验学校,120.0516205,30.23550731,西湖区,120.056746,30.233629,浙江省杭州市西湖区留下街道浙江工业大学附属实验学校
419,647,647,义乌市赤岸镇毛店小学,119.9966693,29.10018607,义乌市,120.001172,29.098038,浙江省金华市义乌市赤岸镇毛店小学
420,648,648,杭州市西湖区留下幼儿园,120.0528206,30.24370706,西湖区,120.057498,30.241037,浙江省杭州市西湖区留下街道杭州市西湖区留下幼儿园
421,649,649,杭州市余杭区五常中学,120.036133,30.29414,余杭区,120.042662,30.272331,浙江省杭州市余杭区五常街道荆长大道520号五常中学
422,651,651,义乌市江东街道九联幼儿园,120.053819,29.272406,义乌市,120.058635,29.270992,浙江省金华市义乌市江东街道江东南路693巷义乌市江东街道九联幼儿园
423,653,653,义乌市苏溪镇盼盼幼儿园,120.109851,29.438376,义乌市,120.11468,29.435904,浙江省金华市义乌市苏溪镇江西特色饭店
424,655,655,杭州市余杭区温莎郡英伦幼儿园,119.991302,30.287933,余杭区,119.97135,30.25785,浙江省杭州市余杭区仓前街道运溪路121号瑞城花园典晶轩
425,658,658,义乌市江东中心幼儿园,120.070165,29.285281,义乌市,120.074785,29.282804,浙江省金华市义乌市江东街道义乌市江东中心幼儿园江南4区
426,659,659,义乌市赤岸镇山盘幼儿园,120.014289,29.112534,义乌市,120.015677,29.154221,浙江省金华市义乌市赤岸镇塘边村
427,660,660,义乌市新科花园幼儿园,120.031267,29.291203,义乌市,120.035884,29.288793,浙江省金华市义乌市稠江街道威尼英语口语训练新科花园B区
428,661,661,杭州市西湖区龙坞幼儿园,120.0515405,30.18560683,西湖区,120.05628,30.183208,浙江省杭州市西湖区转塘街道葛衙庄路115号
429,662,662,义乌市城西街道东河幼儿园,119.988749,29.310408,义乌市,119.993162,29.307762,浙江省金华市义乌市城西街道城西街道东河幼儿园
430,663,663,浙江师范大学附属义乌小学,120.05091,29.283272,义乌市,120.055196,29.28144,浙江省金华市义乌市稠江街道浙江师范大学附属义乌小学
431,664,664,杭州市余杭区良渚第一中学,120.034647,30.37739,余杭区,120.039601,30.376061,浙江省杭州市余杭区良渚街道规划道路杭州市余杭区良渚第一中学
432,667,667,义乌市稠江街道金村幼儿园,120.003979,29.250015,义乌市,120.008707,29.247348,浙江省金华市义乌市稠江街道金村幼儿园
433,668,668,宁波市海曙区古林镇薛家幼儿园,121.496397,29.85819,海曙区,121.500615,29.855743,浙江省宁波市海曙区古林镇民渠路古林镇实验小学
434,670,670,义乌市东洲第二幼儿园,120.107072,29.308369,义乌市,120.111864,29.305953,浙江省金华市义乌市江东街道东洲第二幼儿园东洲花园迎风苑
435,671,671,义乌市稠江街道艺星幼儿园,120.043225,29.286016,义乌市,120.047845,29.283443,浙江省金华市义乌市稠江街道艺星幼儿园(城店路)童店2区
436,672,672,杭州市余杭区亭趾实验小学,120.300937,30.467749,余杭区,120.307562,30.493924,浙江省杭州市临平区运河街道育士路运河镇博陆中心小学
437,673,673,余杭区杭州二中树兰实验学校,120.264045,30.418665,余杭区,120.267441,30.415341,浙江省杭州市临平区临平街道望梅路542号杭州树兰学校
438,676,676,义乌市江东第一小学,120.086532,29.298874,义乌市,120.090954,29.295979,浙江省金华市义乌市江东街道义乌市江东第一小学
439,679,679,浙江工商职业技术学院,121.5020227,29.86800527,海曙区,120.16372,30.17514,浙江省杭州市滨江区浦沿街道浙江商业职业技术学院
440,681,681,义乌市稠江街道海洋幼儿园,120.028097,29.273543,义乌市,120.032941,29.270878,浙江省金华市义乌市稠江街道新屋路68号海洋幼儿园
441,683,683,义乌市江东优凯幼儿园,120.121497,29.321392,义乌市,120.125889,29.318531,浙江省金华市义乌市江东街道优凯幼儿园
442,684,684,义乌市佛堂镇江南街幼儿园,120.04325,29.238003,义乌市,120.047775,29.235436,浙江省金华市义乌市佛堂镇江南街幼儿园佛堂省级旅游度假区(建设中)
443,685,685,义乌市义亭镇杭畴小学,119.957512,29.192997,义乌市,119.962286,29.190781,浙江省金华市义乌市义亭镇杭畴中心小学
444,687,687,义乌市江东街道七彩山口幼儿园,120.109604,29.295763,义乌市,120.113066,29.294296,浙江省金华市义乌市江东街道七彩山口幼儿园山口小区
445,688,688,义乌市稠城街道青青江滨幼儿园,120.072514,29.297495,义乌市,120.077531,29.295063,浙江省金华市义乌市稠城街道青青江滨幼儿园
446,689,689,义乌市江东街道下王幼儿园,120.116758,29.313703,义乌市,120.1215,29.311325,浙江省金华市义乌市江东街道东洲路1179号下王幼儿园
447,691,691,义乌市城西双馨幼儿园,119.976996,29.300907,义乌市,119.98147,29.298233,浙江省金华市义乌市城西街道双馨幼儿园万商华府
448,692,692,义乌市苏溪油碑塘幼儿园,120.137322,29.410341,义乌市,120.139403,29.40854,浙江省金华市义乌市苏溪镇义乌市苏溪油碑塘幼儿园油碑塘新村1区
449,693,693,杭州市余杭区橄榄树绿野幼儿园,119.997343,30.210621,余杭区,120.00174,30.205704,浙江省杭州市余杭区闲林街道绿野春天
450,694,694,义乌市江东街道商博幼儿园,120.118327,29.318012,义乌市,120.12305,29.315572,浙江省金华市义乌市江东街道商博幼儿园
451,695,695,杭州市余杭区启蒙铭苑幼儿园,120.022244,30.251262,余杭区,120.026688,30.24884,浙江省杭州市余杭区五常街道曲水小筑江南水乡
452,696,696,义乌市赤岸镇尚阳小学,119.962624,29.097392,义乌市,119.967189,29.09454,浙江省金华市义乌市赤岸镇中共尚阳小学支部委员会赤岸镇尚阳小学
453,697,697,浙江省义乌中学,120.077434,29.268404,义乌市,120.082752,29.267791,浙江省金华市义乌市江东街道浙江省义乌中学
454,698,698,宁波市海曙区致和学校,121.517619,29.878709,海曙区,121.521161,29.876234,浙江省宁波市海曙区白云街道环城西路南段32号宁波市海曙区致和学校
455,699,699,德清县新市镇中心小学,120.277003,30.60530701,德清县,120.280911,30.60303,浙江省湖州市德清县新市镇高林路80号新市中心小学
456,700,700,宁波市孙文英小学,121.531667,29.879699,海曙区,121.536265,29.877022,浙江省宁波市海曙区西门街道孙文英小学
457,701,701,杭州市西湖区启蒙幼儿园,120.08393,30.328886,西湖区,120.088433,30.326803,浙江省杭州市西湖区三墩镇金厦公寓
458,703,703,义乌市福田荷叶塘幼儿园,120.113515,29.372844,义乌市,120.118183,29.370669,浙江省金华市义乌市福田街道义乌市荷叶塘幼儿园
459,704,704,杭州市西湖区西溪花园幼儿园,120.0558071,30.28622309,西湖区,120.056148,30.283388,浙江省杭州市西湖区蒋村街道西溪花园小区竞舟苑西溪花园·竞舟苑
460,705,705,义乌市苏溪镇花厅幼儿班,120.152176,29.418173,义乌市,120.131443,29.40965,浙江省金华市义乌市苏溪镇镇前街35号苏溪镇人民政府
461,706,706,义乌市赤岸镇赤岸小学,120.033386,29.147442,义乌市,120.037921,29.144577,浙江省金华市义乌市赤岸镇义乌市赤岸镇中心学校
462,707,707,杭州市余杭高级中学,120.289,30.436302,余杭区,120.292693,30.434896,浙江省杭州市临平区临平街道荷花路130号杭州市余杭高级中学
463,708,708,宁波市海曙区南苑小学,121.523852,29.85024,海曙区,121.528084,29.847958,浙江省宁波市海曙区段塘街道宁波市海曙区南苑小学
464,709,709,杭州市西溪实验学校,120.073169,30.289339,西湖区,120.078388,30.287996,浙江省杭州市西湖区蒋村街道文一西路578号杭州市西溪实验学校
465,711,711,义乌市北苑街道启智幼儿园,120.062751,29.33628,义乌市,120.067102,29.333557,浙江省金华市义乌市北苑街道启智幼儿园(北苑路)春晗四区
466,712,712,德清县武康中学,119.958719,30.524054,德清县,119.964,30.522398,浙江省湖州市德清县舞阳街道塔山街343号武康中学
467,713,713,义乌市苏溪糖糖宝贝幼儿园,120.13827,29.403179,义乌市,120.142896,29.400675,浙江省金华市义乌市苏溪镇糖糖宝贝幼儿园
468,717,717,义乌市江东中学,120.1038956,29.30759187,义乌市,120.109159,29.304071,浙江省金华市义乌市江东街道义乌市江东中学
469,719,719,杭州市余杭区闲林中心幼儿园,119.977385,30.223024,余杭区,119.978569,30.230517,浙江省杭州市余杭区闲林街道闲林西路52号雅居乐国际花园
470,721,721,杭州市余杭区绿城育华亲亲学校,120.089209,30.337473,余杭区,120.093917,30.335253,浙江省杭州市余杭区良渚街道丰庆路2号绿城育华亲亲学校
471,723,723,义乌市稠城街道安心幼儿园,120.091097,29.319951,义乌市,120.095938,29.317507,浙江省金华市义乌市稠城街道安心幼儿园赵宅2区
472,724,724,义乌市上溪贝贝幼儿园,119.927203,29.276086,义乌市,119.931596,29.27328,浙江省金华市义乌市上溪镇贝贝幼儿园
473,725,725,杭州师范大学附属中学,120.0801722,30.31924391,西湖区,120.085519,30.316268,浙江省杭州市西湖区三墩镇杭州师范大学附属中学
474,726,726,杭州市余杭区鸬鸟镇中心幼儿园,119.754775,30.455212,余杭区,119.759346,30.452779,浙江省杭州市余杭区鸬鸟镇鸬鸟镇中心幼儿园
475,728,728,杭州市余杭区星华幼托园,120.051898,30.375758,余杭区,120.056547,30.373491,浙江省杭州市余杭区良渚街道莫干山路2164号杭州余杭区良渚文化技能培训学校
476,730,730,义乌市苏溪镇后山坞幼儿园,120.137203,29.391619,义乌市,120.141901,29.389096,浙江省金华市义乌市苏溪镇苏溪镇后山坞幼儿园
477,732,732,宁波市海曙区高桥镇晴园幼儿园,121.491677,29.880667,海曙区,121.494699,29.877721,浙江省宁波市海曙区高桥镇晴园东区晴园
478,733,733,杭州市之江外语实验学校,120.1007735,30.29261419,西湖区,120.105558,30.29065,浙江省杭州市西湖区文新街道天河西苑之江外语实验学校
479,734,734,义乌市东洲小学,120.112613,29.31147,义乌市,120.117871,29.308976,浙江省金华市义乌市江东街道东洲小学
480,735,735,义乌市江东街道小太阳幼儿园,120.053819,29.272368,义乌市,120.058665,29.270114,浙江省金华市义乌市江东街道江东南路564号小太阳幼儿园(惠购生活购物中心西)
481,736,736,义乌市稠江街道凤凰幼儿园,120.06031,29.29617,义乌市,120.06493,29.293451,浙江省金华市义乌市稠江街道凤凰双语幼儿园凤凰山小区
482,737,737,义乌市江滨小学,120.067284,29.296637,义乌市,120.072039,29.29469,浙江省金华市义乌市稠城街道江滨小学
483,738,738,义乌市大陈镇云溪小学,120.1445946,29.4781639,义乌市,120.1493,29.47575,浙江省金华市义乌市大陈镇八坑线义乌市云溪学校
484,739,739,义乌市福田阳光幼儿园,120.112334,29.363945,义乌市,120.117046,29.36158,浙江省金华市义乌市福田街道安佳公寓
485,740,740,宁波市海曙区童洲幼儿园,121.517517,29.878355,海曙区,121.521981,29.875649,浙江省宁波市海曙区白云街道环城西路南段36号宁波市海曙区致和学校
486,743,743,义乌市北苑春晗幼儿园,120.066109,29.335647,义乌市,120.070741,29.333326,浙江省金华市义乌市北苑街道春晗幼儿园(春晗二区南)春晗2区
487,744,744,义乌复旦实验学校,120.121288,29.329489,义乌市,120.124747,29.32721,浙江省金华市义乌市福田街道义乌复旦实验学校
488,746,746,杭州市余杭区乔司第一幼儿园,120.287547,30.355525,余杭区,120.292113,30.353046,浙江省杭州市临平区乔司街道乔安路10号乔司第一幼儿园
489,747,747,德清县新安镇下舍中心幼儿园,120.1812318,30.55392528,德清县,120.186326,30.551766,浙江省湖州市德清县新安镇下舍中心幼儿园
490,748,748,义乌市苏溪镇百合幼儿园,120.161783,29.392788,义乌市,120.166628,29.389957,浙江省金华市义乌市苏溪镇稠下线百合幼儿园(稠下线)
491,750,750,义乌市稠江街道稠关幼儿园,120.051132,29.303396,义乌市,120.056034,29.30087,浙江省金华市义乌市稠江街道稠关幼儿园稠关1区
492,751,751,义乌市福田博哈金宝宝幼儿园,120.09578,29.339966,义乌市,120.100557,29.337517,浙江省金华市义乌市福田街道博哈金宝宝幼儿园福田3区
493,752,752,杭州市余杭区百丈镇中心小学,119.728551,30.521434,余杭区,119.733196,30.519369,浙江省杭州市余杭区百丈镇竹城路58号百丈镇中心小学
494,753,753,宁波市海曙区高桥镇望春幼儿园,121.497744,29.890409,海曙区,121.502282,29.887973,浙江省宁波市海曙区高桥镇望春幼儿园(长兴路8弄)
495,754,754,余杭区杭州绿城育华桃花源学校,119.948441,30.240802,余杭区,119.952841,30.237631,浙江省杭州市余杭区中泰街道桃源社区浙江绿城足球学校
496,755,755,浙江师范大学杭州幼儿师范学院附属义乌幼儿园,120.044877,29.323261,义乌市,120.13988,30.282997,浙江省杭州市西湖区西溪街道浙江师范大学玩具设计与工程实验室浙江师范大学杭州幼儿师范学院
497,756,756,宁波市海曙区南雅音乐幼儿园,121.520971,29.864933,海曙区,121.52512,29.862437,浙江省宁波市海曙区白云街道南雅社区
498,757,757,义乌市北苑街道快乐宝贝幼儿园,120.047473,29.340008,义乌市,120.051956,29.3374,浙江省金华市义乌市北苑街道义乌市北苑街道何麻车居民委员会何麻车2区
499,759,759,义乌市北苑街道凌云幼儿园,120.047109,29.356467,义乌市,120.051836,29.354086,浙江省金华市义乌市北苑街道凌云公园凌云3区
500,760,760,杭州市余杭区巴巴幼儿园,120.000346,30.281035,余杭区,120.004423,30.279151,浙江省杭州市余杭区仓前街道巴巴乐园恒生科技园
501,761,761,杭州市余杭区云会中心小学,120.085288,30.422586,余杭区,120.090125,30.420225,浙江省杭州市余杭区仁和街道西南山北路66号云会中心小学
502,762,762,宁波市海曙区集士港镇金色童年幼儿园,121.438923,29.85744,海曙区,121.443513,29.854892,浙江省宁波市海曙区集士港镇金色童年幼儿园(惠兰路)
503,763,763,宁波市海曙区古林镇春蕾学校,121.481786,29.847455,海曙区,121.487061,29.844525,浙江省宁波市海曙区古林镇海曙区古林镇春蕾学校古林镇东恩小学
504,765,765,宁波市海曙区古林镇中心幼儿园,121.435395,29.82949,海曙区,121.433911,29.837033,浙江省宁波市海曙区古林镇馀庆路106号宁波市海曙区古林镇中心幼儿园
505,766,766,杭州市余杭区曙光幼儿园,120.175334,30.384579,余杭区,120.180265,30.38219,浙江省杭州市临平区崇贤街道石大线曙光幼儿园(石大线)
506,768,768,杭州市余杭区乔司中心小学,120.288663,30.359452,余杭区,120.29316,30.357419,浙江省杭州市临平区乔司街道乔莫东路161号乔司镇中心小学
507,770,770,义乌市佛堂镇育红幼儿园,120.043847,29.182305,义乌市,120.0486,29.1796,浙江省金华市义乌市佛堂镇育红幼儿园
508,772,772,义乌市下骆宅小学,120.130885,29.33686,义乌市,120.135344,29.335055,浙江省金华市义乌市福田街道下骆宅小学
509,775,775,浙江交通职业技术学院,120.0883011,30.34760878,余杭区,120.08793,30.343687,浙江省杭州市余杭区良渚街道浙江交通职业技术学院
510,776,776,义乌市江东街道东方之珠幼儿园,120.077675,29.294543,义乌市,120.082467,29.292045,浙江省金华市义乌市江东街道东方之珠幼儿园龚大塘1区
511,777,777,杭州市余杭区崇贤第二幼儿园,120.137504,30.379322,余杭区,120.142187,30.377231,浙江省杭州市临平区崇贤街道龙腾街崇贤第二幼儿园杨家浜园区
512,779,779,义乌市义亭镇初级中学,119.9642047,29.24131008,义乌市,119.968639,29.238501,浙江省金华市义乌市义亭镇义亭镇派出下@5054所义亭镇中学警务联络室以63对@)义乌市义亭镇初级中学
513,780,780,杭州市余杭区南湖幼儿园,119.933372,30.259459,余杭区,119.93806,30.256935,浙江省杭州市余杭区余杭街道南湖幼儿园教育集团行政楼南湖幼儿园教育集团
514,781,781,杭州市余杭区良渚第三小学,120.009391,30.407472,余杭区,120.013909,30.405223,浙江省杭州市余杭区良渚街道207县道良渚第三小学
515,782,782,德清县雷甸镇中心小学,120.1373011,30.52770523,德清县,120.126232,30.50599,浙江省湖州市德清县雷甸镇兴业路8号雷甸镇中心小学(西点分校)
516,783,783,义乌市义亭镇畈田朱小学,119.9292981,29.21427659,义乌市,119.9338,29.211503,浙江省金华市义乌市义亭镇东黄线义乌市义亭镇畈田朱小学
517,785,785,杭州市余杭区启蒙爵士风情幼儿园,119.987065,30.238833,余杭区,119.991462,30.235973,浙江省杭州市余杭区闲林街道爵士风情爵士风情日辉苑
518,786,786,德清县秋山中心学校,120.0213803,30.5440899,德清县,120.025798,30.541295,浙江省湖州市德清县康乾街道德清县秋山中心学校
519,789,789,义乌市苏溪镇第四小学,120.130305,29.403904,义乌市,120.134545,29.400952,浙江省金华市义乌市苏溪镇苏溪四小
520,790,790,杭州市余杭区瓶窑镇彭公中心小学,119.899484,30.41849,余杭区,119.975543,30.367842,浙江省杭州市余杭区瓶窑镇瓶窑镇杭州市瓶窑镇人民政府
521,791,791,杭州市余杭区良渚良运幼儿园,120.105125,30.355906,余杭区,120.109858,30.353769,浙江省杭州市余杭区良渚街道良运街48号杭州城北万象城(建设中)
522,792,792,杭州市余杭区仁和第二幼儿园,120.114775,30.458683,余杭区,120.12212,30.457216,浙江省杭州市余杭区仁和街道中和路余杭区仁和第二幼儿园东塘园区
523,793,793,杭州市余杭区美好晨星幼儿园,119.966197,30.370899,余杭区,119.970479,30.368415,浙江省杭州市余杭区瓶窑镇溪东路68号美好晨星幼儿园
524,794,794,义乌市实验小学教育集团,120.0728854,29.28836143,义乌市,120.078661,29.285019,浙江省金华市义乌市江东街道义乌市实验小学教育集团(江南校区)
525,795,795,义乌市福田小天鹅幼儿园,120.092373,29.333759,义乌市,120.097063,29.331376,浙江省金华市义乌市福田街道小天鹅幼儿园长春2区
526,796,796,杭州市余杭区安吉路良渚实验学校,120.012874,30.35259,余杭区,120.018987,30.35114,浙江省杭州市余杭区良渚街道杭州安吉路良渚实验学校
527,797,797,义乌市稠江街道新世纪幼儿园,120.051974,29.297962,义乌市,120.056664,29.29547,浙江省金华市义乌市稠江街道新世纪幼儿园(城店路)
528,798,798,杭州市西湖区小桔灯幼儿园,120.065025,30.249268,西湖区,120.075153,30.239991,浙江省杭州市西湖区留下街道杭州西湖风景名胜区小桔灯幼儿园
529,799,799,杭州市余杭区良渚文化村英联幼儿园,120.04213,30.373473,余杭区,120.025075,30.358501,浙江省杭州市余杭区良渚街道探梅里杭州英联幼儿园
530,800,800,杭州市余杭区良渚西塘河幼儿园,120.065632,30.369043,余杭区,120.070515,30.366781,浙江省杭州市余杭区良渚街道中共西塘河村委会西塘河幼儿园
531,801,801,义乌市上溪镇溪华小学,119.895156,29.315236,义乌市,119.900049,29.312737,浙江省金华市义乌市上溪镇上溪镇溪华小学
532,802,802,义乌市稠城街道希星幼儿园,120.079225,29.315895,义乌市,120.083977,29.313442,浙江省金华市义乌市稠城街道希星幼儿园
533,803,803,杭州市西湖区石灰桥幼儿园,120.1402135,30.2876831,西湖区,120.144896,30.285184,浙江省杭州市西湖区西溪街道石灰桥社区(浙江文华大酒店北)石灰桥新村(浙江文华大酒店北)
534,804,804,义乌市苏溪聪聪幼儿园,120.122977,29.41776,义乌市,120.127618,29.41561,浙江省金华市义乌市苏溪镇艾玛绘本美术馆聪聪幼儿园
535,805,805,义乌市稠城街道世纪义化幼儿园,120.079333,29.313996,义乌市,120.084008,29.311551,浙江省金华市义乌市稠城街道世纪义化幼儿园-工业学校义化小区
536,808,808,义乌市佛堂镇第三小学,120.036095,29.220178,义乌市,120.040557,29.217561,浙江省金华市义乌市佛堂镇佛堂大道1881号佛堂镇第三小学
537,810,810,杭州市余杭区五常中心小学,120.035612,30.269201,余杭区,120.040392,30.267468,浙江省杭州市余杭区五常街道五常中心小学
538,811,811,杭州市西子湖小学,120.11821,30.2399,西湖区,120.123104,30.237178,浙江省杭州市西湖区西湖街道杭州西湖风景名胜区杭州西湖风景名胜区-茅家埠
539,812,812,义乌市福田下西陶幼儿园,120.118707,29.375269,义乌市,120.123333,29.372347,浙江省金华市义乌市福田街道下西陶幼儿园
540,813,813,杭州市余杭区黄湖镇中心小学,119.80602,30.444218,余杭区,119.812949,30.441782,浙江省杭州市余杭区黄湖镇迂前南路13号黄湖中学
541,816,816,德清县钟管镇干山中心学校,120.1539008,30.60350488,德清县,120.159436,30.600643,浙江省湖州市德清县钟管镇干山中心学校
542,817,817,杭州市余杭区黄湖镇中学,119.805393,30.446892,余杭区,119.81151,30.441035,浙江省杭州市余杭区黄湖镇黄湖中学
543,818,818,杭州市余杭区临平第一中学,120.284938,30.398979,余杭区,120.289535,30.395133,浙江省杭州市临平区南苑街道杭州市余杭区临平第一中学
544,819,819,杭州市余杭区三之三水景城幼儿园,120.28832,30.402676,余杭区,120.292356,30.400132,浙江省杭州市临平区南苑街道东海·水景城三之三水景城幼儿园
545,820,820,义乌市福田鑫灿幼儿园,120.113965,29.350807,义乌市,120.118676,29.34846,浙江省金华市义乌市福田街道鑫灿幼儿园诚信3区
546,822,822,义乌市江东街道望陇幼儿园,120.103993,29.299067,义乌市,120.108706,29.296691,浙江省金华市义乌市江东街道望陇幼儿园
547,823,823,杭州市西湖区三坝幼儿园,120.0948,30.303495,西湖区,120.099483,30.301296,浙江省杭州市西湖区三墩镇三坝社区会馆同人精华
548,824,824,义乌市苏溪镇杨梅岗幼儿园,120.127693,29.403094,义乌市,120.132165,29.400539,浙江省金华市义乌市苏溪镇苏和路杨梅岗幼儿园
549,827,827,杭州市余杭区清水湾幼儿园,119.915771,30.241241,余杭区,119.920584,30.238243,浙江省杭州市余杭区中泰街道余杭清水湾幼儿园华门·新西湖小镇
550,828,828,杭州市余杭区瓶窑镇第一中学,119.971049,30.372567,余杭区,120.315223,30.420234,浙江省杭州市临平区南苑街道新安新秀家园(北二区)杭州市临平区社区学院
551,830,830,宁波市甬江职业高级中学,121.528058,29.888499,海曙区,121.530926,29.885854,浙江省宁波市海曙区西门街道文化路368号宁波市甬江职业高级中学
552,831,831,杭州市余杭区小海豚幼儿园,119.943854,30.260746,余杭区,119.950387,30.25827,浙江省杭州市余杭区余杭街道通怡花苑
553,832,832,宁波市海曙区石碶街道艺韵幼儿园,121.506858,29.836732,海曙区,121.511363,29.834268,浙江省宁波市海曙区石碶街道友谊驾校教练场艺韵幼儿园
554,833,833,杭州市余杭区艺嘉幼儿园,120.291705,30.47925,余杭区,120.296278,30.476788,浙江省杭州市临平区运河街道东湖北路709号运河丽园
555,834,834,杭州市余杭区西点铭雅幼儿园,120.080019,30.340702,余杭区,120.08552,30.338476,浙江省杭州市余杭区良渚街道铭雅苑西点铭雅幼儿园
556,835,835,义乌市荷叶塘小学,120.124404,29.378196,义乌市,120.128756,29.375208,浙江省金华市义乌市福田街道义乌市荷叶塘小学
557,836,836,杭州市余杭区良渚通运幼儿园,120.114736,30.346401,余杭区,120.119446,30.344777,浙江省杭州市余杭区良渚街道通运街362号良渚生命科技小镇
558,837,837,义乌市福田诚信幼儿园,120.109921,29.353446,义乌市,120.114506,29.350786,浙江省金华市义乌市福田街道草塘沿路诚信1区
559,838,838,义乌市江东蓝蓝幼儿园,120.14075,29.308412,义乌市,120.145213,29.305916,浙江省金华市义乌市江东街道蓝蓝幼儿园(东苑路)侯儿新村
560,839,839,杭州市余杭区良渚文化村玉鸟幼儿园,120.022277,30.370496,余杭区,120.028587,30.367008,浙江省杭州市余杭区良渚街道玉鸟幼儿园
561,841,841,杭州市西湖区西子湖幼儿园,120.113362,30.188788,西湖区,120.118263,30.186653,浙江省杭州市西湖区西湖街道杭州西湖风景名胜区
562,842,842,杭州市余杭区信达外国语学校,120.293586,30.40888,余杭区,120.298787,30.406912,浙江省杭州市临平区南苑街道杭州市临平信达外国语学校
563,843,843,义乌市江东街道群兴幼儿园,120.044791,29.272701,义乌市,120.049527,29.270173,浙江省金华市义乌市江东街道诚信幼儿园塔下洲新村A1区
564,844,844,杭州绿城育华幼儿园,120.09172,30.285025,西湖区,120.091354,30.286723,浙江省杭州市西湖区文新街道骆家庄西苑二区文新绿城育华幼儿园
565,845,845,杭州市余杭区临平城东中学,120.317491,30.438899,余杭区,120.321356,30.436399,浙江省杭州市临平区东湖街道余杭区临平东湖街道中心学校
566,846,846,德清县新市镇士林中心小学,120.1978332,30.59590629,德清县,120.277847,30.616035,浙江省湖州市德清县新市镇新市镇新市镇人民政府
567,850,850,杭州市良渚职业高级中学,120.046963,30.37835,余杭区,120.05161,30.375633,浙江省杭州市余杭区良渚街道良渚荀山花苑杭州市良渚职业高级中学
568,853,853,杭州市余杭区良渚云华幼儿园,120.04809,30.380373,余杭区,120.052851,30.378162,浙江省杭州市余杭区良渚街道花园新村(玉管路)余杭区良渚云华幼儿园玉成园区
569,854,854,义乌市佛堂镇田心一村幼儿园,120.016998,29.181254,义乌市,120.0232,29.176195,浙江省金华市义乌市佛堂镇田心第一村村委会
570,855,855,义乌市佛堂镇塔山小学,120.051899,29.201108,义乌市,120.056836,29.198628,浙江省金华市义乌市佛堂镇佛堂派出所塔山小学警务联络室塔山小学
571,856,856,杭州市余杭区绿城育华亲亲幼儿园,120.086355,30.337335,余杭区,120.091322,30.3352,浙江省杭州市余杭区良渚街道亲亲家园南区绿城育华亲亲幼儿园
572,857,857,宁波市爱菊艺术学校,121.527277,29.881441,海曙区,121.53116,29.87902,浙江省宁波市海曙区西门街道鄮西巷66号宁波市爱菊艺术学校
573,858,858,宁波市中原小学,121.5309631,29.87646586,海曙区,121.535169,29.874011,浙江省宁波市海曙区南门街道郎官巷41号宁波市中原小学
574,859,859,义乌市城西街道夏演新时代幼儿园,119.96506,29.298032,义乌市,119.969623,29.295474,浙江省金华市义乌市城西街道义乌市城西镇夏演新时代幼儿园
575,860,860,德清县钟管镇干山中心幼儿园,120.1535908,30.60350487,德清县,120.1584,30.601229,浙江省湖州市德清县钟管镇碧云街196号钟管镇干山中心幼儿园
576,862,862,杭州市余杭区天阳幼托园,120.083635,30.363936,余杭区,120.08129,30.36052,浙江省杭州市余杭区良渚街道金水岸金水岸(棕榈路)
577,863,863,义乌市稠江街道行知幼儿园,120.041363,29.302973,义乌市,120.045734,29.301004,浙江省金华市义乌市稠江街道枫华路34号大水畈村
578,866,866,义乌市稠江街道黎明幼儿园,120.041471,29.29499,义乌市,120.046247,29.29247,浙江省金华市义乌市稠江街道正宗北京太子灌汤包黎明6区
579,867,867,义乌市梅园幼儿园,120.06781,29.298284,义乌市,120.07247,29.295821,浙江省金华市义乌市稠城街道民主路202号义乌市机关实验幼儿园
580,868,868,杭州市西湖区文鼎苑幼儿园,120.091911,30.29990749,西湖区,120.096782,30.297799,浙江省杭州市西湖区三墩镇文新学前教育集团-文鼎苑幼儿园
581,869,869,杭州市余杭区塘栖镇第三小学,120.189934,30.47666,余杭区,120.194212,30.474651,浙江省杭州市临平区塘栖镇南苑小区(人民路)塘栖镇第三小学
582,871,871,杭州市余杭区中泰武术学校,119.90642,30.229514,余杭区,119.910975,30.226851,浙江省杭州市余杭区中泰街道210县道69号中泰武术学校
583,874,874,杭州市余杭区康乔岸上蓝山幼儿园,120.003619,30.235909,余杭区,120.008667,30.233167,浙江省杭州市余杭区闲林街道康乔岸上蓝山幼儿园岸上蓝山星河苑
584,875,875,杭州市江干区三卫幼儿园,120.270803,30.339217,余杭区,120.272866,30.334898,浙江省杭州市上城区九堡街道杭州市三卫幼儿园
585,876,876,宁波市海曙区章水镇中心幼儿园,121.304847,29.815483,海曙区,121.313266,29.811955,浙江省宁波市海曙区章水镇章水镇中心小学
586,877,877,义乌市稠江向荣幼儿园,120.046669,29.295645,义乌市,120.051389,29.29326,浙江省金华市义乌市稠江街道稠江向荣幼儿园
587,879,879,杭州市余杭区东湖街道中心幼儿园,120.319508,30.437139,余杭区,120.324173,30.434188,浙江省杭州市临平区东湖街道东湖街道中心幼儿园余杭区双林中心小学
588,880,880,杭州市余杭区临平第三小学,120.270402,30.44036,余杭区,120.274813,30.438896,浙江省杭州市临平区临平街道杭州市临平区临平第三小学
589,881,881,杭州市余杭第二高级中学,120.3149516,30.42160682,余杭区,120.319307,30.421304,浙江省杭州市临平区南苑街道人民大道1505号杭州余杭第二高级中学
590,882,882,杭州市西湖区智多星幼儿园,120.066956,30.319014,西湖区,120.075368,30.317633,浙江省杭州市西湖区三墩镇杭州市西湖区智多星幼儿园(五里堂街)西城博司
591,883,883,义乌市义亭镇王阡二村幼儿园,119.942524,29.233753,义乌市,119.947059,29.230799,浙江省金华市义乌市义亭镇车站西路义乌市义亭镇王阡幼儿园
592,884,884,义乌市义亭镇未来之星幼儿园,119.963483,29.237961,义乌市,119.967691,29.235631,浙江省金华市义乌市义亭镇未来之星幼儿园义亭未来之星幼儿园
593,885,885,杭州市余杭区吉的堡西溪山庄幼儿园,119.958365,30.235823,余杭区,119.963046,30.233274,浙江省杭州市余杭区余杭街道吉的堡西溪山庄幼儿园吉的堡英群幼儿园
594,886,886,义乌市江东街道下湾幼儿园,120.147906,29.321265,义乌市,120.152585,29.318815,浙江省金华市义乌市江东街道下湾幼儿园下湾三区
595,887,887,杭州市西湖区乐莺幼儿园,120.0895,30.32709,西湖区,120.068983,30.341398,浙江省杭州市西湖区三墩镇金庄路都市阳光乐苑
596,888,888,宁波市海曙区章水镇中心小学,121.308611,29.813818,海曙区,121.313266,29.811955,浙江省宁波市海曙区章水镇章水镇中心小学
597,889,889,杭州市余杭区塘栖镇宏畔中心小学,120.157471,30.444215,余杭区,120.162307,30.441913,浙江省杭州市临平区塘栖镇宏畔中心小学教学楼宏畔中心小学
598,892,892,宁波市海曙区翠柏幼儿园,121.528208,29.886997,海曙区,121.532514,29.884513,浙江省宁波市海曙区西门街道翠中社区翠柏幼儿园
599,893,893,义乌市北苑阳光幼儿园,120.046679,29.311881,义乌市,120.051458,29.309409,浙江省金华市义乌市北苑街道阳光幼儿园(黄杨梅一街)黄杨梅1区
600,894,894,杭州市余杭区径山镇长乐中心小学,119.847059,30.336857,余杭区,119.85095,30.334022,浙江省杭州市余杭区径山镇长乐中心小学
601,896,896,宁波市海曙区龙观乡中心幼儿园,121.309694,29.769786,海曙区,121.31329,29.766723,浙江省宁波市海曙区龙观乡新潮路龙观乡人民政府
602,897,897,杭州市西湖区大大树幼儿园,120.13919,30.28907,西湖区,120.144739,30.286333,浙江省杭州市西湖区西溪街道大大树幼儿园
603,898,898,义乌市稠城街道大风车幼儿园,120.076087,29.299185,义乌市,120.080885,29.296734,浙江省金华市义乌市稠城街道大风车幼儿园(江滨中路)篁园新村
604,900,900,义乌市北苑街道前洪幼儿园,120.019819,29.328426,义乌市,120.024559,29.325833,浙江省金华市义乌市北苑街道前洪幼儿园
605,901,901,杭州市余杭区临平第三中学,120.308222,30.428479,余杭区,120.31228,30.426384,浙江省杭州市临平区东湖街道爱心苑临平第三中学
606,904,904,浙江省教育厅教研室附属小学,120.1166912,30.28740658,西湖区,120.121347,30.285839,浙江省杭州市西湖区翠苑街道浙江省教育厅教研室附属小学
607,905,905,义乌市青口小学,120.123439,29.3195,义乌市,120.127561,29.317803,浙江省金华市义乌市江东街道义乌市青口小学
608,906,906,义乌市福田商贸幼儿园,120.095775,29.336404,义乌市,120.100667,29.333925,浙江省金华市义乌市福田街道商贸幼儿园福田2区
609,907,907,杭州市余杭区江南春竹海水韵幼儿园,119.978192,30.239439,余杭区,119.982913,30.236916,浙江省杭州市余杭区闲林街道竹海水韵竹海水韵春风里
610,908,908,杭州市余杭区勾庄中心幼儿园,120.082701,30.357848,余杭区,120.087335,30.355771,浙江省杭州市余杭区良渚街道规划支路二66号
611,909,909,义乌市江东街道青青银河幼儿园,120.047345,29.273785,义乌市,120.0521,29.271211,浙江省金华市义乌市江东街道青青银河幼儿园银河湾
612,910,910,义乌市佛堂镇塘下洋幼儿园,120.00924,29.173823,义乌市,120.017351,29.196282,浙江省金华市义乌市佛堂镇佛堂镇佛堂镇人民政府
613,911,911,义乌市苏溪齐山楼幼儿园,120.138245,29.419354,义乌市,120.143394,29.417185,浙江省金华市义乌市苏溪镇齐山楼阳光幼儿园
614,915,915,杭州市余杭区时代小学,120.239553,30.383972,余杭区,120.243749,30.381065,浙江省杭州市临平区星桥街道天星街9号杭州市余杭区光华外国语学校
615,916,916,杭州市袁浦中学,120.1242476,30.11940984,西湖区,120.128834,30.117856,浙江省杭州市西湖区双浦镇杭州市袁浦中学
616,917,917,杭州市文新小学,120.0882929,30.27550946,西湖区,120.092813,30.272874,浙江省杭州市西湖区文新街道秋雪苑杭州市文新小学
617,919,919,义乌市苏溪镇西山下小学,120.161113,29.395943,义乌市,120.16559,29.39347,浙江省金华市义乌市苏溪镇苏溪镇西山下小学
618,922,922,杭州市瓶窑中学,119.957373,30.397963,余杭区,119.962002,30.395619,浙江省杭州市余杭区瓶窑镇窑山花园杭州市瓶窑中学
619,924,924,义乌市稠江街道佳童幼儿园,120.047688,29.287722,义乌市,120.052296,29.285448,浙江省金华市义乌市稠江街道佳童幼儿园(童店路)童店1区
620,926,926,义乌市上溪镇吴店小学,119.907103,29.261248,义乌市,119.911287,29.258073,浙江省金华市义乌市上溪镇吴店小学
621,927,927,义乌市福田小学,120.0939752,29.33681208,义乌市,120.097991,29.334869,浙江省金华市义乌市福田街道福田小学
622,929,929,义乌市苏溪镇红太阳幼儿园,120.125896,29.414786,义乌市,120.130473,29.412357,浙江省金华市义乌市苏溪镇红太阳幼儿园
623,930,930,义乌市群星外国语学校,120.061491,29.323282,义乌市,120.065958,29.321621,浙江省金华市义乌市北苑街道机场路577号义乌市群星外国语学校
624,931,931,义乌市稠江街道童店幼儿园,120.046872,29.286944,义乌市,120.051618,29.284188,浙江省金华市义乌市稠江街道童店幼儿园童店2区
625,932,932,杭州市余杭区天长世纪小学,120.277172,30.388935,余杭区,120.280334,30.386267,浙江省杭州市临平区乔司街道汀兰路天长世纪小学
626,934,934,杭州市西湖区回龙幼儿园,120.0957666,30.12861586,西湖区,120.103379,30.123914,浙江省杭州市西湖区转塘街道杭州市西湖区回龙幼儿园
627,936,936,杭州市余杭区博陆小学,120.303914,30.501518,余杭区,120.306693,30.49438,浙江省杭州市临平区运河街道运河镇博陆中心小学
628,937,937,杭州市西湖区翠苑第一幼儿园,120.1187599,30.28864277,西湖区,120.121796,30.286405,浙江省杭州市西湖区翠苑街道杭州市西湖区翠苑第四幼儿园
629,938,938,义乌市赤岸伊甸幼儿园,120.079837,29.162323,义乌市,120.084503,29.159416,浙江省金华市义乌市赤岸镇佛王线
630,939,939,杭州市西湖区文新绿城育华幼儿园,120.086525,30.28904,西湖区,120.091354,30.286723,浙江省杭州市西湖区文新街道骆家庄西苑二区文新绿城育华幼儿园
631,940,940,义乌市福田天之蓝幼儿园,120.126185,29.329757,义乌市,120.131065,29.327418,浙江省金华市义乌市福田街道天之蓝幼儿园(蓝天分园)北下朱小区
632,941,941,义乌市江东晨润幼儿园,120.06259,29.270647,义乌市,120.063209,29.268802,浙江省金华市义乌市江东街道黎明湖路331号西陈1区
633,942,942,义乌市赤岸镇中心幼儿园,120.031664,29.153831,义乌市,120.03631,29.15127,浙江省金华市义乌市赤岸镇东岩路义乌市赤岸镇中心幼儿园
634,943,943,义乌市苏溪镇聪明泉幼儿园,120.106385,29.408684,义乌市,120.11114,29.40629,浙江省金华市义乌市苏溪镇聪明泉幼儿园
635,944,944,杭州市余杭区临平第二小学,120.306167,30.42824,余杭区,120.310666,30.426254,浙江省杭州市临平区东湖街道梅堰小区临平第二小学
636,945,945,义乌市大陈镇东塘小学,120.1662044,29.50151424,义乌市,120.170712,29.499301,浙江省金华市义乌市大陈镇越王路1号大陈镇东塘小学
637,946,946,杭州市紫金港中学,120.094203,30.300762,西湖区,120.099338,30.298581,浙江省杭州市西湖区三墩镇杭州市保俶塔实验学校(紫金港校区)杭州市紫金港中学
638,947,947,杭州市余杭区小博士艺术幼儿园,120.291493,30.410397,余杭区,120.295823,30.408032,浙江省杭州市临平区南苑街道新康家园杭州师范大学附属小博士艺术幼儿园
639,950,950,德清县新市镇育秀学校,120.2114333,30.61610685,德清县,120.21601,30.61376,浙江省湖州市德清县新市镇德清县新市镇育秀学校
640,951,951,义乌市北苑街道启龙幼儿园,120.048546,29.309635,义乌市,120.053297,29.307139,浙江省金华市义乌市北苑街道义乌市北苑街道启龙幼儿园
641,954,954,杭州市西湖区蒋村花园幼儿园,120.074471,30.28644992,西湖区,120.079294,30.284177,浙江省杭州市西湖区蒋村街道蒋村花园杭州市西湖区蒋村花园幼儿园
642,956,956,义乌市义亭镇白塘幼儿班,119.972768,29.227895,义乌市,119.975771,29.22422,浙江省金华市义乌市义亭镇白塘村村民委员会
643,959,959,杭州市西湖区沁雅幼儿园,120.10096,30.276463,西湖区,120.1058,30.274583,浙江省杭州市西湖区文新街道沁雅花园
644,960,960,义乌市稠城街道育优幼儿园,120.079445,29.317827,义乌市,120.084415,29.315496,浙江省金华市义乌市稠城街道育优幼儿园
645,963,963,义乌市福田新丝路幼儿园,120.121915,29.337299,义乌市,120.126203,29.334741,浙江省金华市义乌市福田街道有艺+画室楼西塘安置小区
646,964,964,义乌市苏溪镇西山下幼儿园,120.161296,29.394777,义乌市,120.165926,29.392343,浙江省金华市义乌市苏溪镇西山下幼儿园
647,965,965,杭州市余杭区塘栖镇第一小学,120.184856,30.47778,余杭区,120.189389,30.475367,浙江省杭州市临平区塘栖镇圣堂漾路18-1号杭州塘栖一小
648,966,966,杭州市余杭区临平第二幼儿园,120.30672,30.429221,余杭区,120.31133,30.426814,浙江省杭州市临平区东湖街道梅堰小区临平第二幼儿园
649,967,967,杭州市余杭区瓶窑镇北湖中心小学,119.948677,30.390565,余杭区,119.953017,30.388464,浙江省杭州市余杭区瓶窑镇毛里线北湖中心小学
650,968,968,义乌市江东街道江东幼儿园,120.074934,29.285216,义乌市,120.079766,29.282616,浙江省金华市义乌市江东街道浙江大学幼儿园(江东分园)前成小区
651,969,969,义乌市佛堂镇第二幼儿园,120.01946,29.202846,义乌市,120.024222,29.200361,浙江省金华市义乌市佛堂镇佛堂镇第二幼儿园
652,970,970,德清县雷甸镇第一幼儿园,120.1331037,30.52307636,德清县,120.141606,30.518687,浙江省湖州市德清县雷甸镇雷甸镇第一幼儿园(新街园区)
653,971,971,杭州市余杭区径山镇中心幼儿园,119.866623,30.388554,余杭区,119.871567,30.385701,浙江省杭州市余杭区径山镇东田翠谷苑
654,972,972,杭州市余杭区乔司中学,120.279812,30.357778,余杭区,120.282999,30.354606,浙江省杭州市临平区乔司街道永玄路135号杭州市临平区乔司中学
655,973,973,杭州市西湖区翠苑第二幼儿园,120.1229712,30.29200713,西湖区,120.127733,30.289304,浙江省杭州市西湖区翠苑街道翠苑新村二区翠苑二区
656,974,974,义乌市城西新光幼儿园,119.957083,29.296921,义乌市,119.961598,29.294312,浙江省金华市义乌市城西街道新光幼儿园流下2区
657,975,975,德清县华盛达外语学校,119.9691818,30.53520443,德清县,119.973454,30.53276,浙江省湖州市德清县武康街道浙江大学外国语学院实验学校东兴小区
658,977,977,义乌市稠江街道摇篮幼儿园,120.048096,29.303992,义乌市,120.052769,29.301534,浙江省金华市义乌市稠江街道摇篮幼儿园
659,979,979,杭州市余杭区临平第五中学,120.271263,30.439643,余杭区,120.276164,30.437778,浙江省杭州市临平区临平街道临平第五中学
660,980,980,杭州市余杭区瓶窑镇长命中心小学,120.000991,30.387199,余杭区,120.006313,30.385058,浙江省杭州市余杭区瓶窑镇余杭区瓶窑镇长命中心小学
661,981,981,杭州市嘉绿苑小学,120.108826,30.279924,西湖区,120.113683,30.278093,浙江省杭州市西湖区古荡街道杭州市嘉绿苑小学
662,983,983,义乌市稠江街道杨村幼儿园,120.037184,29.296219,义乌市,120.041942,29.293622,浙江省金华市义乌市稠江街道杨村幼儿园
663,984,984,杭州市西湖区大樟树幼儿园,120.08868,30.101364,西湖区,120.093491,30.0992,浙江省杭州市西湖区双浦镇大樟树幼儿园
664,985,985,杭州市余杭文昌高级中学,119.9261096,30.2768077,余杭区,119.930592,30.275332,浙江省杭州市余杭区余杭街道太炎路60号杭州市余杭文昌高级中学
665,986,986,义乌市苏溪学苑幼儿园,120.120494,29.414955,义乌市,120.125252,29.4124,浙江省金华市义乌市苏溪镇学苑幼儿园(红太阳分园)学苑小区
666,988,988,杭州市余杭区良渚运河智星幼儿园,120.122104,30.362175,余杭区,120.126931,30.360128,浙江省杭州市余杭区良渚街道古运河路
667,989,989,宁波市海曙区洞桥镇中心小学,121.411028,29.785287,海曙区,121.414714,29.782672,浙江省宁波市海曙区洞桥镇宁波市海曙区洞桥镇中心学校
668,990,990,宁波市海曙区江厦幼儿园,121.549782,29.865893,海曙区,121.55368,29.863122,浙江省宁波市海曙区江厦街道天封社区(南区)天封社区南区
669,992,992,杭州市余杭区临平米夏幼儿园,120.311785,30.433262,余杭区,120.316652,30.431188,浙江省杭州市临平区东湖街道杭州余杭米夏幼儿园
670,995,995,杭州市余杭区仁和中学,120.083613,30.45101,余杭区,120.08943,30.448621,浙江省杭州市余杭区仁和街道仁和中学
671,996,996,德清县舞阳学校,120.0042607,30.54182738,德清县,120.00935,30.539834,浙江省湖州市德清县武康街道德清县舞阳学校
672,997,997,德清县新市镇康乐幼儿园,120.281058,30.62035709,德清县,120.282256,30.619048,浙江省湖州市德清县新市镇西成路
673,998,998,义乌市北苑街道时代花园幼稚园,120.054093,29.324023,义乌市,120.058827,29.32155,浙江省金华市义乌市北苑街道时代花园幼稚园优幼儿童馆时代花园丹溪三区
674,999,999,杭州市西湖区周浦幼儿园,120.0709102,30.09320063,西湖区,120.07453,30.09261,浙江省杭州市西湖区双浦镇双浦镇综合文化站周浦幼儿园
675,1000,1000,义乌市义亭镇义亭小学,119.959105,29.242347,义乌市,119.963402,29.240663,浙江省金华市义乌市义亭镇义亭镇义亭小学
676,1001,1001,义乌市苏溪镇初级中学,120.118917,29.414236,义乌市,120.123522,29.411855,浙江省金华市义乌市苏溪镇校园警务苏溪镇初级中学
677,1002,1002,杭州市余杭区运河第二幼儿园,120.298094,30.501244,余杭区,120.302793,30.499004,浙江省杭州市临平区运河街道南园路运河镇第二幼儿园
678,1003,1003,杭州市余杭区新星幼儿园,120.291865,30.429087,余杭区,120.316125,30.40588,浙江省杭州市临平区南苑街道东和新区杭州市余杭区新星幼儿园
679,1005,1005,义乌市江东博雅幼儿园,120.046234,29.246807,义乌市,120.050329,29.245161,浙江省金华市义乌市江东街道博雅幼儿园佛堂省级旅游度假区(建设中)
680,1007,1007,义乌市佛堂镇雅西幼儿园,120.02557,29.178802,义乌市,120.017351,29.196282,浙江省金华市义乌市佛堂镇佛堂镇佛堂镇人民政府
681,1009,1009,杭州市余杭中学,119.959704,30.268109,余杭区,119.964356,30.266627,浙江省杭州市余杭区余杭街道余杭中学
682,1010,1010,杭州市余杭区中泰中学,119.922431,30.241534,余杭区,119.926843,30.239886,浙江省杭州市余杭区中泰街道中泰路33号
683,1011,1011,宁波市海曙区启文幼儿园,121.524303,29.854955,海曙区,121.528446,29.852494,浙江省宁波市海曙区段塘街道启文幼儿园启文幼儿园(粮丰街)
684,1013,1013,义乌市廿三里初级中学,120.178998,29.328486,义乌市,120.183349,29.325254,浙江省金华市义乌市廿三里街道校园警务义乌市廿三里初级中学
685,1014,1014,宁波市海曙区竹福园幼儿园,121.520225,29.882441,海曙区,121.524607,29.879939,浙江省宁波市海曙区望春街道竹福园幼儿园
686,1016,1016,德清县洛舍镇中心学校,120.0927478,30.63396452,德清县,120.097288,30.632338,浙江省湖州市德清县洛舍镇老直街108号洛舍中心学校
687,1017,1017,杭州市余杭区临平第一幼儿园,120.308919,30.422258,余杭区,120.298937,30.420703,浙江省杭州市临平区临平街道临平文化艺术长廊杭州市临平区第三幼儿园
688,1018,1018,义乌市江东街道鲇溪幼儿园,120.092239,29.306717,义乌市,120.096879,29.304052,浙江省金华市义乌市江东街道鲇溪幼儿园鲶溪新村
689,1019,1019,义乌市稠江街道育才幼儿园,120.053932,29.300795,义乌市,120.0589,29.298248,浙江省金华市义乌市稠江街道育才幼儿园(城店路)
690,1021,1021,杭州西湖风景名胜区茅家埠幼儿园,120.118442,30.240528,西湖区,120.123273,30.238126,浙江省杭州市西湖区西湖街道杭州西湖风景名胜区杭州西湖风景名胜区-茅家埠
691,1023,1023,义乌市北苑布谷鸟幼儿园,120.057521,29.315402,义乌市,120.062334,29.312914,浙江省金华市义乌市北苑街道西城路402号复兴湖塘西
692,1024,1024,杭州市西湖区金太阳幼儿园,120.086105,30.258276,西湖区,120.091143,30.256311,浙江省杭州市西湖区留下街道杭州西湖风景名胜区
693,1028,1028,德清县千秋外国语学校,119.9657718,30.5452046,德清县,119.970453,30.542907,浙江省湖州市德清县武康街道德清公安德清县千秋外国语学校警务站文欣苑
694,1029,1029,杭州市余杭区南苑中心小学,120.304885,30.37606,余杭区,120.310865,30.374319,浙江省杭州市临平区南苑街道南苑中心小学
695,1030,1030,义乌市江东雪贝尔幼儿园,120.152326,29.323459,义乌市,120.156448,29.321097,浙江省金华市义乌市江东街道大湖头村老年协会大湖头村
696,1031,1031,德清县禹越镇高桥中心幼儿园,120.2811227,30.55590682,德清县,120.285519,30.553589,浙江省湖州市德清县禹越镇新兴街52号高桥中心幼儿园(新兴街)
697,1033,1033,杭州市余杭区瓶窑镇第一幼儿园,119.966986,30.392995,余杭区,119.971988,30.390114,浙江省杭州市余杭区瓶窑镇苕溪苑瓶窑镇第一幼儿园
698,1034,1034,义乌市稠江街道成才幼儿园,120.057161,29.295537,义乌市,120.061844,29.293099,浙江省金华市义乌市稠江街道成才幼儿园(金苑路)
699,1035,1035,德清县新安镇勾里中心学校,120.2240927,30.53410631,德清县,120.228669,30.531848,浙江省湖州市德清县新安镇德清公安勾里中心学校警务站勾里中心学校
700,1036,1036,宁波市海曙区横街镇中心小学,121.395466,29.855084,海曙区,121.400355,29.854037,浙江省宁波市海曙区横街镇育才路横街镇中心小学
701,1037,1037,杭州市余杭区星桥中心幼儿园,120.253242,30.396193,余杭区,120.257978,30.393942,浙江省杭州市临平区星桥街道星桥中心幼儿园
702,1038,1038,义乌市佛堂镇田心小学,120.013645,29.181688,义乌市,120.018143,29.17908,浙江省金华市义乌市佛堂镇佛堂镇派出所田心小学警务联络室田心小学
703,1039,1039,杭州市余杭区大禹小学,119.948573,30.265829,余杭区,119.953349,30.262538,浙江省杭州市余杭区余杭街道城东路298号余杭区大禹小学
704,1040,1040,宁波市海曙锦华幼儿园,121.514431,29.870093,海曙区,121.518503,29.867237,浙江省宁波市海曙区白云街道海曙锦华幼儿园委员会联丰新村
705,1041,1041,义乌市江东街道欣欣向荣幼儿园,120.085512,29.268002,义乌市,120.090407,29.265458,浙江省金华市义乌市江东街道欣欣向荣幼儿园(黎明湖路)
706,1042,1042,义乌市江东街道毛店幼儿园,120.038515,29.256565,义乌市,120.043206,29.253999,浙江省金华市义乌市江东街道毛店幼儿园
707,1043,1043,义乌市荷叶塘初级中学,120.1184651,29.3793027,义乌市,120.121341,29.377284,浙江省金华市义乌市福田街道福田派出所驻荷叶塘初中警务室义乌市荷叶塘初级中学
708,1044,1044,杭州市余杭区星桥第一小学,120.255642,30.393972,余杭区,120.259971,30.392524,浙江省杭州市临平区星桥街道杭州市余杭区星桥第一小学
709,1045,1045,杭州市余杭区国泰盛世嘉园幼儿园,120.021569,30.236053,余杭区,120.315558,30.413166,浙江省杭州市临平区南苑街道国泰教育集团桂花星城
710,1046,1046,德清县武康英溪小学,119.9592919,30.54250379,德清县,119.964044,30.540164,浙江省湖州市德清县武康街道居仁街102号武康英溪小学(东校区)
711,1047,1047,杭州市余杭区绿苑幼儿园,119.965231,30.40212,余杭区,119.969721,30.399289,浙江省杭州市余杭区瓶窑镇绿园路杭州市余杭区绿苑幼儿园
712,1049,1049,杭州市余杭区孝慈水木清华幼儿园,119.909557,30.243508,余杭区,120.017691,30.219441,浙江省杭州市余杭区闲林街道杭州广义舞蹈团水木清华苑西区
713,1051,1051,义乌市佛堂三之三江滨幼儿园,120.00915,29.19658,义乌市,120.017014,29.20767,浙江省金华市义乌市佛堂镇糖厂宿舍佛堂省级旅游度假区(建设中)
714,1052,1052,义乌市苏溪镇溪北小太阳幼儿园,120.160008,29.418308,义乌市,120.164546,29.415862,浙江省金华市义乌市苏溪镇刑里线溪北小太阳幼儿园
715,1054,1054,杭州市余杭区新明半岛英才学校,119.945131,30.243806,余杭区,119.949784,30.240567,浙江省杭州市余杭区中泰街道杭州市余杭区新明半岛英才学校
716,1055,1055,杭州市余杭区中泰中心幼儿园,119.931285,30.239568,余杭区,119.896585,30.243876,浙江省杭州市余杭区中泰街道中泰中心幼儿园跳头园区
717,1056,1056,德清县育才学校,119.956359,30.576019,德清县,119.961385,30.573483,浙江省湖州市德清县阜溪街道德清县育才学校
718,1057,1057,杭州市闲林职业高级中学,119.978616,30.22562,余杭区,119.983191,30.223081,浙江省杭州市余杭区闲林街道闲林派出所闲林职高警务室杭州市闲林职业高级中学
719,1059,1059,杭州市余杭区良渚第二中学,120.086371,30.363027,余杭区,120.090418,30.361396,浙江省杭州市余杭区良渚街道余杭区良渚第二中学
720,1060,1060,杭州市余杭区树兰幼儿园,120.281676,30.429591,余杭区,120.288769,30.426283,浙江省杭州市临平区临平街道迎宾路临平公园
721,1062,1062,义乌市苏溪镇第二小学,120.1232148,29.42379319,义乌市,120.127805,29.421759,浙江省金华市义乌市苏溪镇苏溪镇第二小学
722,1063,1063,义乌市上溪镇信达幼儿园,119.919725,29.273254,义乌市,119.924192,29.270126,浙江省金华市义乌市上溪镇信达幼儿园
723,1064,1064,义乌市苏溪镇红苹果幼儿园,120.127795,29.421381,义乌市,120.132336,29.418685,浙江省金华市义乌市苏溪镇人民北路146号新院小区
724,1065,1065,杭州市余杭区运河第一幼儿园,120.297233,30.467315,余杭区,120.301798,30.464953,浙江省杭州市临平区运河街道湖潭路312号
725,1066,1066,杭州市余杭区仁和第三幼儿园,120.090882,30.411234,余杭区,120.095354,30.408874,浙江省杭州市余杭区仁和街道西南山南路120号余杭区仁和第三幼儿园云会园区
726,1067,1067,杭州市余杭区东湖水漾幼儿园,120.310142,30.430481,余杭区,120.313751,30.42792,浙江省杭州市临平区东湖街道水漾人家小区东海·水漾人家
727,1072,1072,义乌市徐江小学,120.048503,29.256806,义乌市,120.054342,29.253904,浙江省金华市义乌市江东街道徐江小学
728,1075,1075,义乌市儿童乐园幼稚园,120.068378,29.294727,义乌市,120.073192,29.291998,浙江省金华市义乌市稠城街道义乌市儿童乐园幼稚园义乌海洋世界
729,1076,1076,杭州市余杭区国泰幼儿园,120.313018,30.415751,余杭区,120.302103,30.464705,浙江省杭州市临平区运河街道湖潭路
730,1077,1077,宁波市尹江岸幼儿园,121.535986,29.859209,海曙区,121.540083,29.856483,浙江省宁波市海曙区南门街道尹东小区宁波市尹江岸幼儿园
731,1078,1078,义乌市福田开心幼儿园,120.090909,29.341682,义乌市,120.095637,29.339149,浙江省金华市义乌市福田街道口岸路陶界岭小区
732,1080,1080,义乌市北苑街道小太阳幼儿园,120.063304,29.313696,义乌市,120.067968,29.31113,浙江省金华市义乌市北苑街道小太阳幼儿园(北苑街道)建设二村
733,1081,1081,杭州市西湖区新蕾幼儿园,120.09377,30.125675,西湖区,120.098577,30.12319,浙江省杭州市西湖区双浦镇良南路
734,1082,1082,杭州市余杭区开心幼儿园,120.285309,30.429556,余杭区,120.289844,30.427214,浙江省杭州市临平区临平街道星光街杭州市临平区开心幼儿园(星光街)
735,1084,1084,杭州市西湖区申花路幼儿园,120.094311,30.31290808,西湖区,120.098812,30.310439,浙江省杭州市西湖区三墩镇杭州市西湖区申花路幼儿园(申花路园区)
736,1085,1085,义乌市江东街道永胜幼儿园,120.103076,29.307822,义乌市,120.107564,29.305285,浙江省金华市义乌市江东街道永胜幼儿园永胜小区
737,1087,1087,杭州市西湖区华门托儿所,120.130455,30.293901,西湖区,120.13522,30.29155,浙江省杭州市西湖区西溪街道沙县速食(教工路)新德雅公寓(教工路)
738,1088,1088,义乌工商职业技术学院,120.095297,29.302018,义乌市,120.098716,29.297709,浙江省金华市义乌市江东街道义乌市应急管理学院义乌工商职业技术学院
739,1089,1089,义乌市北苑街道爱咪儿幼儿园,120.060074,29.310397,义乌市,120.065,29.307841,浙江省金华市义乌市北苑街道爱咪儿幼儿园建设三村小区
740,1091,1091,杭州市余杭区荷花幼儿园,120.287257,30.431771,余杭区,120.291696,30.429152,浙江省杭州市临平区临平街道荷花幼儿园荷花小区西区
741,1092,1092,杭州市余杭区阳光宝贝方汇幼儿园,119.942851,30.25883,余杭区,119.947432,30.25618,浙江省杭州市余杭区余杭街道方汇花苑
742,1093,1093,杭州市余杭区理想湾幼儿园,120.267055,30.437174,余杭区,120.271672,30.434899,浙江省杭州市临平区临平街道理想湾幼儿园众安理想湾
743,1094,1094,杭州市西湖区午山幼儿园,120.083366,30.16648424,西湖区,120.087652,30.164385,浙江省杭州市西湖区转塘街道午山幼儿园转塘家园北区
744,1095,1095,义乌市北苑街道丹溪幼儿园,120.058787,29.320909,义乌市,120.063557,29.318472,浙江省金华市义乌市北苑街道义乌市北苑丹溪幼儿园丹溪一区
745,1096,1096,杭州市余杭区径山镇中学,119.873596,30.378978,余杭区,119.877708,30.376807,浙江省杭州市余杭区径山镇毛潘线径山中学
746,1097,1097,杭州市西湖区三墩镇中心幼儿园,120.0776909,30.32210733,西湖区,120.082545,30.319894,浙江省杭州市西湖区三墩镇庙前街55号三墩镇中心幼儿园
747,1098,1098,义乌市义亭镇童星幼儿园,119.95661,29.2359,义乌市,119.959923,29.234224,浙江省金华市义乌市义亭镇义亭镇童星幼儿园义亭中学
748,1099,1099,德清县筏头中心学校,119.8506129,30.55545492,德清县,119.855502,30.552187,浙江省湖州市德清县莫干山镇德清县筏头小学筏头中心学校
749,1100,1100,德清县新安镇中心幼儿园,120.213867,30.532052,德清县,120.21863,30.529065,浙江省湖州市德清县新安镇新安镇新安镇人民政府
750,1101,1101,浙江青年专修学院,120.1309735,30.28647583,西湖区,120.120937,30.276025,浙江省杭州市西湖区翠苑街道康新花园B座康新花园
751,1102,1102,浙江特殊教育职业学院,120.010645,30.20853494,西湖区,120.014617,30.204623,浙江省杭州市西湖区留下街道绿野春天浙江特殊教育职业学院
752,1103,1103,浙江师范大学杭州幼儿师范学院附属幼儿园,120.1348302,30.28510548,西湖区,120.13833,30.283021,浙江省杭州市西湖区西溪街道一品香独一锅浙江师范大学杭州幼儿师范学院
753,1104,1104,德清县上柏幼儿园,119.9494198,30.49261466,德清县,119.977401,30.54251,浙江省湖州市德清县武康街道德清县德清县人民政府
754,1105,1105,宁波国际文武学校,121.4943791,29.87241809,海曙区,121.498041,29.869927,浙江省宁波市海曙区高桥镇联丰中路477号宁波国际文武学校
755,1108,1108,德清县回龙小区幼儿园,119.956144,30.52716,德清县,119.960981,30.524438,浙江省湖州市德清县舞阳街道回龙小区幼儿园
756,1109,1109,杭州市余杭区五常街道中心幼儿园,120.04391,30.247693,余杭区,120.041531,30.288729,浙江省杭州市余杭区五常街道五常街道中心幼儿园西溪北苑东区
757,1110,1110,浙江外国语学院,120.0338215,30.22214097,西湖区,120.036972,30.221294,浙江省杭州市西湖区留下街道浙江外国语学院西方语言文化学院浙江外国语学院
758,1112,1112,德清县鑫盛小区幼儿园,119.9473338,30.53486634,德清县,119.951893,30.532107,浙江省湖州市德清县武康街道德清县千秋幼儿园鑫盛小区
759,1114,1114,浙江音乐学院,120.0488055,30.15167215,西湖区,120.056346,30.154169,浙江省杭州市西湖区转塘街道浙音路1号浙江音乐学院
760,1115,1115,杭州市西湖区翠苑第四幼儿园,120.116857,30.285868,西湖区,120.121796,30.286405,浙江省杭州市西湖区翠苑街道杭州市西湖区翠苑第四幼儿园
761,1116,1116,杭州英才高级中学,120.0797618,30.25392443,西湖区,120.083708,30.253083,浙江省杭州市西湖区留下街道杭州西湖风景名胜区杭州第一技师学院
762,1117,1117,宁波市海曙段塘育苗幼儿园,121.5104231,29.85075901,海曙区,121.51465,29.848348,浙江省宁波市海曙区段塘街道丽园南路宁波海曙段塘育苗幼儿园
763,1118,1118,杭州市西湖区象山幼儿园,120.0809597,30.15587826,西湖区,120.085321,30.153607,浙江省杭州市西湖区转塘街道象山幼儿园(东环路)
764,1120,1120,宁波市海曙区洞桥镇新欣幼儿园,121.40202,29.78422001,海曙区,121.406135,29.781913,浙江省宁波市海曙区洞桥镇碧云路
765,1121,1121,德清县塔山小区幼儿园,119.971186,30.52554,德清县,119.976129,30.522956,浙江省湖州市德清县舞阳街道塔山幼儿园塔山小区(云岫南路)
766,1124,1124,杭州市余杭区良渚喜羊羊幼儿园,120.094246,30.357435,余杭区,120.09886,30.355183,浙江省杭州市余杭区良渚街道杭州市余杭区良渚喜羊羊幼儿园
767,1125,1125,杭州市余杭区良渚第二小学,120.09509,30.378488,余杭区,120.099233,30.376507,浙江省杭州市余杭区良渚街道良渚第二小学
768,1128,1128,浙江体育职业技术学院,120.1108007,30.16885122,西湖区,120.29401,30.253936,浙江省杭州市萧山区宁围街道浙江省国泰体训中心浙江体育职业技术学院
769,1129,1129,德清县筏头幼儿园,119.8502015,30.54557369,德清县,119.855502,30.552187,浙江省湖州市德清县莫干山镇德清县筏头小学筏头中心学校
770,1130,1130,杭州市余杭区吴家厍幼儿园,120.1129766,30.35391573,余杭区,120.118094,30.352214,浙江省杭州市余杭区良渚街道大众小吃良运家园
771,1131,1131,德清县武康幼儿园,119.9547519,30.54000516,德清县,119.959364,30.537466,浙江省湖州市德清县武康街道武康幼儿园
772,1132,1132,宁波工程学院,121.5269396,29.88343727,海曙区,121.613244,29.909587,浙江省宁波市江北区路林地铁站A口宁波工程学院东校区
773,1136,1136,德清县三合幼儿园,120.02941,30.47916,德清县,120.034184,30.476847,浙江省湖州市德清县下渚湖街道德清县三合幼儿园
774,1137,1137,浙江省医学科学院,120.1276333,30.27529364,西湖区,120.13269,30.272725,浙江省杭州市西湖区翠苑街道浙江省实验动物管理办公室浙江省医学科学院
775,1138,1138,杭州市西湖区百家园路幼儿园,120.0542957,30.24987737,西湖区,120.059071,30.24746,浙江省杭州市西湖区留下街道西溪明珠幼儿园百家园幼儿园
776,1139,1139,杭州市西湖区学院路幼儿园,120.1252835,30.29552658,西湖区,120.129817,30.293157,浙江省杭州市西湖区翠苑街道保亭社区东二区
777,1140,1140,杭州市余杭区良渚七贤小学,120.011795,30.349442,余杭区,120.01657,30.346602,浙江省杭州市余杭区良渚街道良渚七贤小学
778,1141,1141,宁波市海曙区高桥镇中心幼儿园,121.4647417,29.90446533,海曙区,121.469172,29.901865,浙江省宁波市海曙区高桥镇高桥路569号高桥镇中心幼儿园
779,1143,1143,宁波市海曙区高桥镇岐阳小学,121.424234,29.92265408,海曙区,121.428548,29.920271,浙江省宁波市海曙区高桥镇岐山路67号岐阳小学
780,1144,1144,中国人民解放军浙江省军区机关汪庄幼儿园,120.1477272,30.2311732,西湖区,120.15278,30.228972,浙江省杭州市西湖区西湖街道杭州西湖风景名胜区
781,1145,1145,德清县东风小学,119.8932922,30.53480367,德清县,119.897891,30.532229,浙江省湖州市德清县武康街道东风小学
782,1146,1146,德清县地理信息小镇幼儿园,119.965532,30.520706,德清县,119.97934,30.520702,浙江省湖州市德清县舞阳街道德清地理信息小镇
783,1147,1147,德清县机关幼儿园,119.9665301,30.53884428,德清县,119.971066,30.536178,浙江省湖州市德清县武康街道广场西弄47号东苑新村(曲园南路)
784,1148,1148,杭州市西湖区育博幼儿园,120.067386,30.324288,西湖区,120.072416,30.322015,浙江省杭州市西湖区三墩镇杭州市西湖区育博幼儿园汇禾领府
785,1149,1149,杭州市陳经纶体育幼儿园,120.1335585,30.2674496,西湖区,120.1377,30.265514,浙江省杭州市西湖区灵隐街道曙光路126号杭州市陈经纶体育学校
786,1150,1150,浙江长征职业技术学院,120.0149622,30.21112889,西湖区,120.019595,30.207926,浙江省杭州市西湖区留下街道浙江长征职业技术学院
787,1152,1152,宁波市海曙区集士港镇中心初级中学,121.424439,29.868618,海曙区,121.445158,29.861745,浙江省宁波市海曙区集士港镇集士港镇城投大厦
788,1156,1156,宁波市海曙区雅戈尔中学,121.4992117,29.81991938,海曙区,121.503509,29.817398,浙江省宁波市海曙区石碶街道雅戈尔中学
789,1157,1157,杭州师范大学,120.006387,30.292171,余杭区,120.394204,30.315728,浙江省杭州市钱塘区白杨街道杭州师范大学下沙校区
790,1159,1159,宁波外事学校,121.5070157,29.84735541,海曙区,121.511047,29.84544,浙江省宁波市海曙区段塘街道宁波外事学校启运校区
791,1160,1160,中共浙江省委党校,120.0092604,30.28144176,余杭区,120.089432,30.134361,浙江省杭州市西湖区转塘街道杭州中华文化学院杭州市社会主义学院
792,1162,1162,义乌市幸福湖小学,120.062589,29.364564,义乌市,120.067121,29.362428,浙江省金华市义乌市后宅街道义乌市幸福湖小学
793,1163,1163,宁波市海曙区集士港镇中心小学,121.4458062,29.86861433,海曙区,121.450132,29.866308,浙江省宁波市海曙区集士港镇集士港镇中心小学
794,1164,1164,杭州市西湖区海鸿幼儿园,120.0665557,30.34679796,西湖区,120.071562,30.344308,浙江省杭州市西湖区三墩镇里鸿巷吉鸿家园西区临秀苑
795,1167,1167,宁波市海曙区雅戈尔小学,121.5006888,29.82470144,海曙区,121.504988,29.822196,浙江省宁波市海曙区石碶街道雅戈尔小学
796,1168,1168,德清县春晖小学,119.951649,30.547968,德清县,119.955531,30.545577,浙江省湖州市德清县武康街道志远南路98号德清县春晖小学
797,1170,1170,宁波市海曙区高桥镇望春小学,121.4984979,29.89321946,海曙区,121.502994,29.891111,浙江省宁波市海曙区高桥镇望春小学
798,1171,1171,杭州市西湖区甲来路幼儿园,120.062532,30.344128,西湖区,120.067562,30.341843,浙江省杭州市西湖区三墩镇金庄路322号都市阳光乐苑
799,1172,1172,宁波市海曙区古林镇布政幼儿园,121.4674787,29.84038273,海曙区,121.473293,29.837167,浙江省宁波市海曙区古林镇古林派出所布政幼儿园警务联络点都市嘉源
800,1173,1173,杭州市余杭区塘栖镇第三幼儿园,120.2280646,30.45928671,余杭区,120.231888,30.456606,浙江省杭州市临平区塘栖镇朱家角康乐小区
801,1174,1174,宁波财经学院,121.4769124,29.89080068,海曙区,121.48143,29.88673,浙江省宁波市海曙区高桥镇宁波财经学院-经管实验大楼宁波财经学院
802,1175,1175,杭州市余杭区临平第一小学,120.2951,30.408154,余杭区,120.299521,30.405745,浙江省杭州市临平区南苑街道临平区临平第一小学世纪校区
803,1177,1177,宁波市海曙区高桥镇清沁家园幼儿园,121.4884676,29.89612425,海曙区,121.492986,29.894042,浙江省宁波市海曙区高桥镇高桥派出所清沁家园幼儿园警务联络点新桥·清沁家园
804,1178,1178,杭州市陈经纶体育学校,120.1336663,30.26730832,西湖区,120.138015,30.266613,浙江省杭州市西湖区灵隐街道杭州市陈经纶体育学校
805,1179,1179,德清县三桥幼儿园,119.9559,30.57248434,德清县,119.958925,30.570853,浙江省湖州市德清县阜溪街道德清公安德清县三桥幼儿园警务站德清县三桥幼儿园
806,1181,1181,浙江女子专修学院,120.1194873,30.29244418,西湖区,120.123915,30.289767,浙江省杭州市西湖区翠苑街道翠苑三区浙江女子专修学院
807,1183,1183,杭州市西湖区景汇幼儿园,120.061394,30.35221,西湖区,120.130203,30.259324,浙江省杭州市西湖区灵隐街道杭州市西湖区人民政府
808,1186,1186,宁波市海曙区集士港镇格兰春晨幼儿园,121.453113,29.86157063,海曙区,121.457518,29.859413,浙江省宁波市海曙区集士港镇集士港派出所格兰春晨幼儿园警务联络点格兰春晨幼儿园
809,1187,1187,杭州市余杭区瓶窑镇第二幼儿园,119.967436,30.378436,余杭区,119.978556,30.368133,浙江省杭州市余杭区瓶窑镇203县道瓶窑镇第二幼儿园花园园区
810,1188,1188,宁波第二技师学院,121.51044,29.86122,海曙区,121.514363,29.858697,浙江省宁波市海曙区望春街道宁波第二技师学院西校区宁波第二技师学院
811,1189,1189,杭州市临平职业高级中学(杭州市余杭区技工学校）,120.308071,30.41419,余杭区,120.314514,30.414237,浙江省杭州市临平区南苑街道余杭区体育中心杭州市临平职业高级中学
812,1190,1190,义乌市北苑街道复兴幼儿园,120.0522056,29.3145008,义乌市,120.05698,29.311974,浙江省金华市义乌市北苑街道复兴幼儿园复兴1区
813,1193,1193,义乌市北苑美洋洋幼儿园,120.0625641,29.34466303,义乌市,120.067259,29.342273,浙江省金华市义乌市北苑街道美洋洋幼儿园青莲2区
814,1194,1194,浙江音乐学院附属音乐学校,120.0488055,30.15167215,西湖区,120.058944,30.157047,浙江省杭州市西湖区转塘街道浙江音乐学院戏剧系浙江音乐学院
815,1196,1196,宁波市同济中学,121.4948342,29.87727227,海曙区,121.499259,29.873919,浙江省宁波市海曙区高桥镇同济中学校园警务同济中学
816,1197,1197,杭州市余杭区塘栖镇塘南中心小学,120.210729,30.480092,余杭区,120.214935,30.477481,浙江省杭州市临平区塘栖镇塘栖第三幼儿园李家桥园区余杭区塘栖镇塘南中心小学李家桥校区
817,1198,1198,杭州市余杭区舟枕小学,119.888306,30.29392,余杭区,119.892827,30.290984,浙江省杭州市余杭区余杭街道镇舟枕小学
