,objectid,name,address,point_x,point_y,dsmc,qxmc,xzmc,xxlb,xzqdm,dj,gdb_geomattr_data,shape,verify_point_x,verify_point_y,verify_address,o_point_x,o_point_y,judge_way
0,118.0,杭州市余杭区英特外国语学校,杭州市余杭区上和路1号,119.9691041,30.24389338,杭州市,余杭区,余杭街道,完全中学,330110.0,中等教育,,01010000208A11000048811ECD05FE5D401084E6CB6F3E3E40,119.96971,30.24503,杭州市余杭区上和路1杭州英特外国语学校,119.9691041,30.24389338,tdt
1,749.0,浙江省杭州第七中学,浙江省杭州市西湖区转塘环山路1号,120.0519114,30.15144314,杭州市,西湖区,转塘街道,高级中学,330106.0,中等教育,,01010000208A110000F0473F8452035E40600730FAC4263E40,120.053046,30.150409,杭州市西湖区转塘环山路1号浙江省杭州第七中学,120.0519114,30.15144314,tdt
2,776.0,宁波市海曙区古林镇薛家小学,浙江省宁波市海曙区古林镇薛家村1号,121.4966271,29.85732021,宁波市,海曙区,古林镇,小学,330203.0,初等教育,,01010000208A110000F835EBBCC85F5E4060BD605679DB3D40,121.497784,29.859272,宁波市海曙区古林镇薛家小学,121.4966271,29.85732021,tdt
3,858.0,宁波市海曙区石\街道实验小学,浙江省宁波市海曙区石\街道横涨村广泽南路2999号,121.4442275,29.79432463,宁波市,海曙区,石\街道,小学,330203.0,初等教育,,01010000208A110000E05F40396E5C5E40505FD7DB58CB3D40,121.44373,29.79434,宁波市海曙区石\街道实验小学,121.4442275,29.79432463,tdt
4,1194.0,杭州市余杭区径山镇双溪幼儿园,杭州市余杭区径山镇双溪村水磨苑107号,119.8207394,30.40938898,杭州市,余杭区,径山镇,幼儿园,330110.0,学前教育,,01010000208A11000048B69FFE86F45D40600861B7CD683E40,119.82,30.4099,杭州市余杭区径山镇双溪幼儿园,119.8207394,30.40938898,tdt
5,1203.0,义乌市金城高尔夫幼儿园,义乌市金城高尔夫2期20栋,120.0646221,29.35996556,金华市,义乌市,后宅街道,幼儿园,330782.0,学前教育,,01010000208A110000D8CB93C422045E40705C09B4265C3D40,120.06365,29.3597300000001,金华市义乌市金城高尔夫二期20栋金城高尔夫幼儿园,120.0646221,29.35996556,tdt
6,1240.0,杭州市余杭区育海外国语学校,杭州市天目山西路255号,119.9919752,30.23249034,杭州市,余杭区,闲林街道,九年一贯制学校,330110.0,中等教育,,01010000208A110000705B7A857CFF5D40100D9A7C843B3E40,119.9914,30.23221,杭州市余杭区杭州育海外国语学校,119.9919752,30.23249034,tdt
7,1249.0,义乌市后宅街道鹤田幼儿园,义乌市后宅街道鹤田一区43号、45号,120.0604108,29.41129031,金华市,义乌市,后宅街道,幼儿园,330782.0,学前教育,,01010000208A11000070D371C5DD035E40906E4D524A693D40,120.06032,29.41288,金华市义乌市后宅街道鹤田村二区后宅街道鹤田幼儿园,120.0604108,29.41129031,tdt
8,1280.0,义乌公学,义乌市求真路388号,120.0000704,29.30621768,金华市,义乌市,城西街道,十二年一贯制学校,330782.0,中等教育,,01010000208A110000208A3A2701005E40102C1C48644E3D40,120.00032,29.305101,金华市义乌市义乌公学,120.0000704,29.30621768,tdt
9,1502.0,杭州市余杭区北湖绿洲幼儿园,杭州市余杭区瓶窑镇北湖绿洲小区23-1号,119.9748339,30.3810721,杭州市,余杭区,瓶窑镇,幼儿园,330110.0,学前教育,,01010000208A1100003066C1AD63FE5D4000BDDDF08D613E40,119.97389,30.38102,杭州市余杭区北湖绿洲幼儿园,119.9748339,30.3810721,tdt
10,1793.0,杭州市余杭区蒲公英学校,杭州市余杭区瓶窑镇长命村,120.000497,30.385359,杭州市,余杭区,瓶窑镇,十二年一贯制学校,330110.0,中等教育,,01010000208A110000C0AF912408005E4020382EE3A6623E40,119.999317,30.385051,杭州市余杭区长命村杭州蒲公英学校,120.000497,30.385359,tdt
11,2162.0,宁波市海曙区镇明中心小学,宁波市海曙区云石街52号，宁波市海曙区云霞路226号,121.525747,29.857685,宁波市,海曙区,段塘街道,小学,330203.0,初等教育,,01010000208A11000018BEBED6A5615E401045813E91DB3D40,121.54199,29.86788,宁波市海曙区云石街52宁波市镇明中心小学,121.525747,29.857685,tdt
12,2304.0,浙江新世纪经贸专修学院,杭州市余杭区天目山西路355号,119.9683002,30.24055365,杭州市,余杭区,闲林街道,民办的其他高等教育机构,330110.0,其他教育,,01010000208A110000B02A30A1F8FD5D4000DD9CEC943D3E40,120.196148446,30.2071889700001,杭州市滨江区浙江新世纪经贸专修学院,119.9683002,30.24055365,tdt
13,2360.0,杭州市余杭区未来科技城海云幼儿园,杭州市余杭区仓前街道创景路9号,119.9926887,30.2867093,杭州市,余杭区,仓前街道,幼儿园,330110.0,学前教育,,01010000208A110000605C3D3688FF5D40908CE3C765493E40,120.02735,30.29438,杭州市余杭区未来科技城海曙幼儿园,119.9926887,30.2867093,tdt
14,2435.0,杭州市余杭区未来科技城海曙小学,杭州市余杭区五常街道联创街2-2,120.0263865,30.2943386,杭州市,余杭区,五常街道,小学,330110.0,初等教育,,01010000208A11000028B41E51B0015E40508A4DC6594B3E40,120.02669,30.29358,杭州市余杭区未来科技城海曙小学,120.0263865,30.2943386,tdt
15,2825.0,杭州市余杭区凤凰幼儿园,杭州市余杭区余杭街道城东路6号,119.9500036,30.25458558,杭州市,余杭区,余杭街道,幼儿园,330110.0,学前教育,,01010000208A11000020C70ADCCCFC5D4020B94C852C413E40,119.94916,30.25508,杭州市余杭区城东路7正东方向180米余杭区凤凰幼儿园,119.9500036,30.25458558,tdt
16,2976.0,宁波市海曙区古林镇中心小学,浙江省宁波市海曙区古林镇古林村1号,121.4380761,29.82871399,宁波市,海曙区,古林镇,小学,330203.0,初等教育,,01010000208A11000010BD5770095C5E4020E78F9926D43D40,121.437399,29.830067,宁波市海曙区育新路5号古林镇中心小学,121.4380761,29.82871399,tdt
17,3419.0,浙江师范大学附属义乌实验学校,浙江省义乌市北苑街道拥军路209号,120.0402159,29.33945767,金华市,义乌市,北苑街道,初级中学,330782.0,中等教育,,01010000208A110000107EA2E592025E40C06F9EB2E6563D40,120.04062,29.3386,金华市义乌市拥军路209浙江师范大学附属义乌实验学校,120.0402159,29.33945767,tdt
18,3637.0,宁波市海曙区古林镇蜃蛟小学,浙江省宁波市海曙区古林镇蜃蛟村裕城路1号,121.3990252,29.82045705,宁波市,海曙区,古林镇,小学,330203.0,初等教育,,01010000208A11000018C416A189595E4050D1297909D23D40,121.39974,29.82007,宁波市海曙区裕城1海曙区古林镇蜃蛟小学,121.3990252,29.82045705,tdt
19,3790.0,宁波市红旗幼儿园,乌含巷36号,121.5377463,29.87929558,宁波市,海曙区,鼓楼街道,幼儿园,330203.0,学前教育,,01010000208A110000C078416F6A625E4090E9E38319E13D40,121.54784,29.8789,宁波市海曙区宁波红旗幼儿园,121.5377463,29.87929558,tdt
20,3868.0,义乌市香山小学教育集团,稠城街道胜利路35号,120.0616006,29.30649581,金华市,义乌市,稠城街道,小学,330782.0,初等教育,,01010000208A11000028648443F1035E40B07D7982764E3D40,120.03893,29.2942,金华市义乌市戚继光路328义乌市香山小学教育集团杨村校区,120.0616006,29.30649581,tdt
21,4043.0,杭州市学军小学,文二路求智巷6号,120.139565,30.28366959,杭州市,西湖区,西溪街道,小学,330106.0,初等教育,,01010000208A11000028F0E1A1EE085E4070EBFB919E483E40,120.13909,30.28423,杭州市西湖区求智巷6号杭州市学军小学,120.139565,30.28366959,tdt
22,4159.0,浙江省交通运输厅幼儿园,杭州市西湖区宝石山下4弄18号,120.1442091,30.26490396,杭州市,西湖区,北山街道,幼儿园,330106.0,学前教育,,01010000208A110000281FA3B83A095E407013F9BED0433E40,120.14466,30.26489,杭州市西湖区宝石山下四弄18号浙江省交通运输厅幼儿园,120.1442091,30.26490396,tdt
23,4285.0,宁波市海曙区德英乐幼儿园,宁波市海曙区灵桥路768号,121.5541249,29.86828196,宁波市,海曙区,江厦街道,幼儿园,330203.0,学前教育,,01010000208A110000F8C82AC876635E40A09CF9B947DE3D40,121.55352,29.86759,宁波市海曙区灵桥路768号芝士公园宁波市海曙区德英乐幼儿园,121.5541249,29.86828196,tdt
24,4378.0,宁波市市级机关第二幼儿园,宁波市海曙区苍水街172号,121.5469119,29.87859828,宁波市,海曙区,鼓楼街道,幼儿园,330203.0,学前教育,,01010000208A110000D8D7DE9A00635E40F0BD0DD1EBE03D40,121.60852,29.8514,宁波市鄞州区舒波路405宁波市市级机关第二幼儿园,121.5469119,29.87859828,tdt
25,4399.0,宁波市闻裕顺幼儿园,宁波市海曙区 蓝天路299弄12号,121.5128392,29.87431558,宁波市,海曙区,白云街道,幼儿园,330203.0,学前教育,,01010000208A11000030CE7E5BD2605E40C0A96725D3DF3D40,121.51999773,29.8597821590001,宁波市海曙区闻裕顺幼儿园,121.5128392,29.87431558,tdt
26,4556.0,宁波市海曙区高桥镇博泽学校,浙江省宁波市海曙区高桥镇宋家漕村迎春路288号,121.4970821,29.87745618,宁波市,海曙区,高桥镇,九年一贯制学校,330203.0,中等教育,,01010000208A110000886D8931D05F5E40F0C5DCF7A0E03D40,121.49641,29.8775,宁波市海曙区迎春路288高桥镇博泽学校,121.4970821,29.87745618,tdt
27,4591.0,宁波市鄞江中学,宁波鄞州区鄞江镇四明东路79弄1号,121.3583774,29.78448106,宁波市,海曙区,鄞江镇,高级中学,330203.0,中等教育,,01010000208A11000020788DA7EF565E40100831C0D3C83D40,121.357575,29.783571,宁波市海曙区四明东路79弄1鄞江中学,121.3583774,29.78448106,tdt
28,4831.0,宁波市外经贸幼儿园,宁波市海曙区筱墙巷22号,121.5294291,29.88086617,宁波市,海曙区,西门街道,幼儿园,330203.0,学前教育,,01010000208A110000D0FCAC2AE2615E4080B6F77180E13D40,121.513,29.85215,宁波市海曙区顺德路318宁波市外经贸幼儿园,121.5294291,29.88086617,tdt
29,5009.0,宁波市海曙区国骅东方幼儿园,海曙区石\街道雅渡新村888号,121.5019459,29.82673998,宁波市,海曙区,石\街道,幼儿园,330203.0,学前教育,,01010000208A110000B83B78E11F605E40D019343BA5D33D40,121.50057,29.82651,宁波市海曙区鄞县大道西段888雅渡新村国骅东方幼儿园,121.5019459,29.82673998,tdt
30,5121.0,浙江省杭州学军中学,杭州市文三路188号,120.1348901,30.28069745,杭州市,西湖区,西溪街道,高级中学,330106.0,中等教育,,01010000208A11000020CDF509A2085E4010D2BFC9DB473E40,120.06487,30.30032,杭州市西湖区蒋墩路369杭州学军中学,120.1348901,30.28069745,tdt
31,5187.0,杭州市余杭区贝贝幼儿园,杭州市余杭区闲林街道良睦路402号,120.004885,30.234594,杭州市,余杭区,闲林街道,幼儿园,330110.0,学前教育,,01010000208A11000068CF2C0950005E4080D6355A0E3C3E40,120.00341,30.2356,杭州市余杭区贝贝幼儿园,120.004885,30.234594,tdt
32,5408.0,杭州市余杭区径山镇双溪中心小学,杭州市余杭区径山镇双溪水磨苑106号,119.82522,30.411435,杭州市,余杭区,径山镇,小学,330110.0,初等教育,,01010000208A11000050008C67D0F45D40006EDDCD53693E40,119.82157,30.40987,杭州市余杭区径山镇双溪中心小学,119.82522,30.411435,tdt
33,5414.0,德清县禹越镇徐家庄中心小学,浙江省德清县禹越镇朝阳路15号,120.2644264,30.52269691,湖州市,德清县,禹越镇,小学,330521.0,初等教育,,01010000208A110000D0CBA25CEC105E40902BF676CF853E40,120.265,30.52354,湖州市德清县禹越镇徐家庄中心小学,120.2644264,30.52269691,tdt
34,5450.0,杭州绿城育华小学,杭州市文一西鲁532号,120.0820373,30.28968642,杭州市,西湖区,蒋村街道,小学,330105.0,初等教育,,01010000208A11000030992C1940055E4040858EE3284A3E40,120.08,30.29304,杭州市西湖区文一西路532-1正北方向197米杭州绿城育华小学,120.0820373,30.28968642,tdt
35,5473.0,义乌市宗泽小学,义乌市江东街道宾王路778号,120.106702,29.29764,金华市,义乌市,江东街道,小学,330782.0,初等教育,,01010000208A110000C01AA034D4065E4040FB9122324C3D40,120.10586,29.2968000000001,金华市义乌市宗泽小学,120.106702,29.29764,tdt
36,5526.0,杭州万向职业技术学院,浙江省杭州市西湖区西溪路896号,120.0709364,30.25486257,杭州市,西湖区,留下街道,专科院校：高等职业学校,330106.0,高等学校,,01010000208A1100005838EC388A045E4060D45EAC3E413E40,120.06977,30.2561000000001,杭州市西湖区西溪路896号杭州万向职业技术学院,120.0709364,30.25486257,tdt
37,5591.0,宁波市宝韵音乐幼儿园,宁波市海曙区柳汀街吴家塘路128号,121.527982,29.870169,宁波市,海曙区,南门街道,幼儿园,330203.0,学前教育,,01010000208A11000018B80375CA615E4030FE4465C3DE3D40,121.62761,29.89353,宁波市鄞州区宝韵音乐幼儿园,121.527982,29.870169,tdt
38,5646.0,杭州市余杭区微时代幼儿园,杭州市余杭经济开发区微时代城12撞,120.231193,30.462897,杭州市,余杭区,塘栖镇,幼儿园,330110.0,学前教育,,01010000208A1100001884B9DDCB0E5E40A06AF46A80763E40,120.2304,30.46284,杭州市临平区龙船坞路96东北方向173米微时代幼儿园,120.231193,30.462897,tdt
39,6005.0,杭州市余杭区林苑学校,浙江省杭州市余杭区运河街道南栅口社区1号综合楼,120.301185,30.463389,杭州市,余杭区,运河街道,九年一贯制学校,330110.0,中等教育,,01010000208A110000F042739D46135E40805358A9A0763E40,120.29913,30.4617,杭州市临平区运河镇南栅口村2组西北方向17米杭州市余杭区林苑学校,120.301185,30.463389,tdt
40,6110.0,宁波市海曙区高桥镇联升佳苑幼儿园,宁波市海曙区高桥镇联升村联升佳苑,121.472526,29.881117,宁波市,海曙区,高桥镇,幼儿园,330203.0,学前教育,,01010000208A110000A020B1DD3D5E5E4020F33AE290E13D40,121.4733,29.88111,宁波市海曙区联升佳苑小区内高桥镇联升佳苑幼儿园,121.472526,29.881117,tdt
41,6318.0,义乌市湖门小学,义乌市后宅街道下余山村B区5幢8号,120.0394637,29.39965134,金华市,义乌市,后宅街道,小学,330782.0,初等教育,,01010000208A110000B85BE09286025E40D0FCE78C4F663D40,120.04025,29.39945,金华市义乌市后宅街道下余山村5幢义乌市湖门小学,120.0394637,29.39965134,tdt
42,6432.0,杭州市乔司职业高级中学,杭州市余杭区乔司街道乔莫东路101号,120.287923,30.355836,杭州市,余杭区,乔司街道,职业高中学校,330110.0,中等教育,,01010000208A110000083197546D125E4050BD6E11185B3E40,120.28812,30.35697,杭州市临平区乔莫东路101杭州市乔司职业高级中学,120.287923,30.355836,tdt
43,6642.0,宁波市范桂馥小学,海曙区白云街48弄9号,121.5180029,29.87557565,宁波市,海曙区,白云街道,小学,330203.0,初等教育,,01010000208A110000089CA1F526615E4010CFDAB925E03D40,121.51856,29.87554,宁波市海曙区环城西路南段171宁波市范桂馥小学,121.5180029,29.87557565,tdt
44,6712.0,德清县钟管镇中心学校,德清县钟管镇环城北路599号,120.185379,30.65084046,湖州市,德清县,钟管镇,九年一贯制学校,330521.0,中等教育,,01010000208A11000098E00240DD0B5E4020CB0B7B9DA63E40,120.18406,30.65311,湖州市德清县环城北路688正西方向148米德清县钟管镇中心学校,120.185379,30.65084046,tdt
45,6831.0,义乌市前店小学,义乌市福田街道前店村4区28号,120.105801,29.382774,金华市,义乌市,福田街道,小学,330782.0,初等教育,,01010000208A11000098B88E71C5065E4050C2137AFD613D40,120.10629,29.38294,金华市义乌市前店四区28义乌市前店小学,120.105801,29.382774,tdt
46,6868.0,杭州市余杭区美好晨晖幼儿园,杭州市余杭区星桥街道星韵路6号,120.251305,30.393333,杭州市,余杭区,星桥街道,幼儿园,330110.0,学前教育,,01010000208A1100009014916115105E400070B378B1643E40,120.25118,30.39222,杭州市临平区星韵路6美好晨晖幼儿园,120.251305,30.393333,tdt
47,6944.0,杭州市余杭区实验小学,杭州市余杭区南苑街道广和街57号,120.301967,30.418128,杭州市,余杭区,南苑街道,小学,330110.0,初等教育,,01010000208A110000285E656D53135E40C08AC56F0A6B3E40,120.317177,30.418659,杭州市临平区余杭区实验小学,120.301967,30.418128,tdt
48,6956.0,宁波市新芝小学,宁波市海曙区广仁街46号,121.533358,29.890984,宁波市,海曙区,西门街道,小学,330203.0,初等教育,,01010000208A110000D8C3978922625E406042058717E43D40,121.5437,29.88304,宁波市海曙区广仁街103号附近宁波市新芝小学,121.533358,29.890984,tdt
49,7215.0,杭州西子实验学校,杭州市西湖区双浦镇姚家坞,120.0512339,30.13066238,杭州市,西湖区,双浦镇,十二年一贯制学校,330106.0,中等教育,,01010000208A110000F009B66A47035E4070CD051773213E40,120.052292,30.129862,杭州市西湖区湖埠村杭州西子实验学校,120.0512339,30.13066238,tdt
50,7273.0,宁波市海曙区莲桥第幼儿园,宁波市海曙区小沙泥街65号,121.547493,29.866596,宁波市,海曙区,江厦街道,幼儿园,330203.0,学前教育,,01010000208A110000807214200A635E4030D8463CD9DD3D40,121.54967,29.86575,宁波市海曙区小沙泥街5~9号天封社区南区莲桥第幼儿园,121.547493,29.866596,tdt
51,7912.0,义乌市第三中学,浙江省义乌市西城路168号,120.068936,29.328239,金华市,义乌市,北苑街道,高级中学,330782.0,中等教育,,01010000208A11000018618A7269045E4090459A7807543D40,120.12357,29.36663,金华市义乌市第三中学,120.068936,29.328239,tdt
52,8094.0,杭州市余杭区五常中学,杭州市余杭区五常街道荆长路520号,120.036133,30.29414,杭州市,余杭区,五常街道,初级中学,330110.0,中等教育,,01010000208A1100009853C90050025E40107250C24C4B3E40,120.038191,30.275474,杭州市余杭区五常中学,120.036133,30.29414,tdt
53,8339.0,义乌市东洲第二幼儿园,义乌市东洲花园流云苑7幢,120.107072,29.308369,金华市,义乌市,江东街道,幼儿园,330782.0,学前教育,,01010000208A11000050948444DA065E40B0195245F14E3D40,120.107555,29.308571,金华市义乌市东洲・流云苑7幢1东洲第二幼儿园,120.107072,29.308369,tdt
54,8368.0,杭州市塘栖中学,杭州市余杭3区塘栖镇西小河35,120.1783525,30.4767071,杭州市,余杭区,塘栖镇,高级中学,330110.0,中等教育,,01010000208A110000182067206A0B5E405017EB79097A3E40,120.23145,30.44424,杭州市临平区塘栖中学,120.1783525,30.4767071,tdt
55,8422.0,浙江工商职业技术学院,宁波市机场路1988号,121.5020227,29.86800527,宁波市,海曙区,古林镇,专科院校：高等职业学校,330203.0,高等学校,,01010000208A110000E04ACD2321605E40E0FEEF9735DE3D40,121.499051,29.867235,宁波市海曙区机场路1988浙江工商职业技术学院浙江工商职业技术学院西门,121.5020227,29.86800527,tdt
56,8434.0,杭州市公益中学,杭州市西湖区文二西路698号,120.0826301,30.28565362,杭州市,西湖区,蒋村街道,初级中学,330106.0,中等教育,,01010000208A110000A80FDCCF49055E40C068669820493E40,120.08316,30.28378,杭州市西湖区杭州市公益中学,120.0826301,30.28565362,tdt
57,8761.0,义乌市树人中学,义乌市义亭镇明月路52号,119.948414,29.238047,金华市,义乌市,义亭镇,完全中学,330782.0,中等教育,,01010000208A1100006044A2D0B2FC5D4030E9EFA5F03C3D40,119.94786,29.23353,金华市义乌市亭上路7西北方向120米树人中学,119.948414,29.238047,tdt
58,8824.0,德清县武康中学,浙江省湖州市德清县舞阳街道343号,119.958719,30.524054,湖州市,德清县,舞阳街道,初级中学,330521.0,中等教育,,01010000208A11000070C3EFA65BFD5D408056276728863E40,119.959389,30.5249170000001,湖州市德清县塔山街343武康中学,119.958719,30.524054,tdt
59,9330.0,义乌复旦实验学校,义乌市振兴西路180号,120.121288,29.329489,金华市,义乌市,福田街道,十二年一贯制学校,330782.0,中等教育,,01010000208A1100007059BE2EC3075E4050641F6459543D40,120.10473,29.32761,金华市义乌市春风大道670号东北方向139米义乌复旦实验学校,120.121288,29.329489,tdt
60,9507.0,宁波市海曙区古林镇春蕾学校,浙江省宁波市海曙区古林镇宋严王村严家1号,121.481786,29.847455,宁波市,海曙区,古林镇,小学,330203.0,初等教育,,01010000208A110000F06AF294D55E5E40F0D495CFF2D83D40,121.482702,29.846908,宁波市海曙区工业区19海曙区古林镇春蕾学校,121.481786,29.847455,tdt
61,9541.0,杭州市余杭区乔司中心小学,杭州市余杭区乔司街道乔莫东路161号,120.288663,30.359452,杭州市,余杭区,乔司街道,小学,330110.0,初等教育,,01010000208A1100003024607479125E40507BD80B055C3E40,120.28788,30.36073,杭州市临平区杭州市余杭区乔司中心小学,120.288663,30.359452,tdt
62,9591.0,义乌市下骆宅小学,浙江省义乌市福田街道下骆宅学生路2号,120.130885,29.33686,金华市,义乌市,福田街道,小学,330782.0,初等教育,,01010000208A11000060A27A6B60085E40A054FB743C563D40,120.131095,29.338182,金华市义乌市紫金北路47号下骆宅小学,120.130885,29.33686,tdt
63,9788.0,杭州市余杭区东湖世纪星幼儿园,经济开发区港园路5号,120.297363,30.445643,杭州市,余杭区,东湖街道,幼儿园,330110.0,学前教育,,01010000208A1100009802D2FE07135E4000B1DEA815723E40,120.3028,30.44099,杭州市临平区港园路5号余杭区东湖世纪星幼儿园,120.297363,30.445643,tdt
64,9844.0,杭州市余杭区仁和第二幼儿园,杭州市余杭区仁和街道东塘村荡田口29-6号,120.114775,30.458683,杭州市,余杭区,仁和街道,幼儿园,330110.0,学前教育,,01010000208A11000080D93D7958075E40303BC43F6C753E40,120.11732,30.45946,杭州市余杭区仁和第二幼儿园,120.114775,30.458683,tdt
65,9860.0,义乌市实验小学教育集团,浙江省义乌市江东南路1号,120.0728854,29.28836143,金华市,义乌市,江东街道,小学,330782.0,初等教育,,01010000208A110000A0D27E27AA045E40A0FBFA0DD2493D40,120.058782,29.273108,金华市义乌市西陈村义乌市实验小学教育集团黎明湖校区,120.0728854,29.28836143,tdt
66,9913.0,杭州市西湖区小桔灯幼儿园,杭州市西湖区留下街道杨家牌楼2号,120.065025,30.249268,杭州市,西湖区,留下街道,幼儿园,330106.0,学前教育,,01010000208A110000081B9E5E29045E4070F01307D03F3E40,120.07032,30.24229,杭州市西湖区杨家牌楼2号小桔灯幼儿园,120.065025,30.249268,tdt
67,10120.0,义乌市苏溪镇第一小学,浙江省金华市义乌市苏溪镇胡宅社区居委会,120.1240449,29.41653312,金华市,义乌市,苏溪镇,小学,330782.0,初等教育,,01010000208A11000000D3E259F0075E40D0B028EAA16A3D40,120.117322,29.410052,金华市义乌市胡宅村义乌市苏溪镇第一小学,120.1240449,29.41653312,tdt
68,10265.0,杭州市余杭区小海豚幼儿园,余杭街道通怡花苑346号17幢6号,119.943854,30.260746,杭州市,余杭区,余杭街道,幼儿园,330110.0,学前教育,,01010000208A110000B88C9B1A68FC5D401090F63FC0423E40,119.94585,30.26083,杭州市余杭区荆余路72号正东方向30米小海豚幼儿园,119.943854,30.260746,tdt
69,10730.0,德清县求是高级中学,浙江省湖州市德清县武康镇阜溪街道求是街1号,119.9855294,30.55330295,湖州市,德清县,阜溪街道,高级中学,330521.0,中等教育,,01010000208A110000B033C5E912FF5D40C0071B43A58D3E40,119.99062,30.5651,湖州市德清县求是高级中学,119.9855294,30.55330295,tdt
70,10927.0,杭州市余杭区临平第三小学,浙江省杭州市余杭区经济技术开发区顺达路166号,120.270402,30.44036,杭州市,余杭区,临平街道,小学,330110.0,初等教育,,01010000208A11000078B130444E115E407077D66EBB703E40,120.26968,30.4405,杭州市临平区杭州市余杭区临平第三小学,120.270402,30.44036,tdt
71,10946.0,杭州市西湖区智多星幼儿园,杭州市紫萱路194号,120.066956,30.319014,杭州市,西湖区,三墩镇,幼儿园,330106.0,学前教育,,01010000208A1100005891D10149045E4050F7C8E6AA513E40,120.07042,30.31973,杭州市西湖区振华路245正东方向20米杭州市西湖区智多星幼儿园,120.066956,30.319014,tdt
72,11001.0,宁波市海曙区章水镇中心小学,宁波市海曙区章水镇通远路150号,121.308611,29.813818,宁波市,海曙区,章水镇,小学,330203.0,初等教育,,01010000208A110000E80B5A48C0535E4070E55E6056D03D40,121.309,29.81438,宁波市海曙区通远路150章水镇中心小学,121.308611,29.813818,tdt
73,11033.0,杭州市余杭区径山镇长乐中心小学,杭州市余杭区径山镇长生路31号,119.847059,30.336857,杭州市,余杭区,径山镇,小学,330110.0,初等教育,,01010000208A11000010B2F33636F65D40C06DA6423C563E40,119.8475,30.3366500000001,杭州市余杭区长生路31径山镇长乐中心小学,119.847059,30.336857,tdt
74,11065.0,杭州市西湖区大大树幼儿园,杭州市莫干山路493-2,120.13919,30.28907,杭州市,西湖区,西溪街道,幼儿园,330106.0,学前教育,,01010000208A110000887B2C7DE8085E403041D47D004A3E40,120.13969,30.28846,杭州市西湖区莫干山路493-1杭州市西湖区大大树幼儿园,120.13919,30.28907,tdt
75,11639.0,义乌市群星外国语学校,义乌市机场路577号,120.061491,29.323282,金华市,义乌市,北苑街道,十二年一贯制学校,330782.0,中等教育,,01010000208A110000E87FF277EF035E40B062F19BC2523D40,120.060986,29.324051,金华市义乌市机场路577义乌市群星外国语学校,120.061491,29.323282,tdt
76,11649.0,杭州市余杭区天长世纪小学,杭州市余杭区乔司街道汀城路与汀兰路交叉口,120.277172,30.388935,杭州市,余杭区,乔司街道,小学,330110.0,初等教育,,01010000208A11000078D7A02FBD115E401045813E91633E40,120.27662,30.3885,杭州市临平区天长世纪小学,120.277172,30.388935,tdt
77,11703.0,杭州市西湖区翠苑第一幼儿园,杭州市西湖区翠苑一区49号,120.1187599,30.28864277,杭州市,西湖区,翠苑街道,幼儿园,330106.0,学前教育,,01010000208A110000605F47C399075E40F014157EE4493E40,120.12303,30.28871,杭州市西湖区翠苑新村一区49翠苑第一幼儿园,120.1187599,30.28864277,tdt
78,11872.0,宁波市海曙区樟村中学,宁波市海曙区章水镇通远路200号,121.308209,29.814006,宁波市,海曙区,章水镇,初级中学,330203.0,中等教育,,01010000208A11000050D53DB2B9535E4070BF7CB262D03D40,121.306626,29.815148,"宁波市海曙区通远路,章水加油站对面宁波市海曙区樟村中学",121.308209,29.814006,tdt
79,12299.0,杭州市西湖区周浦幼儿园,杭州市双浦镇三阳村408号,120.0709102,30.09320063,杭州市,西湖区,双浦镇,幼儿园,330106.0,学前教育,,01010000208A110000F8821BCB89045E4080EE0CFFDB173E40,120.069728,30.094904,杭州市西湖区周浦幼儿园,120.0709102,30.09320063,tdt
80,12846.0,义乌市荷叶塘初级中学,浙江省义乌市福田街道下西陶一区136号,120.1184651,29.3793027,金华市,义乌市,福田街道,初级中学,330782.0,中等教育,,01010000208A1100005083B2EE94075E40604269FB19613D40,120.11663,29.37976,金华市义乌市荷叶塘初级中学,120.1184651,29.3793027,tdt
81,12998.0,杭州市余杭区中泰中心幼儿园,杭州市余杭区中泰街道石鸽路139号,119.931285,30.239568,杭州市,余杭区,中泰街道,幼儿园,330110.0,学前教育,,01010000208A1100005890662C9AFB5D40102B1554543D3E40,119.93178,30.24017,杭州市余杭区中泰中心幼儿园,119.931285,30.239568,tdt
82,13040.0,杭州市余杭区树兰幼儿园,浙江省杭州市余杭区临平星光街352号树兰幼儿园,120.281676,30.429591,杭州市,余杭区,临平街道,幼儿园,330110.0,学前教育,,01010000208A1100005804C6FA06125E40F0A7FFACF96D3E40,120.28397,30.42864,杭州市临平区星光街352号树兰幼儿园,120.281676,30.429591,tdt
83,13079.0,杭州市余杭区东湖水漾幼儿园,杭州市余杭区新颜社区水漾人家西门,120.310142,30.430481,杭州市,余杭区,南苑街道,幼儿园,330110.0,学前教育,,01010000208A11000070C7D45DD9135E40A08CB800346E3E40,120.30915,30.43,杭州市临平区水漾人家12幢余杭区东湖水漾幼儿园,120.310142,30.430481,tdt
84,13090.0,义乌市廿三里第一小学,浙江省义乌市廿三里街道中新西街168号,120.169691,29.32627,金华市,义乌市,廿三里街,小学,330782.0,初等教育,,01010000208A11000038DBA337DC0A5E4080AA436E86533D40,120.157007,29.328988,金华市义乌市廿三里第一小学,120.169691,29.32627,tdt
85,13210.0,杭州市长阳中学,浙江省杭州市拱墅区长阳路2号,120.089405,30.326951,杭州市,西湖区,三墩镇,初级中学,330106.0,中等教育,,01010000208A11000058C6BFCFB8055E4000658C0FB3533E40,120.09022,30.32709,杭州市西湖区长阳路2长阳中学,120.089405,30.326951,tdt
86,13286.0,义乌工商职业技术学院,浙江省义乌市学院路2号,120.095297,29.302018,金华市,义乌市,江东街道,专科院校：高等职业学校,330782.0,高等学校,,01010000208A110000089A965819065E40A0CD380D514D3D40,120.092566,29.302135,金华市义乌市学院路2号义乌工商职业技术学院,120.095297,29.302018,tdt
87,13456.0,浙江师范大学杭州幼儿师范学院附属幼儿园,杭州市文二路125号,120.1348302,30.28510548,杭州市,西湖区,西溪街道,幼儿园,330106.0,学前教育,,01010000208A110000F8D3030FA1085E40B08238ACFC483E40,120.04499,29.32334,金华市义乌市北苑路140号浙江师范大学杭州幼儿师范学院附属义乌幼儿园,120.1348302,30.28510548,tdt
88,13482.0,宁波国际文武学校,联丰中路299号,121.4943791,29.87241809,宁波市,海曙区,高桥镇,九年一贯制学校,330203.0,中等教育,,01010000208A110000F8E406E8A35F5E4020FDBCCA56DF3D40,121.49373,29.87267,宁波市海曙区联丰中路469号宁波国际文武学校,121.4943791,29.87241809,tdt
89,13555.0,杭州市西湖区翠苑第四幼儿园,杭州市翠苑新村四区13幢,120.116857,30.285868,杭州市,西湖区,翠苑街道,幼儿园,330106.0,学前教育,,01010000208A110000C053C8957A075E4010F92EA52E493E40,120.11707,30.28873,杭州市西湖区杭州市西湖区翠苑第四幼儿园,120.116857,30.285868,tdt
90,13650.0,德清县二都小学,德清县下渚湖街道二都集镇,120.02642,30.515569,湖州市,德清县,下渚湖街,小学,330521.0,初等教育,,01010000208A11000078FD82DDB0015E40E0D47954FC833E40,120.019014,30.505459,湖州市德清县二都小学,120.02642,30.515569,tdt
91,13664.0,德清县远望幼儿园,浙江省湖州市德清县武康街道群安巷70号,119.9569893,30.53195269,湖州市,德清县,武康街道,幼儿园,330521.0,学前教育,,01010000208A110000E87A37503FFD5D40C0912E0D2E883E40,119.95692,30.5361,湖州市德清县群安巷70号远望幼儿园,119.9569893,30.53195269,tdt
92,13677.0,浙江体育职业技术学院,杭州市萧山高教园区,120.1108007,30.16885122,杭州市,西湖区,转塘街道,专科院校：高等职业学校,330109.0,高等学校,,01010000208A110000D0C4A65B17075E4030CA63D5392B3E40,120.28928,30.25451,杭州市萧山区浙江体育职业技术学院内浙江体育职业技术学院-餐厅,120.1108007,30.16885122,tdt
93,13686.0,德清县筏头幼儿园,莫干山镇筏头新区,119.8502015,30.54557369,湖州市,德清县,莫干山镇,幼儿园,330521.0,学前教育,,01010000208A11000018E777B369F65D40B01BA4B7AA8B3E40,119.85032,30.5559,湖州市德清县筏头乡筏头村新区正东方向73米德清县筏头幼儿园,119.8502015,30.54557369,tdt
94,13947.0,宁波市海曙区雅戈尔中学,浙江省宁波市海曙区石\街道雅渡村1号,121.4992117,29.81991938,宁波市,海曙区,石\街道,初级中学,330203.0,中等教育,,01010000208A110000D85E7615F35F5E40E0748A3CE6D13D40,121.499282,29.81881,宁波市海曙区石\雅源南路杨家39号雅戈尔中学,121.4992117,29.81991938,tdt
95,14045.0,德清县千秋幼儿园,德清县武康千秋安置小区东南角,119.962834,30.54947,湖州市,德清县,武康街道,幼儿园,330521.0,学前教育,,01010000208A110000885E7F129FFD5D401022E010AA8C3E40,119.96232,30.5493,湖州市德清县千秋幼儿园,119.962834,30.54947,tdt
96,14052.0,宁波市海曙区雅戈尔小学,宁波市海曙区石\街道鄞县大道西段777号,121.5006888,29.82470144,宁波市,海曙区,石\街道,小学,330203.0,初等教育,,01010000208A110000A09429490B605E40A0C331A21FD33D40,121.50142,29.8242700000001,宁波市海曙区鄞县大道西段755南江绿苑雅戈尔小学,121.5006888,29.82470144,tdt
97,14058.0,德清县春晖小学,浙江省德清县武康街道康民路600号,119.951649,30.547968,湖州市,德清县,武康街道,小学,330521.0,初等教育,,01010000208A110000581135D1E7FC5D4030417FA1478C3E40,119.950374,30.54786,湖州市德清县春晖街德清县春晖小学,119.951649,30.547968,tdt
98,14078.0,宁波市海曙区古林镇布政幼儿园,宁波市海曙区古林镇段梅路636号,121.4674787,29.84038273,宁波市,海曙区,古林镇,幼儿园,330203.0,学前教育,,01010000208A110000403BE82BEB5D5E402079955223D73D40,121.46822,29.84044,宁波市海曙区古林镇布政幼儿园,121.4674787,29.84038273,tdt
99,14091.0,杭州市余杭区临平第一小学,浙江省杭州市余杭区南苑街道保障桥社区,120.2951,30.408154,杭州市,余杭区,南苑街道,小学,330110.0,初等教育,,01010000208A11000030431CEBE2125E4050BBD1C77C683E40,120.29574,30.4079,杭州市临平区世纪大道西160余杭区临平第一小学,120.2951,30.408154,tdt
100,14402.0,宁波市同济中学,浙江省宁波市海曙区高桥镇迎春路289号,121.4948342,29.87727227,宁波市,海曙区,高桥镇,高级中学,330203.0,中等教育,,01010000208A11000018391B5DAB5F5E4070565DEA94E03D40,121.49543,29.87644,宁波市海曙区迎春路289同济中学,121.4948342,29.87727227,tdt
101,104.0,宁波市海曙区石\街道冯家小学,宁波市海曙区石\街道冯家村1号,121.4862029,29.82409963,宁波市,海曙区,石\街道,小学,330226.0,初等教育,,01010000208A110000D842EAF21D5F5E4060337B31F8D23D40,121.48681,29.82362,石\街道冯家小学,121.48681,29.82362,tdtpoi
102,393.0,宁波市东恩中学,海曙区灵桥路164号,121.5454994,29.85945445,宁波市,海曙区,南门街道,初级中学,330203.0,中等教育,,01010000208A110000C8C94276E9625E40C0F8E13405DC3D40,121.39682,29.85467,东恩中学,121.54668,29.8607,tdtpoi
103,2592.0,宁波市海曙区鄞江镇中心小学,浙江省宁波市海曙区鄞江镇竹节岭路,121.3550328,29.78431364,宁波市,海曙区,鄞江镇,小学,330203.0,初等教育,,01010000208A11000070A975DBB8565E40406D48C7C8C83D40,121.53936,29.87723,鄞江镇中心小学,121.35506,29.7832,tdtpoi
104,2607.0,宁波市海曙区高桥镇中心小学,浙江省宁波市海曙区高桥镇秀丰村,121.4600183,29.89478631,宁波市,海曙区,高桥镇,小学,330203.0,初等教育,,01010000208A110000B0AFC6F0705D5E40407925B710E53D40,121.46146,29.89515,海曙区高桥镇中心小学,121.46146,29.89515,tdtpoi
105,3012.0,杭州市余杭区杭运幼儿园,余杭区良渚街道兰陵路90号,120.121288,30.34400172,杭州市,余杭区,良渚街道,幼儿园,330110.0,学前教育,,01010000208A110000602BAD2EC3075E4080A43E7F10583E40,120.12045,30.34395,余杭区杭运幼儿园,120.12045,30.34395,tdtpoi
106,3771.0,义乌市城西街道中心幼儿园,浙江省义乌市城西街道益公山村,119.9831377,29.2925041,金华市,义乌市,城西街道,幼儿园,330782.0,学前教育,,01010000208A11000060703ABAEBFE5D4030A0888CE14A3D40,119.98137,29.31667,义乌市城西街道中心幼儿园,119.98242,29.29206,tdtpoi
107,4177.0,杭州市余杭区良渚第一小学,杭州市余杭区良渚街道东方西路121号,120.0447669,30.37836188,杭州市,余杭区,良渚街道,小学,330110.0,初等教育,,01010000208A1100002893DB75DD025E40C0201253DC603E40,120.00932,30.40753,良渚第一小学,120.04428,30.37917,tdtpoi
108,4288.0,杭州青年专修学院,古翠路60号,120.1157006,30.27764725,杭州市,西湖区,翠苑街道,民办的其他高等教育机构,330106.0,其他教育,,01010000208A11000010F286A367075E408047DEE313473E40,120.11526,30.27814,杭州青年专修学院,120.11526,30.27814,tdtpoi
109,4480.0,义乌市金鹰实验学校,义乌市经发大道295号,120.040847,29.29700079,金华市,义乌市,稠江街道,九年一贯制学校,330782.0,中等教育,,01010000208A1100009818C83C9D025E4020A4633E084C3D40,120.0411,29.29572,金鹰实验学校,120.0411,29.29572,tdtpoi
110,5099.0,西湖大学,杭州市西湖区石龙山街18号,120.0755788,30.1365985,杭州市,西湖区,转塘街道,本科院校：大学,330106.0,高等学校,,01010000208A11000098654848D6045E40C02E8A1EF8223E40,120.02868,30.33278,西湖大学,120.02868,30.33278,tdtpoi
111,5101.0,浙江科技学院,浙江省杭州市西湖区留和路318号,120.0198195,30.22464565,杭州市,西湖区,留下街道,本科院校：学院,330106.0,高等学校,,01010000208A110000D0FBD4B844015E40D03B9C6082393E40,120.0226,30.22487,浙江科技学院,120.0226,30.22487,tdtpoi
112,6765.0,杭州市余杭区绿城育华蓝庭幼儿园,浙江省杭州市余杭区振兴西路绿城蓝庭商住区,120.269405,30.428921,杭州市,余杭区,临平街道,幼儿园,330110.0,学前教育,,01010000208A110000401878EE3D115E40509143C4CD6D3E40,120.26994,30.42922,绿城育华蓝庭幼儿园,120.26994,30.42922,tdtpoi
113,6947.0,德清县乾元镇第二幼儿园,浙江省湖州市德清县乾元镇船闸路2号,120.0794343,30.55246437,湖州市,德清县,乾元镇,幼儿园,330521.0,学前教育,,01010000208A110000A87B647315055E40F05A114E6E8D3E40,120.07453,30.55308,乾元镇第二幼儿园,120.07453,30.55308,tdtpoi
114,7309.0,杭州市余杭区大观山幼儿园,杭州市余杭区瓶窑镇大观山村委旁,119.974592,30.396729,杭州市,余杭区,瓶窑镇,幼儿园,330110.0,学前教育,,01010000208A11000060BC1FB75FFE5D40F05F200890653E40,119.975767,30.39743,大观山幼儿园,119.975767,30.39743,tdtpoi
115,7724.0,义乌市光煜艺术幼儿园,义乌市义亭镇石塔一村,119.967828,29.25877,金华市,义乌市,义亭镇,幼儿园,330782.0,学前教育,,01010000208A110000D009DAE4F0FD5D40A02F2FC03E423D40,119.96739,29.259,义乌市光煜艺术幼儿园,119.96739,29.259,tdtpoi
116,7906.0,杭州市钱塘外语学校,浙江省西湖区古荡街道文二西路88号,120.1250324,30.28323419,杭州市,西湖区,翠苑街道,九年一贯制学校,330106.0,中等教育,,01010000208A110000C840AB8700085E404074330982483E40,120.10707,30.28554,杭州市钱塘外语学校,120.10707,30.28554,tdtpoi
117,7924.0,德清县中心幼儿园,浙江省湖州市德清县乾元镇南街90号,120.0796906,30.54907524,湖州市,德清县,乾元镇,幼儿园,330521.0,学前教育,,01010000208A110000F8A866A619055E40E0D7E631908C3E40,120.08,30.54703,德清县中心幼儿园,120.08,30.54703,tdtpoi
118,8270.0,杭州市余杭区良渚第一中学,杭州市余杭区良渚街道良博路221号,120.034647,30.37739,杭州市,余杭区,良渚街道,初级中学,330110.0,中等教育,,01010000208A110000E0F90CA837025E4060D68BA19C603E40,120.03467,30.37867,余杭区良渚第一中学,120.03467,30.37867,tdtpoi
119,9678.0,浙江交通职业技术学院,浙江省杭州市莫干山路1515号,120.0883011,30.34760878,杭州市,余杭区,良渚街道,专科院校：高等职业学校,330110.0,高等学校,,01010000208A11000058DB77B9A6055E4000508DE3FC583E40,120.08424,30.34603,浙江交通职业技术学院,120.08424,30.34603,tdtpoi
120,9806.0,德清县秋山中心学校,浙江省湖州市德清县阜溪街道秋山村1号,120.0213803,30.5440899,湖州市,德清县,阜溪街道,九年一贯制学校,330521.0,中等教育,,01010000208A1100003019774B5E015E408095C679498B3E40,120.02076,30.54335,德清县秋山中心学校,120.02076,30.54335,tdtpoi
121,10096.0,杭州市余杭区黄湖镇中心小学,黄湖镇兴黄路17号,119.80602,30.444218,杭州市,余杭区,黄湖镇,小学,330110.0,初等教育,,01010000208A11000000FBE8D495F35D40604B5645B8713E40,120.28788,30.36073,余杭区黄湖镇中心小学,119.80802,30.44429,tdtpoi
122,10529.0,宁波市第二幼儿园,青林湾西区115号,121.512754,29.898541,宁波市,海曙区,望春街道,幼儿园,,学前教育,,01010000208A110000283927F6D0605E40801D71C806E63D40,121.51145,29.89853,宁波市第二幼儿园,121.543316,29.868093,tdtpoi
123,10534.0,杭州市良渚职业高级中学,杭州市余杭区良渚街道莫干山路2347号,120.046963,30.37835,杭州市,余杭区,良渚街道,职业高中学校,330110.0,中等教育,,01010000208A110000D047197101035E401071AC8BDB603E40,120.30789,30.41403,杭州市良渚职业高级中学,120.04743,30.37837,tdtpoi
124,11467.0,杭州市瓶窑中学,浙江省杭州市瓶窑镇里窑街150号,119.957373,30.397963,杭州市,余杭区,瓶窑镇,高级中学,330110.0,中等教育,,01010000208A110000B044679945FD5D40A00436E7E0653E40,119.958096,30.396131,杭州市瓶窑中学,119.958096,30.396131,tdtpoi
125,11681.0,杭州市西湖区回龙幼儿园,杭州市西湖区回龙雅苑,120.0957666,30.12861586,杭州市,西湖区,转塘街道,幼儿园,330106.0,学前教育,,01010000208A1100003882290A21065E4070A021F8EC203E40,120.098436,30.126068,回龙幼儿园,120.098436,30.126068,tdtpoi
126,13512.0,浙江外国语学院,浙江省杭州市西湖区留和路299号,120.0338215,30.22214097,杭州市,西湖区,留下街道,本科院校：学院,330106.0,高等学校,,01010000208A110000D00CD2212A025E407040093BDE383E40,120.0365,30.22284,浙江外国语学院,120.0365,30.22284,tdtpoi
127,13527.0,杭州市余杭区崇贤第一小学,杭州市余杭区崇贤街道陆家桥村张家桥7号,120.1740384,30.38703498,杭州市,余杭区,崇贤街道,小学,330109.0,初等教育,,01010000208A110000C81CCA71230B5E40108275B914633E40,120.13469,30.38385,杭州市余杭区崇贤第一小学,120.17316,30.38677,tdtpoi
128,13539.0,浙江音乐学院,浙江省杭州市西湖区转塘街道浙音路1号,120.0488055,30.15167215,杭州市,西湖区,转塘街道,本科院校：学院,330106.0,高等学校,,01010000208A110000D01D05A11F035E40D0F66BFCD3263E40,120.049542,30.155341,浙江音乐学院,120.049542,30.155341,tdtpoi
129,13893.0,浙江长征职业技术学院,杭州市西湖区留和路525号,120.0149622,30.21112889,杭州市,西湖区,留下街道,专科院校：高等职业学校,330106.0,高等学校,,01010000208A110000603BCE23F5005E4070CAFD8A0C363E40,120.12998,30.2812,浙江长征职业技术学院,120.01426,30.2098,tdtpoi
130,14023.0,杭州市余杭区育才实验小学,浙江省杭州市余杭区临平街道碧荷街33号,120.276979,30.431114,杭州市,余杭区,临平街道,小学,330110.0,初等教育,,01010000208A11000070AB2006BA115E4000D9B27C5D6E3E40,120.278149,30.429917,杭州市余杭区育才实验小学,120.307481,30.43944,tdtpoi
131,14278.0,杭州市余杭区太炎中学,浙江省杭州市余杭区余杭街道凤新路81号,119.934824,30.264126,杭州市,余杭区,余杭街道,初级中学,330110.0,中等教育,,01010000208A11000008E10A28D4FB5D40F005F4C29D433E40,119.9353,30.26282,余杭区太炎中学,119.9353,30.26282,tdtpoi
132,2109.0,义乌市江东街道叮叮幼儿园,义乌市江东街道桥东三区5幢3号,120.08768,29.30468763,金华市,义乌市,江东街道,幼儿园,330782.0,学前教育,,01010000208A1100001064888C9C055E4000762102004E3D40,120.08675765405252,29.304083559380324,浙江省金华市义乌市江东街道叮叮幼儿园,120.08768,29.30468763,gd
133,6928.0,义乌市江东街道宗塘幼儿园,义乌市江东街道宗塘二区88幢,120.099868,29.298799,金华市,义乌市,江东街道,幼儿园,330782.0,学前教育,,01010000208A110000B07AC03C64065E40D0135D177E4C3D40,120.10258467320448,29.30157270309644,浙江省金华市义乌市江东街道宗塘幼儿园,120.099868,29.298799,gd
134,8526.0,义乌市江东街道七彩山口幼儿园,义乌市江东街道山口新村82幢,120.109604,29.295763,金华市,义乌市,江东街道,幼儿园,330782.0,学前教育,,01010000208A110000B0E07EC003075E40F05DBC1FB74B3D40,120.10834805890947,29.29678069423191,浙江省金华市义乌市江东街道七彩山口幼儿园山口小区,120.109604,29.295763,gd
135,9347.0,德清县新安镇下舍中心幼儿园,德清县新安镇下舍中心幼儿园,120.1812318,30.55392528,湖州市,德清县,新安镇,幼儿园,330521.0,学前教育,,01010000208A110000200C5A4D990B5E401007120CCE8D3E40,120.18168698670961,30.55408273921683,浙江省湖州市德清县新安镇下舍中心幼儿园,120.1812318,30.55392528,gd
136,169.0,杭州市余杭区英才新明半岛幼儿园,余杭区中泰街道新明半岛商住区内,119.951239,30.245973,杭州市,余杭区,中泰街道,幼儿园,330110.0,学前教育,,01010000208A11000080EB8A19E1FC5D40F0B22616F83E3E40,119.9474458154238,30.243341449358724,英才新明半岛幼儿园,119.952012,30.240742,gdpoi
137,406.0,杭州市余杭区肯思幼儿园,余杭区中泰街道国文路1号,119.9147569,30.24770264,杭州市,余杭区,中泰街道,幼儿园,330110.0,学前教育,,01010000208A11000090C1A9608BFA5D40400CA570693F3E40,119.91390810992847,30.24782202727436,杭州市余杭区肯思幼儿园,119.918455,30.24518,gdpoi
138,1336.0,义乌宋庆龄幼儿园,浙江省稠江街道西江路与童店路交叉口,120.0504687,29.2831756,金华市,义乌市,稠江街道,幼儿园,330109.0,学前教育,,01010000208A11000090C50EE13A035E40F02328327E483D40,120.03374550500722,29.293070273712704,宋庆龄幼儿园,120.054014,29.281203,gdpoi
139,2633.0,杭州市余杭区闲林和睦小学,杭州市余杭区闲林街道良睦路蒋家桥,120.0035829,30.24227494,杭州市,余杭区,闲林街道,小学,330110.0,初等教育,,01010000208A11000080868AB33A005E40C0F0FFBA053E3E40,120.00174940996837,30.24699953147671,闲林和睦小学,120.006435,30.244546,gdpoi
140,2801.0,义乌市北苑小学,义乌市北苑街道拥军路209号,120.0413712,29.33940263,金华市,义乌市,北苑街道,小学,330782.0,初等教育,,01010000208A110000480B68D3A5025E40C06F3317E3563D40,120.04218551740263,29.33940030689466,义乌市北苑小学,120.046889,29.336877,gdpoi
141,3010.0,义乌市佛堂镇实验幼儿园,佛堂镇湖山村蟠龙路江北路交叉口,120.0104277,29.21365992,金华市,义乌市,佛堂镇,幼儿园,,学前教育,,01010000208A110000F0FED9D8AA005E4020648B6AB2363D40,120.00961614064927,29.215310562772935,义乌市佛堂镇实验幼儿园,120.014237,29.212613,gdpoi
142,3255.0,宁波市海曙区丽象幼儿园,宁波市气象路450号,121.5110363,29.86463322,宁波市,海曙区,白云街道,幼儿园,330203.0,学前教育,,01010000208A11000010AE78D1B4605E4060EF4A9A58DD3D40,121.51137644119217,29.863629608731156,宁波市海曙区丽象幼儿园,121.515654,29.861146,gdpoi
143,5361.0,宁波市李兴贵中学,宁波市海曙区永丰西路201号,121.5435896,29.88311331,宁波市,海曙区,鼓楼街道,初级中学,330203.0,中等教育,,01010000208A1100007040E62BCA625E40D04AD2B613E23D40,121.53305679423325,29.88908464930281,李兴贵中学,121.537264,29.886542,gdpoi
144,5445.0,杭州市余杭区黄湖镇中心幼儿园,杭州市余杭区黄湖镇育前路1号,119.804631,30.448437,杭州市,余杭区,黄湖镇,幼儿园,330110.0,学前教育,,01010000208A110000409605137FF35D40005169C4CC723E40,119.80703293379551,30.444433129515563,黄湖镇中心幼儿园,119.813601,30.439538,gdpoi
145,5593.0,德清县新市镇初级中学,新市镇文昌路163号,120.2727831,30.61900557,湖州市,德清县,新市镇,初级中学,,中等教育,,01010000208A11000070856D4775115E4010031626779E3E40,120.27234524404633,30.619748522924077,新市镇初级中学,120.276844,30.617392,gdpoi
146,6398.0,义乌市第五中学,浙江省义乌市福田街道下兆216号,120.123584,29.366557,金华市,义乌市,福田街道,高级中学,330782.0,中等教育,,01010000208A110000C893DDCCE8075E40B01EF7ADD65D3D40,120.08656089990863,29.30042909691133,义乌市第五中学,120.128252,29.365555,gdpoi
147,6950.0,义乌市后宅中学,义乌市后宅街道鸿儒路11号,120.053777,29.377457,金华市,义乌市,后宅街道,初级中学,330782.0,中等教育,,01010000208A110000B811161571035E4070A59E05A1603D40,120.0532220344111,29.378585829628776,义乌市后宅中学,120.057946,29.37611,gdpoi
148,7163.0,杭州市西湖高级中学,浙江省杭州市西湖区留下街21号,120.0563406,30.24510706,杭州市,西湖区,留下街道,高级中学,330106.0,中等教育,,01010000208A110000387698159B035E40809A2356BF3E3E40,120.05658339564198,30.24360814256279,杭州市西湖高级中学,120.061384,30.241297,gdpoi
149,7693.0,杭州市余杭区安溪幼儿园,浙江省杭州市余杭区良渚街道杜城村安溪路2号,120.009069,30.405983,杭州市,余杭区,良渚街道,幼儿园,330110.0,学前教育,,01010000208A110000109A249694005E4060BB7B80EE673E40,120.00665322785554,30.407026319831576,安溪幼儿园,120.011365,30.40461,gdpoi
150,7861.0,宁波市效实中学,宁波市海曙区白杨街178号,121.5263126,29.87502348,宁波市,海曙区,南门街道,高级中学,330203.0,中等教育,,01010000208A110000E8E7EA1AAF615E4000D5ED8901E03D40,121.52452354113413,29.875276625007142,宁波效实中学,121.528757,29.872756,gdpoi
151,8113.0,义乌市江东街道九联幼儿园,浙江省义乌市江东街道江东南路693巷18号,120.053819,29.272406,金华市,义乌市,江东街道,幼儿园,330782.0,学前教育,,01010000208A110000D0393FC571035E40F03B4D66BC453D40,120.05383085723241,29.273502095216724,义乌市江东街道九联幼儿园,120.058547,29.27096,gdpoi
152,8171.0,杭州市余杭区温莎郡英伦幼儿园,杭州市余杭区仓前街道运溪路121号瑞城温莎郡小区内,119.991302,30.287933,杭州市,余杭区,仓前街道,幼儿园,330110.0,学前教育,,01010000208A110000689DF17D71FF5D40707022FAB5493E40,119.96665275907695,30.26032794908384,温莎郡英伦幼儿园,119.971254,30.257774,gdpoi
153,8556.0,义乌市苏溪油碑塘幼儿园,义乌市苏溪镇油碑塘村28幢,120.137322,29.410341,金华市,义乌市,苏溪镇,幼儿园,330782.0,学前教育,,01010000208A11000060C136E2C9085E404035971B0C693D40,120.13458057345626,29.410799946296393,义乌市苏溪油碑塘幼儿园,120.139258,29.408361,gdpoi
154,8610.0,浙江省义乌中学,浙江省义乌市南门街888号,120.077434,29.268404,金华市,义乌市,江东街道,高级中学,330782.0,中等教育,,01010000208A1100005066BCADF4045E40901DE21FB6443D40,120.07801690630983,29.270261788592087,浙江省义乌中学,120.082751,29.267752,gdpoi
155,8749.0,杭州市西溪实验学校,杭州市西湖区文一西路578号,120.073169,30.289339,杭州市,西湖区,蒋村街道,九年一贯制学校,330106.0,中等教育,,01010000208A110000308507CDAE045E401075E61E124A3E40,120.07352173802401,30.29029496559242,杭州市西溪实验学校,120.07834,30.288013,gdpoi
156,8885.0,杭州市三墩小学,浙江省杭州市西湖区振华路28号,120.0762916,30.31830333,杭州市,西湖区,三墩镇,小学,330106.0,初等教育,,01010000208A110000E0E048F6E1045E40E0BCC9537C513E40,120.07562668326104,30.31769546721662,杭州市三墩小学,120.080448,30.315419,gdpoi
157,9231.0,杭州市余杭区新理想高级中学,杭州市余杭区仁和街道仁和大道2―1号,120.112725,30.347152,杭州市,余杭区,良渚街道,高级中学,330110.0,中等教育,,01010000208A110000401CEBE236075E40B0BD16F4DE583E40,120.08145034267862,30.45237874896967,杭州市余杭区新理想高级中学,120.086284,30.450133,gdpoi
158,9528.0,宁波市海曙区古林镇中心幼儿园,宁波市海曙区古林镇馀庆路106号,121.435395,29.82949,宁波市,海曙区,古林镇,幼儿园,330203.0,学前教育,,01010000208A110000E075FD82DD5B5E40F05BE67459D43D40,121.4965924024321,29.857351751059287,宁波市海曙区古林镇中心幼儿园,121.434062,29.837111,gdpoi
159,10263.0,宁波市甬江职业高级中学,宁波市海曙区文化路368号,121.528058,29.888499,宁波市,海曙区,西门街道,职业高中学校,330203.0,中等教育,,01010000208A1100000819C8B3CB615E406087A3AB74E33D40,121.43314794126184,29.840769576057216,宁波市甬江职业高级中学,121.530918,29.885769,gdpoi
160,11156.0,义乌市青口小学,浙江省义乌市江东街道江东东路505号,120.123439,29.3195,金华市,义乌市,江东街道,小学,330782.0,初等教育,,01010000208A1100004003B16CE6075E40701283C0CA513D40,120.12288540406526,29.32030554224458,义乌市青口小学,120.127581,29.317826,gdpoi
161,12011.0,德清县雷甸镇第一幼儿园,浙江省湖州市德清县雷甸镇东港欣苑42幢,120.1331037,30.52307636,湖州市,德清县,雷甸镇,幼儿园,330521.0,学前教育,,01010000208A11000000EA65C584085E4050FC2855E8853E40,120.15870063161408,30.491692006652105,德清县雷甸镇第一幼儿园,120.163403,30.489398,gdpoi
162,12109.0,宁波市实验学校,宁波市海曙区中山西路1182弄86号,121.511354,29.886175,宁波市,海曙区,望春街道,九年一贯制学校,330203.0,中等教育,,01010000208A11000070AB2006BA605E406088635DDCE23D40,121.51245539487614,29.88643445680897,宁波市实验学校,121.516731,29.883949,gdpoi
163,12161.0,义乌市望道中学,浙江省义乌市城西街道圣寿路666号,119.973353,29.297812,金华市,义乌市,城西街道,初级中学,330782.0,中等教育,,01010000208A110000A89D616A4BFE5D40405B40683D4C3D40,119.97353723159071,29.29904327520848,望道中学,119.978075,29.296298,gdpoi
164,12197.0,德清县圆圆幼儿园,德清县乾元镇东郊路40号,120.0918429,30.54691821,湖州市,德清县,乾元镇,幼儿园,330521.0,学前教育,,01010000208A110000E03A00C1E0055E407089F1D4028C3E40,120.08888259635323,30.548373491429384,德清县圆圆幼儿园,120.093723,30.546161,gdpoi
165,12291.0,德清县新市镇康乐幼儿园,浙江省德清县新市镇西成路51号,120.281058,30.62035709,湖州市,德清县,新市镇,幼儿园,330521.0,学前教育,,01010000208A11000008ADC1DAFC115E4050FBEDB8CF9E3E40,120.27785420816734,30.621266775513266,新市镇康乐幼儿园,120.282355,30.618916,gdpoi
166,12454.0,杭州市余杭中学,杭州市余杭区余杭街道文一西路2228号,119.959704,30.268109,杭州市,余杭区,余杭街道,高级中学,330110.0,中等教育,,01010000208A110000C87553CA6BFD5D4060C39ACAA2443E40,119.95976263414921,30.26919731967842,余杭中学,119.964351,30.266627,gdpoi
167,12920.0,杭州市余杭区孝慈水木清华幼儿园,杭州市余杭区小和山水木清华苑小区商住区,119.909557,30.243508,杭州市,余杭区,中泰街道,幼儿园,330106.0,学前教育,,01010000208A1100004036902E36FA5D408050508A563E3E40,120.01377574014887,30.220896192244307,孝慈水木清华幼儿园,120.01849,30.218477,gdpoi
168,13036.0,杭州市余杭区良渚第二中学,浙江省杭州市余杭区良渚街道棕榈路103号,120.086371,30.363027,杭州市,余杭区,良渚街道,初级中学,330110.0,中等教育,,01010000208A110000A8143B1A87055E40A0906456EF5C3E40,120.08551842637766,30.363618762461808,余杭区良渚第二中学,120.090344,30.361357,gdpoi
169,13392.0,义乌市义亭镇童星幼儿园,浙江省义乌市义亭童星幼儿园,119.95661,29.2359,金华市,义乌市,义亭镇,幼儿园,330782.0,学前教育,,01010000208A110000B041261939FD5D40602041F1633C3D40,119.95550205288043,29.2368681043001,义亭镇童星幼儿园,119.959999,29.234034,gdpoi
170,13648.0,杭州市余杭区良渚第二小学,浙江省杭州市余杭区良渚街道博园西路222号,120.09509,30.378488,杭州市,余杭区,良渚街道,小学,330110.0,初等教育,,01010000208A110000500B5EF415065E40B0EDED96E4603E40,120.00842065854397,30.4071779626867,良渚第二小学,120.099219,30.376508,gdpoi
171,14107.0,德清县三桥幼儿园,德清县阜溪街道三桥中街头南街105号,119.9559,30.57248434,湖州市,德清县,阜溪街道,幼儿园,330521.0,学前教育,,01010000208A110000E0825C772DFD5D40B0C56D558E923E40,119.95398044218146,30.573779598414454,德清县三桥幼儿园,119.958584,30.571265,gdpoi
172,14245.0,宁波市海曙区洞桥镇中心初级中学,浙江省宁波市海曙区洞桥镇荷晓东路962号,121.4080275,29.78609119,宁波市,海曙区,洞桥镇,初级中学,330203.0,中等教育,,01010000208A110000D05A551F1D5A5E4040B9B0453DC93D40,121.39750099185082,29.85507082113164,洞桥镇中心初级中学,121.413642,29.78264,gdpoi
