,name,address,point_x,point_y,specify,dataType,gd_point_x,gd_point_y
0,杭州市西湖区大大树幼儿园,浙江省杭州市西湖区莫干山路493-1,120.13969,30.28846,西湖区,幼儿园,120.144724,30.286281
1,杭州市西湖区紫荆幼儿园诚园园区,浙江省杭州市西湖区蒋村西溪人家1幢西北方向183米,120.07651,30.2927,西湖区,幼儿园,120.081397,30.290315
2,杭州凯乐幼儿园,浙江省杭州市西湖区常陇路10号5号楼,120.07951,30.17489,西湖区,幼儿园,120.08415,30.172649
3,杭州市西湖区翠苑第三幼儿园,浙江省杭州市西湖区翠苑新村三区63号,120.116281,30.292548,西湖区,幼儿园,120.120725,30.290563
4,大禹路幼儿园,浙江省杭州市西湖区颐景园曲水苑对面大禹路和大公路交叉口,120.07606,30.33481,西湖区,幼儿园,120.080415,30.332536
5,西点幼儿园,浙江省杭州市西湖区文一西路149号雅仕苑,120.10017,30.28759,西湖区,幼儿园,120.105006,30.285225
6,枫华府第幼儿园西溪里园区,浙江省杭州市西湖区浙江省杭州市西湖区,120.05601,30.29084,西湖区,幼儿园,120.060945,30.288516
7,杭州市西湖区小和山学前教育集团小和山幼儿园,浙江省杭州市西湖区留和路568正西方向180米,120.011409,30.211286,西湖区,幼儿园,120.015875,30.208924
8,杭州市西湖区文苑幼儿园,浙江省杭州市西湖区紫荆花路106号,120.08922,30.28109,西湖区,幼儿园,120.093889,30.278906
9,杭州市西湖区定山幼儿园,浙江省杭州市西湖区霞鸣街169东北方向104米,120.06567,30.14365,西湖区,幼儿园,120.070204,30.141566
10,西湖区蓝精灵幼儿园,浙江省杭州市西湖区轮渡路16号,120.12284,30.12334,西湖区,幼儿园,120.127409,30.121053
11,政苑幼儿园,浙江省杭州市西湖区政苑小区73-1,120.09756,30.29923,西湖区,幼儿园,120.102335,30.296871
12,茅家埠幼儿园,浙江省杭州市西湖区上茅家埠29-1,120.11854,30.24036,西湖区,幼儿园,120.123273,30.238126
13,西湖区小天使幼儿园,浙江省杭州市西湖区袁浦街34号,120.12125,30.11899,西湖区,幼儿园,120.125696,30.116861
14,闻裕顺学前教育集团西庐幼儿园,浙江省杭州市西湖区紫霞街271东南方向95米,120.05162,30.29385,西湖区,幼儿园,120.056486,30.291522
15,杭州市西湖区转塘幼儿园,浙江省杭州市西湖区方家路9号,120.06967,30.16231,西湖区,幼儿园,120.074175,30.160195
16,西湖区袁浦幼儿园,浙江省杭州市西湖区袁浦街82号,120.11958,30.11693,西湖区,幼儿园,120.124234,30.114707
17,杭州市西湖区新蕾幼儿园,浙江省杭州市西湖区转塘街道南村225号,120.09382,30.12551,西湖区,幼儿园,120.095145,30.128694
18,陈经纶体育学校幼儿园,浙江省杭州市西湖区曙光路126号,120.13362,30.26726,西湖区,幼儿园,120.137484,30.265571
19,西湖区申花路幼儿园秀月园区,浙江省杭州市西湖区美林湾城市公寓绿岸苑1幢1-1附近东北方向152米,120.09206,30.32341,西湖区,幼儿园,120.09695,30.321302
20,杭师大幼儿园,浙江省杭州市西湖区教工路142号,120.13216,30.28353,西湖区,幼儿园,120.136045,30.281017
21,杭州市西湖区紫荆幼儿园,浙江省杭州市西湖区紫荆花路290,120.08795,30.29264,西湖区,幼儿园,120.093232,30.290338
22,普普幼儿园,浙江省杭州市西湖区振华路200号瑞鼎大厦斜对面西北方向100米,120.065637,30.315669,西湖区,幼儿园,120.069862,30.313049
23,武林门幼儿园西区,浙江省杭州市西湖区马塍路9号,120.14405,30.27805,西湖区,幼儿园,120.148943,30.275802
24,杭州市西湖区景汇幼儿园,浙江省杭州市西湖区汇周街108,120.0614,30.352,西湖区,幼儿园,120.066344,30.349924
25,杭州市乐莺幼儿园,浙江省杭州市西湖区长阳路93正西方向100米,120.0896,30.32723,西湖区,幼儿园,120.094124,30.324882
26,东方幼儿园,浙江省杭州市西湖区紫荆花路282,120.0878,30.29034,西湖区,幼儿园,120.092789,30.288049
27,绕城幼儿园,浙江省杭州市西湖区浙江省杭州市西湖区,120.0499,30.33993,西湖区,幼儿园,120.054895,30.3375
28,杭州市西湖区留下幼儿园,浙江省杭州市西湖区浙江省杭州市西湖区,120.05283,30.24365,西湖区,幼儿园,120.057483,30.240996
29,翠苑第二幼儿园,浙江省杭州市西湖区翠苑新村二区11-2,120.12298,30.292,西湖区,幼儿园,120.127833,30.28973
30,杭州市西湖区文新学前教育集团自在城幼儿园,浙江省杭州市西湖区嘉仁路499东南方向134米,120.06758,30.33653,西湖区,幼儿园,120.072594,30.334313
31,周浦幼儿园,浙江省杭州市西湖区浙江省杭州市西湖区,120.069728,30.094904,西湖区,幼儿园,120.074173,30.092417
32,浙江省级机关府苑幼儿园,浙江省杭州市西湖区府苑新村,120.088,30.26803,西湖区,幼儿园,120.092963,30.265891
33,杭州市西湖区新天地幼儿园,浙江省杭州市西湖区振华路197,120.071788,30.317091,西湖区,幼儿园,120.076218,30.314704
34,浙江省交通运输厅幼儿园,浙江省杭州市西湖区宝石山下四弄18号,120.14466,30.26489,西湖区,幼儿园,120.149039,30.262591
35,杭州市西子湖幼儿园(三台山园区),浙江省杭州市西湖区三台云舍12-1,120.129,30.22764,西湖区,幼儿园,120.133978,30.225709
36,祥符艺术幼儿园长阳园区,浙江省杭州市西湖区三墩路416正南方向39米,120.09088,30.3265,西湖区,幼儿园,120.0957,30.324157
37,杭州市西湖区育博幼儿园,浙江省杭州市西湖区汇禾领府东10,120.06762,30.32434,西湖区,幼儿园,120.072434,30.321948
38,天虹幼儿园水月园区,浙江省杭州市西湖区城北商贸园34幢,120.08805,30.31284,西湖区,幼儿园,120.092817,30.310479
39,小桔灯幼儿园,浙江省杭州市西湖区杨家牌楼2号,120.07032,30.24229,西湖区,幼儿园,120.075362,30.239958
40,杭州市西湖区海鸿幼儿园,浙江省杭州市西湖区临秀苑底商9,120.06674,30.34656,西湖区,幼儿园,120.071506,30.344523
41,枫华府第幼儿园庆丰园区,浙江省杭州市西湖区玉古路165-1,120.12316,30.26905,西湖区,幼儿园,120.128096,30.266723
42,杭州市西湖区金太阳幼儿园,浙江省杭州市西湖区西溪路643正北方向145米,120.08625,30.25829,西湖区,幼儿园,120.090999,30.256317
43,杭州市西湖区三坝幼儿园金地园区,浙江省杭州市西湖区厚仁路369号三墩新天地商业中心13幢正东方向155米,120.07061,30.33626,西湖区,幼儿园,120.075598,30.333947
44,杭州市西湖区石灰桥幼儿园,浙江省杭州市西湖区莫干山路491号西南方向150米,120.1401,30.28748,西湖区,幼儿园,120.144896,30.285184
45,回龙幼儿园,浙江省杭州市西湖区转塘镇南村正南方向110米,120.098436,30.126068,西湖区,幼儿园,120.103379,30.123914
46,三墩镇中心幼儿园,浙江省杭州市西湖区庙前街55,120.07765,30.32218,西湖区,幼儿园,120.082269,30.319922
47,浙江大学幼儿园玉泉分园,浙江省杭州市西湖区浙大路18浙大求是社区,120.125354,30.264991,西湖区,幼儿园,120.1303,30.262994
48,翠苑第一幼儿园,浙江省杭州市西湖区翠苑新村一区49,120.12303,30.28871,西湖区,幼儿园,120.127799,30.286713
49,名苑学前教育集团和家园幼儿园,浙江省杭州市西湖区留下镇杨梅山路305号,120.05874,30.238,西湖区,幼儿园,120.063653,30.235947
50,浙江大学西溪幼儿园,浙江省杭州市西湖区天目山路148号浙江大学西溪校区,120.13814,30.27681,西湖区,幼儿园,120.142874,30.274545
51,浙江省级机关北山幼儿园,浙江省杭州市西湖区保m路45,120.14616,30.26496,西湖区,幼儿园,120.150792,30.262292
52,杭州市西湖区古荡幼儿园,浙江省杭州市西湖区古荡东区36幢,120.11304,30.27719,西湖区,幼儿园,120.118124,30.274896
53,杭州市金都中心幼儿园,浙江省杭州市西湖区古墩路415,120.09263,30.28757,西湖区,幼儿园,120.097256,30.285322
54,枫华府第幼儿园,浙江省杭州市西湖区华星路6-2,120.12213,30.28204,西湖区,幼儿园,120.126998,30.279794
55,文新学前教育集团金地幼儿园,浙江省杭州市西湖区欣然街88东南方向96米,120.06452,30.33291,西湖区,幼儿园,120.069289,30.330682
56,杭州市西湖区翠苑第四幼儿园,浙江省杭州市西湖区浙江省杭州市西湖区,120.11707,30.28873,西湖区,幼儿园,120.121826,30.286374
57,西溪花园幼儿园,浙江省杭州市西湖区晴川街与崇义路交叉路口白荻苑内,120.0558,30.28618,西湖区,幼儿园,120.061002,30.283909
58,杭州市西湖区启蒙幼儿园,浙江省杭州市西湖区灯彩街50,120.08349,30.32901,西湖区,幼儿园,120.088433,30.326803
59,杭州市西湖区九莲幼儿园,浙江省杭州市西湖区九莲新村1号,120.12879,30.27989,西湖区,幼儿园,120.1335,30.277547
60,西溪花园幼儿园竞舟苑园区,浙江省杭州市西湖区晴川街571,120.05138,30.28575,西湖区,幼儿园,120.056045,30.283403
61,闻裕顺学前教育集团之江幼儿园,浙江省杭州市西湖区枫桦路1号珊瑚沙家园,120.09626,30.16656,西湖区,幼儿园,120.101069,30.16427
62,杭州市文三街小学,浙江省杭州市西湖区浙江省杭州市西湖区,120.13968,30.27919,西湖区,小学,120.144192,30.276748
63,转塘小学(凌家桥校区),浙江省杭州市西湖区凌家桥,120.075945,30.139296,西湖区,小学,120.080785,30.136914
64,杭州市大禹路小学甲来路校区,浙江省杭州市西湖区甲来路86,120.06224,30.34223,西湖区,小学,120.067571,30.33959
65,杭州市文三教育集团九莲小学,浙江省杭州市西湖区影业路55,120.12842,30.28127,西湖区,小学,120.132766,30.279031
66,育才教育集团第二实验学校,浙江省杭州市西湖区黄姑山横路70,120.12672,30.27701,西湖区,小学,120.131547,30.275168
67,学军小学紫金港校区,浙江省杭州市西湖区萍水西街198,120.0899,30.3027,西湖区,小学,120.094907,30.301115
68,求是(和家园)小学,浙江省杭州市西湖区浙江省杭州市西湖区,120.05952,30.24242,西湖区,小学,120.064598,30.240125
69,杭州市省府路小学秋水苑校区,浙江省杭州市西湖区莲花街108,120.10244,30.2751,西湖区,小学,120.107351,30.273024
70,杭州绿城育华小学,浙江省杭州市西湖区文一西路532-1正北方向197米,120.08,30.29304,西湖区,小学,120.086338,30.290406
71,杭州市文溪小学,浙江省杭州市西湖区凌波路8号,120.051563,30.282808,西湖区,小学,120.055868,30.28002
72,转塘小学回龙校区,浙江省杭州市西湖区转塘街道南村225号东北方向193米,120.0923,30.12415,西湖区,小学,120.097605,30.122206
73,翠苑第一小学翠苑校区,浙江省杭州市西湖区文一路375号,120.12259,30.28981,西湖区,小学,120.126909,30.28741
74,杭州市行知第二小学,浙江省杭州市西湖区浙江省杭州市西湖区,120.056438,30.295873,西湖区,小学,120.061361,30.294324
75,杭州市文三教育集团定山小学,浙江省杭州市西湖区灵凤街178,120.066207,30.142189,西湖区,小学,120.071144,30.140748
76,杭州市袁浦小学,浙江省杭州市西湖区双浦镇兰溪口村1号,120.11655,30.1171,西湖区,小学,120.12108,30.114187
77,文一街小学秀水校区,浙江省杭州市西湖区秀里街306,120.09102,30.32431,西湖区,小学,120.096176,30.322115
78,浙江大学附属第二小学,浙江省杭州市西湖区五常港路469正东方向151米,120.06077,30.30305,西湖区,小学,120.06499,30.300978
79,杭州市竞舟小学,浙江省杭州市西湖区竞舟路221,120.09836,30.2866,西湖区,小学,120.103223,30.284755
80,杭州市翠苑第二小学,浙江省杭州市西湖区翠苑三区165号,120.117323,30.286182,西湖区,小学,120.12131,30.29112
81,杭州市西湖小学教育集团西湖小学,浙江省杭州市西湖区曙光路143号,120.12596,30.25582,西湖区,小学,120.131147,30.253583
82,杭州市古荡第一小学,浙江省杭州市西湖区益乐路6-1,120.11181,30.27651,西湖区,小学,120.117034,30.274147
83,浙江外国语学院附属实验学校,浙江省杭州市西湖区黄姑山横路70,120.12672,30.27701,西湖区,小学,120.087858,30.282102
84,杭州市之江外语实验学校,浙江省杭州市西湖区文一路天河西苑,120.1006,30.29255,西湖区,小学,120.105562,30.290625
85,杭州市西子湖小学,浙江省杭州市西湖区龙井路76号,120.118146,30.23958,西湖区,小学,120.117027,30.186423
86,杭州市周浦小学,浙江省杭州市西湖区周家埭408,120.06871,30.10281,西湖区,小学,120.073319,30.099839
87,杭州市三墩小学双桥校区,浙江省杭州市西湖区肖家坝12号,120.035869,30.332421,西湖区,小学,120.040664,30.329902
88,杭州市之江第二小学,浙江省杭州市西湖区文景路330,120.09004,30.16259,西湖区,小学,120.094995,30.160328
89,杭州市星洲小学,浙江省杭州市西湖区紫荆花路288,120.08849,30.29128,西湖区,小学,120.093318,30.289407
90,杭州市紫荆花学校,浙江省杭州市西湖区竞舟路222,120.1,30.28635,西湖区,小学,120.104718,30.283954
91,杭州市钱塘外语学校,浙江省杭州市西湖区文二西路88号,120.10707,30.28554,西湖区,小学,120.111842,30.282988
92,杭州市文一街小学,浙江省杭州市西湖区保m北路88号,120.13729,30.28974,西湖区,小学,120.142503,30.287415
93,杭州市文新小学,浙江省杭州市西湖区文三西路491,120.088431,30.27525,西湖区,小学,120.092795,30.272862
94,浙江省教育厅教研室附属小学,浙江省杭州市西湖区浙江省杭州市西湖区,120.1167,30.28739,西湖区,小学,120.121338,30.285839
95,杭州市三墩小学,浙江省杭州市西湖区振华路28,120.07628,30.31826,西湖区,小学,120.080448,30.315419
96,杭州市学军小学之江校区,浙江省杭州市西湖区梦园街188,120.064912,30.163091,西湖区,小学,120.06951,30.161319
97,浙江省教育技术中心实验小学,浙江省杭州市西湖区益乐路6-1,120.11181,30.27651,西湖区,小学,120.116531,30.274043
98,浙江外国语学院附属实验小学,浙江省杭州市西湖区留下大街2号,120.04889,30.24153,西湖区,小学,120.054254,30.239262
99,杭州市长桥小学,浙江省杭州市西湖区南山路64,120.14852,30.2314,西湖区,小学,120.153257,30.229072
100,杭州市文三教育集团文理小学,浙江省杭州市西湖区嘉仁路499,120.06883,30.33599,西湖区,小学,120.073406,30.333217
101,杭州外国语学校,浙江省杭州市西湖区留和路309,120.02981,30.22235,西湖区,中学,120.03417,30.219534
102,浙江省杭州第七中学,浙江省杭州市西湖区转塘环山路1号,120.053046,30.150409,西湖区,中学,120.057339,30.148848
103,长阳中学,浙江省杭州市西湖区长阳路2,120.09022,30.32709,西湖区,中学,120.094796,30.324312
104,杭州市嘉绿苑中学,浙江省杭州市西湖区华星路218,120.11131,30.2813,西湖区,中学,120.11602,30.279944
105,杭州市上泗中学,浙江省杭州市西湖区沈家路东南方向120米,120.06245,30.16411,西湖区,中学,120.067135,30.161099
106,杭州市公益中学,浙江省杭州市西湖区浙江省杭州市西湖区,120.08316,30.28378,西湖区,中学,120.087993,30.282809
107,杭州市西溪实验学校,浙江省杭州市西湖区文一西路578,120.07319,30.28965,西湖区,中学,120.07834,30.288013
108,浙江工业大学附属实验学校,浙江省杭州市西湖区杨梅山路388号,120.051621,30.235507,西湖区,中学,120.056777,30.233633
109,杭州市翠苑中学翠苑校区,浙江省杭州市西湖区翠苑二区37幢,120.12158,30.29282,西湖区,中学,120.12601,30.290304
110,浙江大学附属中学,浙江省杭州市西湖区曙光路91,120.12669,30.2607,西湖区,中学,120.131434,30.258884
111,杭州市袁浦中学,浙江省杭州市西湖区浙江省杭州市西湖区,120.12417,30.1193,西湖区,中学,120.128839,30.117839
112,杭州市翠苑中学文华校区,浙江省杭州市西湖区古墩路580号,120.09447,30.2908,西湖区,中学,120.099294,30.289036
113,杭州市紫金港中学,浙江省杭州市西湖区古墩路萍水路口,120.094203,30.300762,西湖区,中学,120.099668,30.298177
114,杭州学军中学,浙江省杭州市西湖区文三路188号,120.1348,30.27981,西湖区,中学,120.139189,30.278365
115,杭州市保m塔实验学校(松木场校区),浙江省杭州市西湖区天目山路81号,120.144031,30.274038,西湖区,中学,120.149558,30.270504
116,杭州师范大学附属中学,浙江省杭州市西湖区振华路5,120.08024,30.31915,西湖区,中学,120.085319,30.315893
117,杭州东方中学,浙江省杭州市西湖区小龙驹坞72号附近,120.08219,30.25676,西湖区,中学,120.088456,30.254313
118,杭州丰潭中学,浙江省杭州市西湖区丰潭路2号,120.10728,30.2752,西湖区,中学,120.1128,30.272573
119,杭州市三墩中学,浙江省杭州市西湖区振华路9,120.07772,30.31899,西湖区,中学,120.082517,30.315974
120,杭州市西湖高级中学,浙江省杭州市西湖区留下街2号,120.05641,30.24513,西湖区,中学,120.061384,30.241297
121,杭州周浦中学,浙江省杭州市西湖区周浦乡周浦街15号,120.071757,30.093282,西湖区,中学,120.076843,30.091413
122,浙江体育职业技术学院,浙江省杭州市西湖区教工路49号,120.12998,30.28121,西湖区,中专,120.135088,30.278427
123,杭州市电子信息职业学校,浙江省杭州市西湖区高技街2,120.11869,30.2875,西湖区,中专,120.123536,30.285197
124,杭州计算机学校,浙江省杭州市西湖区浮山东路1号,120.085442,30.135227,西湖区,中专,120.09011,30.132989
125,杭州第一技师学院,浙江省杭州市西湖区浙江省杭州市西湖区,120.077184,30.256798,西湖区,中专,120.082706,30.252459
126,浙江科技学院(小和山校区),浙江省杭州市西湖区留和路318号,120.023012,30.221232,西湖区,大专,120.02832,30.21891
127,浙江体育职业技术学院教工路校区,浙江省杭州市西湖区教工路49号,120.12998,30.2812,西湖区,大专,120.134738,30.278463
128,杭州市余杭区良渚喜羊羊幼儿园,浙江省杭州市余杭区庙长桥路1号,120.09413,30.35727,余杭区,幼儿园,120.098733,30.355178
129,国泰西园幼儿园,浙江省杭州市余杭区余杭镇禹航路凤都苑,119.94314,30.26534,余杭区,幼儿园,119.94768,30.262757
130,闲林中心幼儿园,浙江省杭州市余杭区浙江省杭州市余杭区,119.9775,30.22303,余杭区,幼儿园,119.981991,30.220391
131,余杭区勾庄中心幼儿园金家渡园区,浙江省杭州市余杭区曹家路69,120.080778,30.348272,余杭区,幼儿园,120.085339,30.346129
132,北湖绿洲幼儿园,浙江省杭州市余杭区浙江省杭州市余杭区,119.97389,30.38102,余杭区,幼儿园,119.979214,30.378666
133,美好晨星幼儿园,浙江省杭州市余杭区浙江省杭州市余杭区,119.96616,30.37099,余杭区,幼儿园,119.970479,30.368415
134,西点天阳幼儿园,浙江省杭州市余杭区棕榈路89西南方向185米,120.083752,30.36394,余杭区,幼儿园,120.088795,30.361419
135,杭州市余杭区绿苑幼儿园,浙江省杭州市余杭区绿园村63,119.96535,30.40188,余杭区,幼儿园,119.970162,30.399338
136,绿城育华翡翠城幼儿园,浙江省杭州市余杭区闲林镇五常大道和高教路路口,120.014,30.24628,余杭区,幼儿园,120.01873,30.24376
137,大观山幼儿园,浙江省杭州市余杭区葡萄畈145正南方向82米,119.975767,30.39743,余杭区,幼儿园,119.979604,30.394665
138,玉鸟幼儿园,浙江省杭州市余杭区良渚镇良渚文化村,120.023338,30.369192,余杭区,幼儿园,120.028555,30.366893
139,勾庄中心幼儿园肇和分园,浙江省杭州市余杭区浙江省杭州市余杭区,120.09521,30.37951,余杭区,幼儿园,120.100044,30.377194
140,彭公中心幼儿园,浙江省杭州市余杭区郎家井20,119.91868,30.41124,余杭区,幼儿园,119.923109,30.40867
141,西点铭雅幼儿园,浙江省杭州市余杭区铭雅苑东区文体中心正北方向39米,120.08044,30.340797,余杭区,幼儿园,120.085493,30.338443
142,绿城育华亲亲幼儿园,浙江省杭州市余杭区三和大街41号亲亲家园坤和道北入口,120.0863,30.33758,余杭区,幼儿园,120.091303,30.335166
143,百丈镇中心幼儿园溪口分园,浙江省杭州市余杭区浙江省杭州市余杭区,119.76629,30.49216,余杭区,幼儿园,119.771495,30.487507
144,杭州市余杭区鑫鑫幼儿园,浙江省杭州市余杭区良渚镇勾庄丁公村三源印刷有限公司旁,120.07708,30.3656,余杭区,幼儿园,120.08187,30.363353
145,余杭区凤凰幼儿园,浙江省杭州市余杭区城东路7正东方向180米,119.94916,30.25508,余杭区,幼儿园,119.953845,30.252285
146,杭州市阳光宝贝方汇幼儿园,浙江省杭州市余杭区城南路322方汇花苑,119.94286,30.25881,余杭区,幼儿园,119.94751,30.256082
147,径山镇中心幼儿园,浙江省杭州市余杭区吴山路5号,119.866984,30.38844,余杭区,幼儿园,119.878523,30.378574
148,西塘河幼儿园,浙江省杭州市余杭区西塘河村11组新塘苑39号,120.06571,30.369,余杭区,幼儿园,120.070474,30.366708
149,启蒙爵士风情幼儿园,浙江省杭州市余杭区爵士风情花园日辉苑15幢,119.98733,30.23884,余杭区,幼儿园,119.991821,30.236592
150,杭州市余杭区西塘雅苑幼儿园白洋里园区,浙江省杭州市余杭区浙江省杭州市余杭区,120.07634,30.348933,余杭区,幼儿园,120.081002,30.346738
151,余杭区贝贝幼儿园,浙江省杭州市余杭区浙江省杭州市余杭区,120.00341,30.2356,余杭区,幼儿园,120.00796,30.232865
152,杭州市余杭区荀山幼儿园,浙江省杭州市余杭区莫干山路2859,120.037,30.38209,余杭区,幼儿园,120.04166,30.379699
153,绿城育华瑞和幼儿园,浙江省杭州市余杭区良渚街道瑞和园小区南面,120.04683,30.36948,余杭区,幼儿园,120.051419,30.367231
154,余杭区鸬鸟镇中心幼儿园,浙江省杭州市余杭区雅城106东南方向165米,119.75464,30.4553,余杭区,幼儿园,119.759536,30.452854
155,杭州市余杭区3之3闲湖城幼儿园,浙江省杭州市余杭区闲林中路2西南方向59米,119.98662,30.2236,余杭区,幼儿园,119.991566,30.221415
156,闲林白洋畈幼儿园,浙江省杭州市余杭区圣地路12-1正东方向100米,119.97348,30.233832,余杭区,幼儿园,119.978331,30.230507
157,瓶窑镇第一幼儿园,浙江省杭州市余杭区凤溪路349,119.96705,30.393,余杭区,幼儿园,119.972026,30.390058
158,余杭区南湖幼儿园教育集团南安分园,浙江省杭州市余杭区余杭街道南安路58号,119.93621,30.27155,余杭区,幼儿园,119.940808,30.269013
159,江南春・闲林山水幼儿园,浙江省杭州市余杭区闲林镇闲林山水,120.0096,30.23633,余杭区,幼儿园,120.014402,30.233867
160,杭州市余杭区金舟城幼儿园,浙江省杭州市余杭区径东路43,119.85191,30.33972,余杭区,幼儿园,119.856694,30.337472
161,杭州英联幼儿园,浙江省杭州市余杭区春漫里60幢2单元303西南方向98米,120.0203,30.3608,余杭区,幼儿园,120.024724,30.358497
162,云会中心小学,浙江省杭州市余杭区西南山北路66号,120.08525,30.42253,余杭区,小学,120.089679,30.420385
163,杭行路小学运河校区,浙江省杭州市余杭区浙江省杭州市余杭区,120.11144,30.35984,余杭区,小学,120.115747,30.356963
164,杭州市余杭区良渚七贤小学,浙江省杭州市余杭区杭州市余杭区良渚街道爬饲2号,120.011795,30.349442,余杭区,小学,120.01696,30.346813
165,东塘中心小学,浙江省杭州市余杭区学德路5号,120.11069,30.45527,余杭区,小学,120.128065,30.456758
166,东风小学,浙江省杭州市余杭区浙江省杭州市余杭区,120.07625,30.4376,余杭区,小学,120.079889,30.434835
167,良渚第一小学,浙江省杭州市余杭区良渚东方西路121号,120.04428,30.37917,余杭区,小学,120.049658,30.376123
168,余杭镇凤凰小学(城南校区),浙江省杭州市余杭区城南路352号,119.940797,30.25833,余杭区,小学,119.945545,30.256035
169,北湖中心小学,浙江省杭州市余杭区浙江省杭州市余杭区,119.948588,30.390855,余杭区,小学,119.953611,30.389068
170,金成外国语小学,浙江省杭州市余杭区天目山路203,120.00767,30.23751,余杭区,小学,120.011903,30.235132
171,瓶窑镇长命中心小学,浙江省杭州市余杭区瓶窑镇长命村,120.000933,30.387265,余杭区,小学,120.006258,30.385026
172,余杭区未来科技城海曙小学,浙江省杭州市余杭区浙江省杭州市余杭区,120.02669,30.29358,余杭区,小学,120.031616,30.291188
173,径山镇双溪中心小学,浙江省杭州市余杭区浙江省杭州市余杭区,119.82157,30.40987,余杭区,小学,119.826498,30.407488
174,仓前中心小学吴山校区,浙江省杭州市余杭区浙江省杭州市余杭区,119.97466,30.318644,余杭区,小学,119.979562,30.316373
175,杭州师范大学附属仓前实验小学,浙江省杭州市余杭区浙江省杭州市余杭区,119.98737,30.29173,余杭区,小学,119.990956,30.288918
176,余杭区良渚第三小学,浙江省杭州市余杭区浙江省杭州市余杭区,120.00932,30.40753,余杭区,小学,120.013137,30.404767
177,余杭区鸬鸟镇中心小学,浙江省杭州市余杭区鸬鸟镇横山头村雅城,119.75334,30.4549,余杭区,小学,119.779731,30.46649
178,余杭区黄湖镇中心小学,浙江省杭州市余杭区迂前南路13,119.80802,30.44429,余杭区,小学,119.811832,30.441947
179,余杭区大禹小学,浙江省杭州市余杭区城东路198号,119.94849,30.26593,余杭区,小学,119.953286,30.262493
180,仁和中心小学,浙江省杭州市余杭区求学路1号西南方向67米,120.08322,30.44788,余杭区,小学,120.088205,30.446505
181,杭行路小学谢村校区,浙江省杭州市余杭区浙江省杭州市余杭区,120.126292,30.346338,余杭区,小学,120.129573,30.344068
182,闲林中心小学里项校区,浙江省杭州市余杭区浙江省杭州市余杭区,119.98811,30.20663,余杭区,小学,119.992499,30.204392
183,杭州市余杭区径山镇潘板中心小学,浙江省杭州市余杭区杭州市余杭区径山镇潘板求塘东2-1号,119.873403,30.376393,余杭区,小学,119.877927,30.373752
184,余杭区良渚第二中学,浙江省杭州市余杭区良渚镇勾庄棕榈路103号,120.08632,30.36316,余杭区,中学,120.090344,30.361357
185,径山中学,浙江省杭州市余杭区径山镇,119.87363,30.379049,余杭区,中学,119.878579,30.37727
186,五常中学,浙江省杭州市余杭区浙江省杭州市余杭区,120.038191,30.275474,余杭区,中学,120.043664,30.271963
187,余杭中学,浙江省杭州市余杭区文一西路2228号,119.959719,30.268078,余杭区,中学,119.964351,30.266627
188,杭州蒲公英学校,浙江省杭州市余杭区长命村,119.999317,30.385051,余杭区,中学,120.005226,30.383059
189,杭州市余杭文昌高级中学,浙江省杭州市余杭区余杭镇,119.926127,30.276787,余杭区,中学,119.930527,30.275387
190,闲林中学,浙江省杭州市余杭区方家山路125正北方向122米,119.97796,30.22197,余杭区,中学,119.981578,30.219322
191,杭州余杭东方未来学校,浙江省杭州市余杭区王家塘路28东南方向79米,120.078218,30.347428,余杭区,中学,120.083896,30.34627
192,余杭区良渚第一中学,浙江省杭州市余杭区浙江省杭州市余杭区,120.03467,30.37867,余杭区,中学,120.038462,30.375043
193,杭州英特外国语学校,浙江省杭州市余杭区上和路1,119.96971,30.24503,余杭区,中学,119.973799,30.241328
194,杭州师大附属仓前实验中学,浙江省杭州市余杭区仓兴街348-1,119.988403,30.291937,余杭区,中学,119.993555,30.290749
195,仁和中学,浙江省杭州市余杭区仁河大道1-3,120.083625,30.450953,余杭区,中学,120.089379,30.448591
196,杭州市瓶窑中学,浙江省杭州市余杭区里窑街150号,119.958096,30.396131,余杭区,中学,119.962598,30.394385
197,余杭区太炎中学,浙江省杭州市余杭区凤新路81,119.9353,30.26282,余杭区,中学,119.939362,30.261266
198,瓶窑第一中学,浙江省杭州市余杭区瓶窑镇瓶仓大道沿山路口,119.971168,30.372625,余杭区,中学,119.975681,30.371263
199,黄湖中学,浙江省杭州市余杭区兴黄路一号,119.808385,30.443855,余杭区,中学,119.811432,30.441047
200,中国人民大学附属中学杭州学校,浙江省杭州市余杭区浙江省杭州市余杭区,119.91414,30.248,余杭区,中学,119.92066,30.245206
201,良山学校棕榈湾校区,浙江省杭州市余杭区良渚镇勾庄丁公村三源印刷有限公司旁东南方向31米,120.07696,30.36592,余杭区,中学,120.081845,30.363738
202,浙江外国语学院实验学校,浙江省杭州市余杭区凤新路81,119.9353,30.26282,余杭区,中学,119.940088,30.260153
203,杭州绿康介护职业学校,浙江省杭州市余杭区龙潭路6,119.98294,30.2789,余杭区,中专,119.987226,30.276692
204,杭州市良渚职业高级中学,浙江省杭州市余杭区莫干山路2347,120.04743,30.37837,余杭区,中专,120.051288,30.375627
205,杭州市闲林职业高级中学,浙江省杭州市余杭区闲富南路(闲林中路口),119.97849,30.22544,余杭区,中专,119.982424,30.222004
206,浙江交通职业技术学院,浙江省杭州市余杭区莫干山路1515,120.08424,30.34603,余杭区,中专,120.08793,30.343687
207,杭州现代技工学校,浙江省杭州市余杭区华一路7,119.96891,30.2754,余杭区,中专,119.973255,30.273291
208,蓝天幼儿园,浙江省金华市义乌市公园村85,120.16738,29.32681,义乌市,幼儿园,120.171871,29.324323
209,七彩临江幼儿园,浙江省金华市义乌市后成一区5幢,120.07429,29.29212,义乌市,幼儿园,120.078957,29.289614
210,下湾幼儿园,浙江省金华市义乌市下湾三区19幢,120.147949,29.321298,义乌市,幼儿园,120.152683,29.318831
211,爱咪儿幼儿园,浙江省金华市义乌市建设三村58幢,120.06002,29.31039,义乌市,幼儿园,120.065,29.307841
212,星火幼儿园,浙江省金华市义乌市浙江省金华市义乌市,120.04477,29.32031,义乌市,幼儿园,120.049607,29.317734
213,童星幼儿园,浙江省金华市义乌市上西陶村委会,120.11856,29.38575,义乌市,幼儿园,120.123174,29.383306
214,3之3江滨幼儿园,浙江省金华市义乌市大成路江滨小区旁(中心小学隔壁),120.00921,29.19662,义乌市,幼儿园,120.013846,29.193915
215,大路金成红幼儿园,浙江省金华市义乌市大路金27幢,120.027201,29.285788,义乌市,幼儿园,120.031554,29.283322
216,永祥国学幼儿园,浙江省金华市义乌市凤栖街A58号(楼下村菜市场旁),120.05294,29.28704,义乌市,幼儿园,120.057328,29.284492
217,杨村幼儿园,浙江省金华市义乌市稠江街道经发大道杨一村3栋,120.03742,29.29607,义乌市,幼儿园,120.041932,29.29367
218,青青江滨幼儿园,浙江省金华市义乌市下埠头10幢,120.0727,29.29756,义乌市,幼儿园,120.077531,29.295063
219,青口幼儿园,浙江省金华市义乌市青口东区9幢,120.12518,29.31543,义乌市,幼儿园,120.129802,29.312959
220,万里幼儿园,浙江省金华市义乌市留雅小区25幢,120.030217,29.305791,义乌市,幼儿园,120.034922,29.303256
221,启明星幼儿园,浙江省金华市义乌市雪峰路4,120.02762,29.14678,义乌市,幼儿园,120.032241,29.144171
222,下王幼儿园,浙江省金华市义乌市东洲路237,120.11672,29.31379,义乌市,幼儿园,120.121457,29.311308
223,云门幼儿园,浙江省金华市义乌市文明北路15号,119.93016,29.28579,义乌市,幼儿园,119.934767,29.282866
224,宗塘幼儿园,浙江省金华市义乌市宗塘二区88幢,120.10249,29.30155,义乌市,幼儿园,120.10737,29.299071
225,向日葵幼儿园,浙江省金华市义乌市遗安二区3幢,120.06993,29.354,义乌市,幼儿园,120.074803,29.351812
226,米朗幼儿园,浙江省金华市义乌市下傅小区100幢3号,120.06327,29.28173,义乌市,幼儿园,120.067956,29.279206
227,育深幼儿园,浙江省金华市义乌市九联黄古头19幢,120.05114,29.27028,义乌市,幼儿园,120.055388,29.267663
228,童店幼儿园,浙江省金华市义乌市童店二区10幢,120.04684,29.28686,义乌市,幼儿园,120.051629,29.284242
229,城西街道东河幼儿园,浙江省金华市义乌市东河工商街110号,119.988759,29.310369,义乌市,幼儿园,119.993162,29.307719
230,新世纪幼儿园,浙江省金华市义乌市城店路180号,120.05188,29.29801,义乌市,幼儿园,120.056664,29.29547
231,何宅幼儿园,浙江省金华市义乌市浙江省金华市义乌市,120.09443,29.31084,义乌市,幼儿园,120.189984,29.30907
232,厚富幼儿园,浙江省金华市义乌市厚富小区36幢1号,120.059206,29.348104,义乌市,幼儿园,120.063951,29.345673
233,现代名人幼儿园,浙江省金华市义乌市望道路现代花园内,120.046336,29.315614,义乌市,幼儿园,120.051076,29.312975
234,七色花幼儿园,浙江省金华市义乌市八角井13幢1号,120.021937,29.287278,义乌市,幼儿园,120.026731,29.284388
235,育红幼儿园,浙江省金华市义乌市佛堂镇剡溪村北68号,120.04412,29.18248,义乌市,幼儿园,120.0486,29.1796
236,七彩山口幼儿园,浙江省金华市义乌市山口小区82幢,120.10859,29.29686,义乌市,幼儿园,120.113329,29.294323
237,下骆宅第二幼儿园,浙江省金华市义乌市振兴西路16号,120.13386,29.33433,义乌市,幼儿园,120.13826,29.332019
238,江南幼儿园,浙江省金华市义乌市江南一区20幢22号,120.069352,29.289191,义乌市,幼儿园,120.074138,29.286492
239,信达幼儿园,浙江省金华市义乌市上溪镇信达路8号,119.9199,29.27328,义乌市,幼儿园,119.924196,29.270124
240,金喇叭幼儿园,浙江省金华市义乌市前流新村58,120.0347,29.24247,义乌市,幼儿园,120.039574,29.239957
241,米兰幼儿园,浙江省金华市义乌市陈陀新村19幢,120.16663,29.3537,义乌市,幼儿园,120.171289,29.350996
242,娃哈哈幼儿园,浙江省金华市义乌市公园村,120.16773,29.32804,义乌市,幼儿园,120.172214,29.325411
243,赤岸幼儿园,浙江省金华市义乌市双峰路56西南方向137米,120.06152,29.13137,义乌市,幼儿园,120.03827,29.145296
244,义乌市江东中心幼儿园,浙江省金华市义乌市江南四区55幢,120.070042,29.285183,义乌市,幼儿园,120.074859,29.282873
245,东洲第二幼儿园,浙江省金华市义乌市东洲・流云苑7幢1,120.107555,29.308571,义乌市,幼儿园,120.111984,29.305922
246,小白鸽幼儿园,浙江省金华市义乌市廿三里镇信联街82号,120.16387,29.32742,义乌市,幼儿园,120.168278,29.325801
247,龙回红五星幼儿园,浙江省金华市义乌市龙回四区71幢,120.01901,29.29018,义乌市,幼儿园,120.023568,29.287682
248,义乌市城西街道中心幼儿园,浙江省金华市义乌市伏龙山南路33号6~8西北方向139米,119.98242,29.29206,义乌市,幼儿园,119.987327,29.28964
249,东洲第一幼儿园,浙江省金华市义乌市东洲・眺雨苑10幢1,120.114735,29.310983,义乌市,幼儿园,120.119461,29.308519
250,东苑幼儿园,浙江省金华市义乌市下朱D区2幢,120.12467,29.31872,义乌市,幼儿园,120.1293,29.316221
251,福田鑫灿幼儿园鑫苑幼儿园分园,浙江省金华市义乌市诚信三区27幢,120.11402,29.35091,义乌市,幼儿园,120.118535,29.348422
252,经发幼儿园,浙江省金华市义乌市杨三村13幢,120.03746,29.2946,义乌市,幼儿园,120.042544,29.292152
253,北苑街道路北幼儿园,浙江省金华市义乌市春晗二区109幢,120.06756,29.3355,义乌市,幼儿园,120.072366,29.333181
254,叮叮幼儿园,浙江省金华市义乌市桥东街20正北方向35米,120.086976,29.303676,义乌市,幼儿园,120.09136,29.301542
255,福田幼儿园,浙江省金华市义乌市长春二区48幢,120.09198,29.33311,义乌市,幼儿园,120.096682,29.33059
256,商博幼儿园,浙江省金华市义乌市下朱B区4幢,120.11842,29.31809,义乌市,幼儿园,120.123029,29.315577
257,鑫苑幼儿园,浙江省金华市义乌市诚信一区53幢1号,120.109584,29.349506,义乌市,幼儿园,120.114291,29.346952
258,小天鹅幼儿园,浙江省金华市义乌市长春二区33幢1,120.09228,29.33388,义乌市,幼儿园,120.096961,29.33147
259,佳爱幼儿园,浙江省金华市义乌市望道路255,120.04634,29.32175,义乌市,幼儿园,120.050835,29.318947
260,学雅幼儿园,浙江省金华市义乌市杨二村10幢,120.03217,29.29214,义乌市,幼儿园,120.037417,29.289683
261,大元幼儿园,浙江省金华市义乌市尚书府15栋正北方向32米,120.1408,29.2974,义乌市,幼儿园,120.145451,29.294953
262,义乌市机关实验幼儿园,浙江省金华市义乌市稠州中路408号西北方向97米,120.0677,29.29822,义乌市,幼儿园,120.072264,29.295614
263,欣欣向荣幼儿园,浙江省金华市义乌市江东街道青岩傅村,120.085357,29.267818,义乌市,幼儿园,120.090407,29.265458
264,义乌市赤岸镇毛店幼儿园,浙江省金华市义乌市五指山路与毛下线交叉口西南200米,119.99316,29.10155,义乌市,幼儿园,119.997776,29.098545
265,义乌市江东街道快乐幼儿园,浙江省金华市义乌市金村C区37幢,120.08452,29.2963,义乌市,幼儿园,120.089221,29.293911
266,曹村幼儿园,浙江省金华市义乌市后宅街道曹村正东方向158米,120.015616,29.376737,义乌市,幼儿园,120.020224,29.374359
267,心声幼儿园,浙江省金华市义乌市大士路39号,120.03712,29.19442,义乌市,幼儿园,120.041756,29.191968
268,寺口蒋幼儿园,浙江省金华市义乌市上溪镇寺口蒋村委会,119.91665,29.24045,义乌市,幼儿园,119.921173,29.23756
269,安安幼儿园,浙江省金华市义乌市后申塘二区14幢,120.0196,29.283115,义乌市,幼儿园,120.02419,29.280472
270,梅湖国际幼儿园,浙江省金华市义乌市义乌市梅湖体育中心体育馆,120.1034,29.31581,义乌市,幼儿园,120.109151,29.31312
271,象山幼儿园,浙江省金华市义乌市象山村,119.99815,29.2738,义乌市,幼儿园,120.002644,29.271153
272,启龙幼儿园,浙江省金华市义乌市兴工路11号,120.04645,29.30945,义乌市,幼儿园,120.053254,29.307239
273,义乌市实验幼儿园,浙江省金华市义乌市宾王商贸区五街169,120.08249,29.31142,义乌市,幼儿园,120.087768,29.308833
274,佛堂镇第二幼儿园,浙江省金华市义乌市道院路46,120.0195,29.20298,义乌市,幼儿园,120.024242,29.200291
275,摇篮幼儿园,浙江省金华市义乌市戚继光路36-3,120.048136,29.304045,义乌市,幼儿园,120.052828,29.301535
276,希星幼儿园,浙江省金华市义乌市孝子祠29幢1,120.0792,29.31592,义乌市,幼儿园,120.084014,29.313475
277,东方之珠幼儿园,浙江省金华市义乌市龚大塘一区41幢,120.0775,29.29465,义乌市,幼儿园,120.082426,29.292005
278,前店幼儿园,浙江省金华市义乌市森屋村75号,120.10027,29.38335,义乌市,幼儿园,120.104967,29.38088
279,后宅幼儿园,浙江省金华市义乌市后宅街道黄宁路70号,120.05489,29.37642,义乌市,幼儿园,120.059423,29.373988
280,育苗幼儿园,浙江省金华市义乌市后申塘一区13幢,120.02051,29.2839,义乌市,幼儿园,120.025203,29.281265
281,巧巧幼儿园,浙江省金华市义乌市童店一区47幢,120.04889,29.28916,义乌市,幼儿园,120.053714,29.28659
282,嘟嘟熊幼儿园,浙江省金华市义乌市涌金大道B23号,120.10242,29.36571,义乌市,幼儿园,120.107082,29.36334
283,江东商苑幼儿园,浙江省金华市义乌市商苑,120.0844,29.2926,义乌市,幼儿园,120.089066,29.290435
284,安心幼儿园,浙江省金华市义乌市赵宅二区11幢3~5号,120.091111,29.319973,义乌市,幼儿园,120.095897,29.317436
285,银海鑫焕幼儿园,浙江省金华市义乌市银海二区15幢,120.10064,29.34433,义乌市,幼儿园,120.105339,29.341847
286,义乌市上溪幼儿园,浙江省金华市义乌市文明北路68号,119.93154,29.28741,义乌市,幼儿园,119.935949,29.284512
287,天成幼儿园,浙江省金华市义乌市龙回一区20幢,120.016107,29.295665,义乌市,幼儿园,120.020862,29.292881
288,贝贝幼儿园,浙江省金华市义乌市渡磬北路38,120.006516,29.206477,义乌市,幼儿园,119.931567,29.27329
289,爱德幼儿园,浙江省金华市义乌市荷叶塘下西陶荷叶塘中学后门对面西南方向96米,120.11942,29.37964,义乌市,幼儿园,120.12427,29.377162
290,福颖幼儿园,浙江省金华市义乌市贝村路308号,120.053404,29.295879,义乌市,幼儿园,120.058063,29.293708
291,望道路幼儿园,浙江省金华市义乌市浙江省金华市义乌市,120.03922,29.34271,义乌市,幼儿园,120.044015,29.340287
292,中天幼儿园,浙江省金华市义乌市何界北站四区,120.03695,29.36967,义乌市,幼儿园,120.043038,29.363619
293,博雅幼儿园,浙江省金华市义乌市后园村150号,120.04553,29.24773,义乌市,幼儿园,120.050213,29.245193
294,夏演幼儿园,浙江省金华市义乌市夏桥街41,119.96575,29.29548,义乌市,幼儿园,119.970792,29.293006
295,后宅街道鹤田幼儿园,浙江省金华市义乌市后宅街道鹤田村二区,120.06032,29.41288,义乌市,幼儿园,120.065026,29.410444
296,红果果幼儿园,浙江省金华市义乌市浙江省金华市义乌市,119.957,29.20631,义乌市,幼儿园,119.961449,29.203632
297,小天使幼儿园,浙江省金华市义乌市下沿塘316-317,120.00653,29.27636,义乌市,幼儿园,120.011122,29.273692
298,义亭镇中心幼儿园,浙江省金华市义乌市嫦娥路25正西方向167米,119.95137,29.24478,义乌市,幼儿园,119.9559,29.242208
299,益公山幼儿园,浙江省金华市义乌市益公山西区5幢,119.97957,29.29421,义乌市,幼儿园,119.984851,29.29152
300,麻车塘幼儿园,浙江省金华市义乌市西田畈村8幢1-2号,120.16356,29.35,义乌市,幼儿园,120.168188,29.347545
301,中洋幼儿园,浙江省金华市义乌市浙江省金华市义乌市,119.97287,29.23556,义乌市,幼儿园,119.977319,29.232823
302,洪华凯旋幼儿园,浙江省金华市义乌市后宅街道洪华新村40幢,120.07164,29.35707,义乌市,幼儿园,120.076412,29.354727
303,毛店幼儿园,浙江省金华市义乌市毛店村9,120.038574,29.256682,义乌市,幼儿园,120.043199,29.253992
304,义乌时光民族幼儿园,浙江省金华市义乌市凤凰山小区51幢,120.06163,29.29551,义乌市,幼儿园,120.066392,29.293112
305,堂阁三维幼儿园,浙江省金华市义乌市稠城街道堂阁村38号,120.10543,29.38685,义乌市,幼儿园,120.110172,29.384567
306,西何幼儿园,浙江省金华市义乌市后宅街道德胜路27号东北方向122米,120.04904,29.37156,义乌市,幼儿园,120.053405,29.369487
307,义乌市梅园幼儿园,浙江省金华市义乌市稠州中路408号西北方向97米,120.0677,29.29822,义乌市,幼儿园,120.07247,29.295821
308,卡璐璐幼儿园,浙江省金华市义乌市黄杨梅一区88幢正西方向95米,120.04298,29.31146,义乌市,幼儿园,120.047556,29.308911
309,金城高尔夫幼儿园,浙江省金华市义乌市金城高尔夫二期20栋,120.06365,29.35973,义乌市,幼儿园,120.069076,29.357426
310,义乌市稠江中心幼儿园,浙江省金华市义乌市枫华路100,120.04051,29.30328,义乌市,幼儿园,120.044706,29.300763
311,星星幼儿园,浙江省金华市义乌市江东街道九联西赵村99号,120.03568,29.2573,义乌市,幼儿园,120.040206,29.254757
312,永新幼儿园,浙江省金华市义乌市苏溪永康路128号,120.12894,29.4198,义乌市,幼儿园,120.133644,29.417124
313,苏溪镇后山坞幼儿园,浙江省金华市义乌市里宅8幢,120.137246,29.391599,义乌市,幼儿园,120.141901,29.389096
314,义乌市荷叶塘幼儿园,浙江省金华市义乌市听涛南路9号,120.11348,29.37282,义乌市,幼儿园,120.118178,29.370655
315,南环幼儿园,浙江省金华市义乌市江南三区92幢1,120.081429,29.286311,义乌市,幼儿园,120.086102,29.28376
316,国贸幼儿园,浙江省金华市义乌市福田二区28幢,120.09566,29.33953,义乌市,幼儿园,120.100205,29.337106
317,荷店塘幼儿园,浙江省金华市义乌市矿机一路4号楼(金都网吧隔壁),119.9727,29.24638,义乌市,幼儿园,119.977263,29.243684
318,扬帆幼儿园,浙江省金华市义乌市龙回四区70幢,120.01849,29.2901,义乌市,幼儿园,120.023139,29.28767
319,大陈第一幼儿园,浙江省金华市义乌市镇中北路33号,120.09359,29.46553,义乌市,幼儿园,120.098433,29.463123
320,义乌市稠城中心幼儿园,浙江省金华市义乌市浙江省金华市义乌市,120.07583,29.30752,义乌市,幼儿园,120.08031,29.30496
321,鲇溪幼儿园,浙江省金华市义乌市鲇溪新村26幢,120.09209,29.30651,义乌市,幼儿园,120.096729,29.304105
322,起点幼儿园,浙江省金华市义乌市商城大道兴港小区62幢,120.08592,29.33638,义乌市,幼儿园,120.090902,29.333858
323,义乌市稠江向荣幼儿园,浙江省金华市义乌市松门山东区9幢,120.04666,29.29576,义乌市,幼儿园,120.051389,29.29326
324,遗安幼儿园,浙江省金华市义乌市城北路,120.0609,29.35322,义乌市,幼儿园,120.06579,29.350797
325,稠关幼儿园,浙江省金华市义乌市稠关一区19幢3~5号,120.05132,29.303561,义乌市,幼儿园,120.056034,29.30087
326,金村幼儿园,浙江省金华市义乌市浙江省金华市义乌市,120.00409,29.25009,义乌市,幼儿园,120.00865,29.247339
327,成红幼儿园,浙江省金华市义乌市厚富小区78幢,120.06204,29.34986,义乌市,幼儿园,120.066781,29.347458
328,一一幼儿园,浙江省金华市义乌市大陈镇镇中北路151号正南方向164米,120.0901,29.47392,义乌市,幼儿园,120.095013,29.471989
329,聪明宝贝幼儿园,浙江省金华市义乌市廿三里石柱下38幢2单元,120.156331,29.337122,义乌市,幼儿园,120.16099,29.334744
330,新思维幼儿园,浙江省金华市义乌市丹溪二区32幢,120.054659,29.32621,义乌市,幼儿园,120.059294,29.323762
331,官塘下幼儿园,浙江省金华市义乌市稠江街道官塘下下店村6号,120.0174,29.2721,义乌市,幼儿园,120.022058,29.269474
332,湖门幼儿园,浙江省金华市义乌市湖门村,120.04045,29.399626,义乌市,幼儿园,120.044838,29.396665
333,贝贝星幼儿园,浙江省金华市义乌市全村1幢1号西南方向44米,119.981664,29.243832,义乌市,幼儿园,119.986178,29.241294
334,育才幼儿园,浙江省金华市义乌市稠州西路230巷1-5号,120.054,29.30084,义乌市,幼儿园,120.058846,29.298286
335,星空幼儿园,浙江省金华市义乌市莲塘三区1幢,120.06172,29.34084,义乌市,幼儿园,120.066066,29.338336
336,大陈镇中心幼儿园,浙江省金华市义乌市团结村,120.10955,29.45763,义乌市,幼儿园,120.114865,29.455055
337,义乌市双双幼儿园剧院分园,浙江省金华市义乌市新光南路23号,120.12923,29.31236,义乌市,幼儿园,120.13438,29.309998
338,稠山幼儿园,浙江省金华市义乌市稠山一区103幢,120.05415,29.3403,义乌市,幼儿园,120.059255,29.338068
339,绣川幼儿园,浙江省金华市义乌市绣湖广场金鲤坊1号世纪联华旁古建筑内,120.06724,29.30558,义乌市,幼儿园,120.071678,29.302773
340,晨润幼儿园,浙江省金华市义乌市黎明湖路327,120.05842,29.27135,义乌市,幼儿园,120.062992,29.268858
341,浙江师范大学杭州幼儿师范学院附属义乌幼儿园,浙江省金华市义乌市北苑路140号,120.04499,29.32334,义乌市,幼儿园,120.049474,29.321326
342,商贸幼儿园,浙江省金华市义乌市福田二区59幢1号,120.09578,29.33642,义乌市,幼儿园,120.100667,29.333925
343,胜于蓝幼儿园,浙江省金华市义乌市凯吉路213,120.03602,29.30586,义乌市,幼儿园,120.040517,29.303319
344,聪聪幼儿园,浙江省金华市义乌市苏溪胡宅横街28幢,120.12294,29.41765,义乌市,幼儿园,120.12759,29.415344
345,义乌市稠城小螺号幼儿园,浙江省金华市义乌市稠江路4巷1号,120.08396,29.30989,义乌市,幼儿园,120.088599,29.30716
346,青岩刘幼儿园,浙江省金华市义乌市青岩刘B区3幢,120.08474,29.28901,义乌市,幼儿园,120.089582,29.286598
347,小青青幼儿园,浙江省金华市义乌市稠义路888号东北方向179米,119.99458,29.2653,义乌市,幼儿园,119.998975,29.262576
348,李塘幼儿园,浙江省金华市义乌市李塘村岩托下12号,120.182316,29.368341,义乌市,幼儿园,120.18707,29.365765
349,义乌市宾王幼儿园,浙江省金华市义乌市宗泽路236号,120.08806,29.32418,义乌市,幼儿园,120.092941,29.32121
350,西谷幼儿园,浙江省金华市义乌市西谷村37栋1单元,120.13208,29.304,义乌市,幼儿园,120.137032,29.302082
351,新丝路国际幼儿园,浙江省金华市义乌市楼西塘26幢西北方向67米,120.1215,29.337,义乌市,幼儿园,120.126487,29.334859
352,义乌市佛堂镇幼儿园,浙江省金华市义乌市佛画线永顺缝纫设备东100米,120.02768,29.20623,义乌市,幼儿园,120.032408,29.203075
353,新艺幼儿园,浙江省金华市义乌市兴中小区25幢10号,120.096032,29.322571,义乌市,幼儿园,120.100797,29.32013
354,义乌市稠州幼儿园,浙江省金华市义乌市通惠门路16,120.07172,29.31122,义乌市,幼儿园,120.076706,29.308484
355,绿泡泡幼儿园,浙江省金华市义乌市十二山头18幢,120.04988,29.36415,义乌市,幼儿园,120.054591,29.361613
356,义乌市廿三里街道中心幼儿园,浙江省金华市义乌市如铺新村1幢18,120.16398,29.33017,义乌市,幼儿园,120.168591,29.327291
357,启航幼儿园鲇溪第二分园,浙江省金华市义乌市东洲路121~127号,120.11048,29.31126,义乌市,幼儿园,120.114943,29.308726
358,小叮当幼儿园,浙江省金华市义乌市百安街21,119.940215,29.286984,义乌市,幼儿园,119.944805,29.284157
359,永胜幼儿园,浙江省金华市义乌市永胜小区106幢1号,120.10299,29.3078,义乌市,幼儿园,120.107596,29.30525
360,新时代幼儿园,浙江省金华市义乌市义驾山西街28号,120.08696,29.31407,义乌市,幼儿园,119.969649,29.295498
361,诚信幼儿园,浙江省金华市义乌市诚信一区71幢6-2,120.10989,29.3532,义乌市,幼儿园,120.114405,29.350775
362,哆哆熊幼儿园,浙江省金华市义乌市浙江省金华市义乌市,120.13565,29.3159,义乌市,幼儿园,120.14034,29.313377
363,佛堂镇合作幼儿园,浙江省金华市义乌市佛堂镇起鸣村,120.01004,29.21411,义乌市,幼儿园,120.030378,29.22624
364,春晗幼儿园,浙江省金华市义乌市春晗二区87幢,120.066,29.33575,义乌市,幼儿园,120.070691,29.333252
365,复兴幼儿园,浙江省金华市义乌市复兴一区36幢,120.052417,29.314592,义乌市,幼儿园,120.056912,29.312007
366,南洲幼儿园,浙江省金华市义乌市东山头村86,120.05691,29.26336,义乌市,幼儿园,120.061311,29.260721
367,稠江街道大水畈幼儿园,浙江省金华市义乌市大水畈村7幢,120.04187,29.30309,义乌市,幼儿园,120.046476,29.300494
368,展苑幼儿园,浙江省金华市义乌市清溪东路31号,120.13166,29.3173,义乌市,幼儿园,120.136096,29.314539
369,双馨幼儿园,浙江省金华市义乌市万商华府北81号东南方向39米,119.97691,29.30096,义乌市,幼儿园,119.981446,29.298225
370,贝斯特幼儿园,浙江省金华市义乌市季宅二区45幢,120.025451,29.312195,义乌市,幼儿园,120.030276,29.309802
371,新岸幼儿园,浙江省金华市义乌市朝阳街28号,120.13086,29.41456,义乌市,幼儿园,120.135458,29.412126
372,北站幼儿园,浙江省金华市义乌市北站一区5幢,120.04524,29.36966,义乌市,幼儿园,120.049996,29.367207
373,尚经幼儿园,浙江省金华市义乌市稠城街道下骆宅尚经村正北方向78米,120.13333,29.36591,义乌市,幼儿园,120.137995,29.363296
374,义乌市赤岸镇中心幼儿园,浙江省金华市义乌市赤岸镇石城路10号,120.03163,29.15394,义乌市,幼儿园,120.036629,29.151163
375,江东街道供店幼儿园,浙江省金华市义乌市供店村1,120.03938,29.24519,义乌市,幼儿园,120.043892,29.242549
376,万商华府幼儿园,浙江省金华市义乌市万商华府东1号正东方向169米,119.9762,29.29862,义乌市,幼儿园,119.98091,29.295849
377,东河小学,浙江省金华市义乌市城西街道东河工商街2号正西方向78米,119.9866,29.31135,义乌市,小学,119.991707,29.309221
378,义乌市廿三里第二小学,浙江省金华市义乌市银海路1325,120.16945,29.34072,义乌市,小学,120.173346,29.340155
379,义乌市蓝天学校,浙江省金华市义乌市浙江省金华市义乌市,119.98758,29.29904,义乌市,小学,119.992201,29.296586
380,义乌市龙回实验小学,浙江省金华市义乌市浙江省金华市义乌市,120.013444,29.291985,义乌市,小学,120.017802,29.289934
381,义乌市田心小学,浙江省金华市义乌市田心二村588,120.013456,29.181816,义乌市,小学,120.018355,29.17888
382,义乌市大陈小学,浙江省金华市义乌市文化路21,120.0938,29.46839,义乌市,小学,120.098402,29.466744
383,义乌市福田小学,浙江省金华市义乌市商城大道55,120.09398,29.33681,义乌市,小学,120.097999,29.33486
384,义乌市幸福湖小学,浙江省金华市义乌市群英路,120.062589,29.364564,义乌市,小学,120.066995,29.362056
385,佛堂小学,浙江省金华市义乌市大成路368,120.010991,29.197521,义乌市,小学,120.01532,29.195516
386,江滨小学,浙江省金华市义乌市荷园路62号,120.067283,29.296719,义乌市,小学,120.071979,29.29457
387,义乌市鹤田小学,浙江省金华市义乌市后宅街道鹤田村,120.05761,29.41012,义乌市,小学,120.061798,29.407722
388,义乌市荷叶塘小学,浙江省金华市义乌市浙江省金华市义乌市,120.12435,29.37816,义乌市,小学,120.128733,29.37516
389,义乌市育英小学,浙江省金华市义乌市东山路8号正东方向64米,120.13393,29.32145,义乌市,小学,120.138365,29.318968
390,吴店小学,浙江省金华市义乌市浙江省金华市义乌市,119.90711,29.26123,义乌市,小学,119.911218,29.258059
391,义乌市五爱小学,浙江省金华市义乌市五爱路136,120.09073,29.30726,义乌市,小学,120.095527,29.304382
392,义乌市上溪镇溪华小学,浙江省金华市义乌市上溪镇溪华村,119.89526,29.315357,义乌市,小学,119.900049,29.312737
393,义乌市黄杨梅小学,浙江省金华市义乌市北苑街道三凯路56号,120.042763,29.310326,义乌市,小学,120.048064,29.308005
394,松门山小学,浙江省金华市义乌市松门山东区24幢,120.04582,29.29715,义乌市,小学,120.05053,29.293162
395,毛店小学,浙江省金华市义乌市毛店村,119.99666,29.10019,义乌市,小学,120.001168,29.098015
396,义乌市大陈镇东塘小学,浙江省金华市义乌市浙江省金华市义乌市,120.1662,29.50152,义乌市,小学,120.170015,29.498751
397,成杰小学,浙江省金华市义乌市上傅村委会,120.046845,29.191061,义乌市,小学,120.051736,29.188558
398,义乌市前店小学,浙江省金华市义乌市前店四区28,120.10629,29.38294,义乌市,小学,120.110775,29.38114
399,义亭小学(重阳校区),浙江省金华市义乌市义亭镇直街35号正南方向78米,119.95931,29.23635,义乌市,小学,119.963594,29.233539
400,义乌市皖松小学,浙江省金华市义乌市浙江省金华市义乌市,120.1223,29.329362,义乌市,小学,120.12743,29.326873
401,义乌市青口小学,浙江省金华市义乌市江东东路505,120.12336,29.3192,义乌市,小学,120.127581,29.317826
402,义乌市倍磊小学,浙江省金华市义乌市浙江省金华市义乌市,119.97748,29.16994,义乌市,小学,119.982483,29.166334
403,西山下小学,浙江省金华市义乌市西山下村449号,120.16098,29.39595,义乌市,小学,119.978181,29.305076
404,义乌市夏演小学,浙江省金华市义乌市夏桥街48号,119.963758,29.294798,义乌市,小学,119.968508,29.292536
405,义乌市佛堂镇中心学校,浙江省金华市义乌市大成路368,120.01099,29.19752,义乌市,小学,120.015795,29.195744
406,义乌市启东小学星光校区,浙江省金华市义乌市浙江省金华市义乌市,120.122587,29.441582,义乌市,小学,120.127248,29.439452
407,义乌市上溪镇黄山小学,浙江省金华市义乌市黄山一村,119.9123,29.33674,义乌市,小学,119.916807,29.333883
408,王店小学,浙江省金华市义乌市王店村1,120.18345,29.34091,义乌市,小学,120.187905,29.33831
409,义乌市义亭镇义亭小学,浙江省金华市义乌市浙江省金华市义乌市,119.95913,29.2423,义乌市,小学,119.963393,29.24062
410,义乌市官塘小学,浙江省金华市义乌市昌盛路189号,120.000632,29.271579,义乌市,小学,120.006234,29.268499
411,义乌市华立小学,浙江省金华市义乌市人民路100号,120.12362,29.41,义乌市,小学,120.127269,29.408242
412,义乌市塘李小学,浙江省金华市义乌市川塘村79,120.01391,29.37579,义乌市,小学,120.018441,29.373405
413,义乌市保联小学,浙江省金华市义乌市春江路88,120.07393,29.30015,义乌市,小学,120.078446,29.297361
414,佛堂二小,浙江省金华市义乌市浙江省金华市义乌市,120.00231,29.20946,义乌市,小学,120.007462,29.207083
415,义乌市赤岸镇尚阳小学,浙江省金华市义乌市浙江省金华市义乌市,119.96255,29.09752,义乌市,小学,119.967306,29.095402
416,浙江师范大学附属义乌小学,浙江省金华市义乌市西江路500号,120.05075,29.28328,义乌市,小学,120.055179,29.281468
417,义乌市廿三里第一小学,浙江省金华市义乌市镇南路1号,120.16968,29.32648,义乌市,小学,120.161265,29.326163
418,义乌市上溪镇祥贝小学,浙江省金华市义乌市祥贝村1,119.93742,29.26766,义乌市,小学,119.941658,29.264756
419,义乌市徐江小学,浙江省金华市义乌市江东街道徐中路30号,120.04859,29.25661,义乌市,小学,120.054342,29.253904
420,义乌市江湾小学,浙江省金华市义乌市浙江省金华市义乌市,120.0229,29.26532,义乌市,小学,120.027174,29.262019
421,义乌市佛堂镇第三小学,浙江省金华市义乌市佛堂大道1881,120.036172,29.220244,义乌市,小学,120.040836,29.218246
422,义乌市宗泽小学,浙江省金华市义乌市浙江省金华市义乌市,120.10586,29.2968,义乌市,小学,120.110153,29.295171
423,义乌市后宅小学,浙江省金华市义乌市后宅街道永宁路8号,120.05361,29.37579,义乌市,小学,120.058124,29.373675
424,义乌市塔山小学,浙江省金华市义乌市浙江省金华市义乌市,120.051867,29.201073,义乌市,小学,120.056126,29.197918
425,义乌市江东第一小学,浙江省金华市义乌市江东中路367,120.08649,29.29895,义乌市,小学,120.090972,29.295896
426,义乌市赤岸镇赤岸小学,浙江省金华市义乌市文化路53正西方向171米,120.033383,29.147287,义乌市,小学,120.036383,29.144046
427,义乌市稠江第一小学,浙江省金华市义乌市西城路599号,120.04717,29.30523,义乌市,小学,120.052,29.301802
428,义乌市湖门小学,浙江省金华市义乌市后宅街道下余山村5幢,120.04025,29.39945,义乌市,小学,120.044127,29.396795
429,前洪小学,浙江省金华市义乌市北苑街道前洪村,120.01887,29.32725,义乌市,小学,120.023029,29.324465
430,义乌市义亭镇畈田朱小学,浙江省金华市义乌市浙江省金华市义乌市,119.92929,29.21428,义乌市,小学,119.93424,29.211163
431,义乌市欣欣小学,浙江省金华市义乌市黎明石鱼路38号西北方向101米,120.04323,29.29369,义乌市,小学,120.04751,29.290607
432,东洲小学,浙江省金华市义乌市东洲路122,120.11265,29.31153,义乌市,小学,120.117911,29.308989
433,下骆宅小学,浙江省金华市义乌市紫金北路47号,120.131095,29.338182,义乌市,小学,120.135343,29.335056
434,春晗学校,浙江省金华市义乌市浙江省金华市义乌市,119.9417,29.28124,义乌市,中学,119.947538,29.278197
435,雪峰中学,浙江省金华市义乌市佛堂镇王江村,120.002143,29.206961,义乌市,中学,120.00619,29.205024
436,义乌市毛店初级中学,浙江省金华市义乌市五指山路101号,119.990322,29.101159,义乌市,中学,119.995187,29.097783
437,义乌市稠州中学教育集团城南校区,浙江省金华市义乌市民主路190号,120.067503,29.300026,义乌市,中学,120.071446,29.296962
438,义乌市上溪中学,浙江省金华市义乌市兴华路68,119.93713,29.27884,义乌市,中学,119.941204,29.273973
439,义乌市宾王中学,浙江省金华市义乌市宗泽路211,120.088337,29.324861,义乌市,中学,120.094446,29.323376
440,苏溪镇初级中学,浙江省金华市义乌市浙江省金华市义乌市,120.118924,29.414315,义乌市,中学,120.1242,29.410712
441,义乌市新义中学,浙江省金华市义乌市西城路412,120.05684,29.31396,义乌市,中学,120.06157,29.31146
442,义乌市绣湖中学,浙江省金华市义乌市秀禾路16,120.06087,29.31264,义乌市,中学,120.064619,29.311411
443,下骆宅初级中学,浙江省金华市义乌市紫金北路65,120.13213,29.33903,义乌市,中学,120.13651,29.336872
444,浙江师范大学附属义乌实验学校,浙江省金华市义乌市拥军路209,120.04062,29.3386,义乌市,中学,120.04499,29.336983
445,义乌市群星外国语学校,浙江省金华市义乌市机场路577,120.060986,29.324051,义乌市,中学,120.065964,29.321613
446,浙江省义乌中学,浙江省金华市义乌市江东街道下麻车村正南方向56米,120.077511,29.268306,义乌市,中学,120.082751,29.267752
447,义乌第六中学,浙江省金华市义乌市廿三里街道中新街666号,120.159672,29.328554,义乌市,中学,120.164175,29.327644
448,树人中学,浙江省金华市义乌市亭上路7西北方向120米,119.94786,29.23353,义乌市,中学,119.951328,29.231151
449,义乌市稠江中学,浙江省金华市义乌市文昌路22,120.0419,29.29201,义乌市,中学,120.046532,29.288155
450,佛堂镇初级中学,浙江省金华市义乌市浙江省金华市义乌市,120.02013,29.20442,义乌市,中学,120.025238,29.20286
451,义乌市第三中学,浙江省金华市义乌市西城路166号,120.069099,29.328516,义乌市,中学,120.074131,29.327694
452,义乌市荷叶塘初级中学,浙江省金华市义乌市浙江省金华市义乌市,120.11663,29.37976,义乌市,中学,120.122931,29.377823
453,义乌市义亭镇初级中学,浙江省金华市义乌市义亭镇镇中对面(义亭铜溪小区4号楼)正南方向111米,119.96421,29.24131,义乌市,中学,119.968972,29.239418
454,义乌市赤岸初中,浙江省金华市义乌市双峰路9,120.03098,29.14832,义乌市,中学,120.035446,29.145633
455,金鹰实验学校,浙江省金华市义乌市经发大道285~289号正东方向153米,120.0411,29.29572,义乌市,中学,120.045265,29.294085
456,义乌市大陈镇初级中学,浙江省金华市义乌市浙江省金华市义乌市,120.11594,29.45671,义乌市,中学,120.12103,29.455163
457,义乌市廿三里初级中学,浙江省金华市义乌市浙江省金华市义乌市,120.17873,29.32859,义乌市,中学,120.183994,29.325401
458,浙江省义乌市义亭中学,浙江省金华市义乌市学生路11,119.958771,29.237531,义乌市,中学,119.961723,29.234773
459,义乌市江东中学,浙江省金华市义乌市江东东路2号正西方向154米,120.103791,29.307331,义乌市,中学,120.109143,29.304091
460,义乌市国际商贸学校,浙江省金华市义乌市城北路J180,120.060714,29.353642,义乌市,中专,120.066588,29.353116
461,义乌市城镇职业技术学校,浙江省金华市义乌市经发大道330,120.03841,29.2996,义乌市,中专,120.04348,29.29879
462,浙江省机电高级技工学校,浙江省金华市义乌市浙江省金华市义乌市,120.080014,29.336167,义乌市,中专,120.083675,29.332972
463,浙江省机电技师学院,浙江省金华市义乌市城北路60号,120.07862,29.33587,义乌市,大专,120.083675,29.332972
464,杨墩幼儿园,浙江省湖州市德清县浙江省湖州市德清县,120.12848,30.48665,德清县,幼儿园,120.133322,30.484433
465,和平幼儿园,浙江省湖州市德清县浙江省湖州市德清县,120.18205,30.5119,德清县,幼儿园,120.186608,30.509619
466,徐家庄中心幼儿园,浙江省湖州市德清县朝阳路3西南方向186米,120.264659,30.522456,德清县,幼儿园,120.268883,30.520094
467,西庙桥幼儿园,浙江省湖州市德清县浙江省湖州市德清县,120.246356,30.565916,德清县,幼儿园,120.251082,30.563573
468,德清县武康幼儿园,浙江省湖州市德清县兴康北路130东北方向120米,119.95465,30.54006,德清县,幼儿园,119.959296,30.53734
469,德清县新市镇第一幼儿园,浙江省湖州市德清县浙江省湖州市德清县,120.28946,30.61626,德清县,幼儿园,120.294596,30.613614
470,钟管镇中心幼儿园,浙江省湖州市德清县寺前路159,120.18389,30.6494,德清县,幼儿园,120.187735,30.647868
471,上柏幼儿园,浙江省湖州市德清县正兴路87号,119.94946,30.49265,德清县,幼儿园,119.954387,30.490337
472,莫干山镇中心幼儿园,浙江省湖州市德清县别墅路30,119.89729,30.60387,德清县,幼儿园,119.901945,30.601233
473,钟管镇干山中心幼儿园,浙江省湖州市德清县碧云街508正东方向24米,120.1536,30.60347,德清县,幼儿园,120.15813,30.600961
474,新联村幼儿园,浙江省湖州市德清县浙江省湖州市德清县,120.18097,30.6712,德清县,幼儿园,120.185629,30.668932
475,都市桃源幼儿园,浙江省湖州市德清县武康英溪北路泰源都市桃源小区内,119.9612,30.54616,德清县,幼儿园,119.965814,30.543658
476,德清县第二实验幼儿园,浙江省湖州市德清县营盘小区125,119.96177,30.53249,德清县,幼儿园,119.966382,30.530067
477,下柏幼儿园,浙江省湖州市德清县浙江省湖州市德清县,119.993217,30.480451,德清县,幼儿园,119.997587,30.478238
478,北代舍村幼儿园,浙江省湖州市德清县浙江省湖州市德清县,120.21676,30.6371,德清县,幼儿园,120.221314,30.634797
479,远望幼儿园,浙江省湖州市德清县群安巷70号,119.95692,30.5361,德清县,幼儿园,119.961883,30.533473
480,德清县千秋幼儿园,浙江省湖州市德清县浙江省湖州市德清县,119.96232,30.5493,德清县,幼儿园,119.966928,30.546848
481,筏头中心幼儿园佛堂教学点,浙江省湖州市德清县浙江省湖州市德清县,119.8205,30.57727,德清县,幼儿园,119.825289,30.575068
482,乾元镇第二幼儿园,浙江省湖州市德清县朱家角组,120.07453,30.55308,德清县,幼儿园,120.079393,30.550804
483,新市镇士林中心幼儿园,浙江省湖州市德清县远景路129正南方向104米,120.1955,30.59419,德清县,幼儿园,120.200238,30.591984
484,洛舍镇中心幼儿园,浙江省湖州市德清县复兴南路26,120.080859,30.637601,德清县,幼儿园,120.085294,30.635435
485,五龙爱心幼儿园,浙江省湖州市德清县五龙小区16,119.98753,30.54021,德清县,幼儿园,119.992442,30.537907
486,雷甸镇第一幼儿园通航园区,浙江省湖州市德清县浙江省湖州市德清县,120.13308,30.50412,德清县,幼儿园,120.137888,30.501634
487,回龙小区幼儿园,浙江省湖州市德清县回龙花园117,119.95624,30.52723,德清县,幼儿园,119.960981,30.524438
488,德清县中心幼儿园,浙江省湖州市德清县南街116号西南方向69米,120.08,30.54703,德清县,幼儿园,120.084964,30.544547
489,德清县第一实验幼儿园美都御府园区,浙江省湖州市德清县浙江省湖州市德清县,119.99696,30.54282,德清县,幼儿园,120.001538,30.540239
490,德清县三合幼儿园,浙江省湖州市德清县校园街38东南方向192米,120.02941,30.47916,德清县,幼儿园,120.034098,30.476493
491,华侨国际德清金蓓蕾幼儿园,浙江省湖州市德清县中利达花园内,119.9594,30.52684,德清县,幼儿园,119.963963,30.524317
492,德清县机关幼儿园,浙江省湖州市德清县广场西弄47,119.96644,30.53866,德清县,幼儿园,119.971034,30.536048
493,德清地理信息小镇幼儿园,浙江省湖州市德清县浙江省湖州市德清县,119.96554,30.52081,德清县,幼儿园,119.97049,30.518182
494,德清县振兴幼儿园,浙江省湖州市德清县顺达路220号,119.94988,30.5417,德清县,幼儿园,119.954371,30.539259
495,新市镇士林中心小学,浙江省湖州市德清县德桐公路(士林小学向西30米)西北方向64米,120.197842,30.595888,德清县,小学,120.203076,30.594044
496,禹越镇徐家庄中心小学,浙江省湖州市德清县浙江省湖州市德清县,120.265,30.52354,德清县,小学,120.268933,30.520973
497,杭州崇文新班级实验小学,浙江省湖州市德清县乐成巷55,119.9622,30.526,德清县,小学,119.966888,30.523793
498,高桥中心小学,浙江省湖州市德清县浙江省湖州市德清县,120.28342,30.55684,德清县,小学,120.287432,30.554929
499,天皇殿小学,浙江省湖州市德清县浙江省湖州市德清县,120.29884,30.5761,德清县,小学,120.303222,30.57408
500,清溪小学,浙江省湖州市德清县县街52,120.08454,30.55052,德清县,小学,120.089673,30.548831
501,德清县春晖小学,浙江省湖州市德清县春晖街,119.950374,30.54786,德清县,小学,119.954857,30.546205
502,山民小学,浙江省湖州市德清县武康镇上柏山民村,119.913252,30.47996,德清县,小学,119.917595,30.477212
503,乾元镇中心小学,浙江省湖州市德清县西郊路32号,120.07594,30.55516,德清县,小学,120.080497,30.552942
504,二都小学,浙江省湖州市德清县二都村防风古国文化园东北方向187米,120.026302,30.516117,德清县,小学,120.023739,30.502845
505,雷甸小学南点分校,浙江省湖州市德清县雷甸镇大丰村西南方向155米,120.164517,30.492938,德清县,小学,120.169119,30.491023
506,逸夫小学,浙江省湖州市德清县群益街78,119.95783,30.53395,德清县,小学,119.962471,30.531797
507,德清县实验学校,浙江省湖州市德清县曲园南路466,119.968291,30.525495,德清县,中学,119.971566,30.523301
508,德清县禹越中学,浙江省湖州市德清县木桥头村委会,120.255579,30.522876,德清县,中学,120.260364,30.52062
509,德清县士林中学,浙江省湖州市德清县浙江省湖州市德清县,120.19454,30.58833,德清县,中学,120.198379,30.586259
510,求是高级中学,浙江省湖州市德清县后溪街191,119.96364,30.54701,德清县,中学,119.996333,30.563303
511,勾里中心学校,浙江省湖州市德清县育才路1,120.2241,30.53407,德清县,中学,120.229123,30.53166
512,德清县钟管镇中心学校,浙江省湖州市德清县环城北路688正西方向148米,120.18406,30.65311,德清县,中学,120.188739,30.649045
513,德清县秋山中心学校,浙江省湖州市德清县秋山集镇,120.02076,30.54335,德清县,中学,120.026006,30.540807
514,洛舍中心学校,浙江省湖州市德清县老直街108,120.091762,30.633906,德清县,中学,120.097241,30.632335
515,德清县千秋外国语学校,浙江省湖州市德清县中兴北路188,119.96578,30.5452,德清县,中学,119.970409,30.542863
516,德清县第一中学,浙江省湖州市德清县千秋东街245,119.980592,30.543385,德清县,中学,119.986398,30.5417
517,南路中心学校,浙江省湖州市德清县浙江省湖州市德清县,119.873508,30.640469,德清县,中学,119.878007,30.638068
518,德清县筏头中心学校,浙江省湖州市德清县筏头乡筏头新区,119.850613,30.555455,德清县,中学,119.855108,30.552415
519,雷甸镇初级中学,浙江省湖州市德清县新大街195正西方向25米,120.1375,30.52046,德清县,中学,120.142301,30.51803
520,德清县第五中学,浙江省湖州市德清县环城北路968,120.17508,30.6511,德清县,中学,120.178581,30.650221
521,德清县第四中学,浙江省湖州市德清县广场路71,120.084536,30.552961,德清县,中学,120.090041,30.550679
522,浙江省德清县职业中等专业学校,浙江省湖州市德清县北湖街440号,119.93838,30.5499,德清县,中专,119.943077,30.549708
523,新市职业高级中学,浙江省湖州市德清县高林路60西北方向104米,120.278949,30.608763,德清县,中专,120.284196,30.606552
524,宁波市海曙区德英乐幼儿园,浙江省宁波市海曙区灵桥路768号芝士公园,121.55352,29.86759,海曙区,幼儿园,121.557624,29.865073
525,宁波市机关第二幼儿园,浙江省宁波市海曙区苍水街172,121.54684,29.87864,海曙区,幼儿园,121.551171,29.876109
526,古林镇张家潭幼儿园,浙江省宁波市海曙区浙江省宁波市海曙区,121.471104,29.845646,海曙区,幼儿园,121.475398,29.843203
527,海曙区横街中心幼儿园,浙江省宁波市海曙区上阵新村,121.39192,29.85639,海曙区,幼儿园,121.396279,29.854329
528,南雅音乐幼儿园,浙江省宁波市海曙区南雅街22,121.52093,29.86486,海曙区,幼儿园,121.524824,29.862368
529,宁波市实验幼儿园青林园区,浙江省宁波市海曙区青林湾东区2,121.52023,29.90535,海曙区,幼儿园,121.524498,29.903049
530,海曙区示范托儿所,浙江省宁波市海曙区西河街68弄18号,121.540505,29.883096,海曙区,幼儿园,121.5446,29.880607
531,牡丹幼儿园,浙江省宁波市海曙区段塘东路107弄8号,121.51794,29.845165,海曙区,幼儿园,121.522203,29.842579
532,宁波市海曙区赫德双语幼儿园,浙江省宁波市海曙区解放南路10,121.54588,29.86286,海曙区,幼儿园,121.550032,29.860381
533,青垫幼儿园,浙江省宁波市海曙区万众村105,121.418502,29.851111,海曙区,幼儿园,121.42295,29.848795
534,宁波市高塘幼儿园,浙江省宁波市海曙区新芝路12,121.53524,29.88525,海曙区,幼儿园,121.546166,29.881699
535,阳光艺术幼儿园,浙江省宁波市海曙区徐家漕路136号-1,121.49557,29.88632,海曙区,幼儿园,121.499849,29.883924
536,宁波市宝韵海悦幼儿园,浙江省宁波市海曙区薛家南路478,121.49465,29.85931,海曙区,幼儿园,121.498932,29.856914
537,石矸波波幼儿园,浙江省宁波市海曙区栎社车站新村东南方向44米,121.47913,29.81044,海曙区,幼儿园,121.48351,29.808125
538,高桥镇联升佳苑幼儿园,浙江省宁波市海曙区联升佳苑小区内,121.4733,29.88111,海曙区,幼儿园,121.477623,29.878694
539,宁波红旗幼儿园,浙江省宁波市海曙区浙江省宁波市海曙区,121.54784,29.8789,海曙区,幼儿园,121.552052,29.876466
540,灵云幼儿园,浙江省宁波市海曙区望童路1108,121.476749,29.879219,海曙区,幼儿园,121.481087,29.876873
541,天一幼儿园,浙江省宁波市海曙区中山西路988弄188,121.516448,29.884316,海曙区,幼儿园,121.52073,29.881869
542,横涨幼儿园,浙江省宁波市海曙区工业区14,121.4422,29.79163,海曙区,幼儿园,121.446679,29.789121
543,博聪幼儿园,浙江省宁波市海曙区雅戈尔大道555号正北方向136米,121.48795,29.81642,海曙区,幼儿园,121.491895,29.813877
544,洪渡幼儿园,浙江省宁波市海曙区石源路8号,121.49484,29.82728,海曙区,幼儿园,121.499574,29.824772
545,江南幼儿园,浙江省宁波市海曙区江南绿洲31,121.49191,29.82184,海曙区,幼儿园,121.496032,29.819315
546,宁波市第一幼儿园,浙江省宁波市海曙区常青路96柳锦花园,121.5248,29.87301,海曙区,幼儿园,121.528976,29.87046
547,格兰春晨幼儿园,浙江省宁波市海曙区工贸四路180正西方向36米,121.45276,29.86519,海曙区,幼儿园,121.457574,29.859204
548,启新幼儿园,浙江省宁波市海曙区启文路9号,121.52835,29.85499,海曙区,幼儿园,121.532611,29.853006
549,宁波市海光幼儿园,浙江省宁波市海曙区浙江省宁波市海曙区,121.51829,29.857586,海曙区,幼儿园,121.522549,29.854855
550,阳光丽园幼儿园,浙江省宁波市海曙区雅戈尔大道375号,121.49437,29.82522,海曙区,幼儿园,121.498845,29.822376
551,宝宝慧・郎官幼儿园,浙江省宁波市海曙区假山新村24幢101号,121.52919,29.877235,海曙区,幼儿园,121.533357,29.874681
552,宁波市新芝幼儿园,浙江省宁波市海曙区柳翠街80,121.52641,29.8904,海曙区,幼儿园,121.54071,29.888132
553,宁波市海曙区气象路幼儿园,浙江省宁波市海曙区宁波市海曙区段塘街道气象路667号,121.506873,29.86253,海曙区,幼儿园,121.511314,29.860124
554,东星幼儿园,浙江省宁波市海曙区望春路1498,121.47745,29.8954,海曙区,幼儿园,121.482145,29.892965
555,晴园幼儿园,浙江省宁波市海曙区宋晴路63,121.49008,29.87984,海曙区,幼儿园,121.494565,29.877284
556,祝家桥幼儿园,浙江省宁波市海曙区浙江省宁波市海曙区,121.444239,29.878633,海曙区,幼儿园,121.448598,29.876413
557,宁波市海曙区培星幼儿园,浙江省宁波市海曙区华家207,121.48031,29.807846,海曙区,幼儿园,121.483982,29.80569
558,邵家幼儿园,浙江省宁波市海曙区浙江省宁波市海曙区,121.42996,29.91492,海曙区,幼儿园,121.434483,29.912628
559,高桥镇清沁家园幼儿园,浙江省宁波市海曙区高桥镇芦港村东北方向51米,121.48841,29.8964,海曙区,幼儿园,121.492904,29.893719
560,竹福园幼儿园,浙江省宁波市海曙区环城西路北段68弄76,121.52033,29.88248,海曙区,幼儿园,121.52473,29.879917
561,绿茵君尚幼儿园,浙江省宁波市海曙区蒲秀路15,121.45681,29.89066,海曙区,幼儿园,121.461184,29.888509
562,宁波市海曙区艾迪幼儿园,浙江省宁波市海曙区广盛路585号,121.43786,29.85712,海曙区,幼儿园,121.442701,29.854889
563,宁波市海曙区格林美语幼儿园,浙江省宁波市海曙区前丰街58正南方向44米,121.51568,29.87888,海曙区,幼儿园,121.519696,29.876392
564,天天乐幼儿园,浙江省宁波市海曙区环城西路北段245弄39号,121.516247,29.889415,海曙区,幼儿园,121.520486,29.887153
565,宁波市新芝幼儿园钱家边园区,浙江省宁波市海曙区宁波市海曙区西门街道柳翠街80号,121.526396,29.890372,海曙区,幼儿园,121.530807,29.887795
566,宁波海曙段塘育苗幼儿园,浙江省宁波市海曙区段塘吴家工业区3号799弄,121.51044,29.85085,海曙区,幼儿园,121.514758,29.848309
567,集士港镇中心幼儿园,浙江省宁波市海曙区井亭家园77,121.44253,29.8609,海曙区,幼儿园,121.446873,29.858293
568,东方幼儿园,浙江省宁波市海曙区浙江省宁波市海曙区,121.53284,29.8583,海曙区,幼儿园,121.536957,29.855732
569,高桥镇中心幼儿园,浙江省宁波市海曙区浙江省宁波市海曙区,121.46472,29.9045,海曙区,幼儿园,121.469179,29.901826
570,藕缆桥幼儿园,浙江省宁波市海曙区藕缆桥路136-1,121.492514,29.869956,海曙区,幼儿园,121.498582,29.870831
571,古林镇蜃蛟幼儿园,浙江省宁波市海曙区小魏家26,121.39741,29.8181,海曙区,幼儿园,121.405491,29.814534
572,国骅东方幼儿园,浙江省宁波市海曙区鄞县大道西段888雅渡新村,121.50057,29.82651,海曙区,幼儿园,121.506096,29.824151
573,童洲幼儿园,浙江省宁波市海曙区环城西路南段36临,121.51767,29.87814,海曙区,幼儿园,121.552184,29.876311
574,海曙区集士港镇中心幼儿园,浙江省宁波市海曙区广茂路116,121.42649,29.8665,海曙区,幼儿园,121.430879,29.863744
575,石\街道城南公馆幼儿园,浙江省宁波市海曙区石\南路69号,121.50484,29.82795,海曙区,幼儿园,121.50942,29.825434
576,宁波市实验幼儿园闲庭园区,浙江省宁波市海曙区青林渡路588清林闲庭,121.52633,29.904,海曙区,幼儿园,121.530246,29.901389
577,宁波市闻裕顺幼儿园,浙江省宁波市海曙区蓝天路299弄12,121.51288,29.8744,海曙区,幼儿园,121.523747,29.869057
578,高桥镇新安幼儿园,浙江省宁波市海曙区唐家漕130,121.4902,29.91017,海曙区,幼儿园,121.494516,29.907822
579,半路庵幼儿园,浙江省宁波市海曙区秀丰路59,121.47243,29.8945,海曙区,幼儿园,121.476839,29.892115
580,二轻第一幼儿园,浙江省宁波市海曙区安丰街37,121.50768,29.86971,海曙区,幼儿园,121.512161,29.867287
581,洞桥镇中心幼儿园明苑园,浙江省宁波市海曙区洞桥明苑195,121.41009,29.77994,海曙区,幼儿园,121.414919,29.776789
582,集士港镇三禾幼儿园,浙江省宁波市海曙区商贸路9,121.437904,29.866639,海曙区,幼儿园,121.441983,29.86454
583,洞桥镇中心幼儿园,浙江省宁波市海曙区浙江省宁波市海曙区,121.40762,29.78446,海曙区,幼儿园,121.412121,29.782072
584,心爱心幼儿园,浙江省宁波市海曙区徐家漕路211弄39号,121.49123,29.88487,海曙区,幼儿园,121.495573,29.882563
585,古林镇布政幼儿园,浙江省宁波市海曙区浙江省宁波市海曙区,121.46822,29.84044,海曙区,幼儿园,121.472666,29.838081
586,宁波市新商业幼儿园,浙江省宁波市海曙区浙江省宁波市海曙区,121.52432,29.85806,海曙区,幼儿园,121.528362,29.855667
587,闻裕顺南苑幼儿园,浙江省宁波市海曙区浙江省宁波市海曙区,121.52187,29.85144,海曙区,幼儿园,121.526047,29.848876
588,宁波市第二幼儿园五江湾园区,浙江省宁波市海曙区浙江省宁波市海曙区,121.50681,29.89552,海曙区,幼儿园,121.511012,29.893127
589,宁波市红旗幼儿园,浙江省宁波市海曙区乌含巷36,121.53782,29.87913,海曙区,幼儿园,121.541961,29.876739
590,新星幼儿园,浙江省宁波市海曙区湖山新村14号,121.41984,29.8856,海曙区,幼儿园,121.424326,29.883318
591,宁波市市级机关第一幼儿园,浙江省宁波市海曙区天一街55号附近,121.534597,29.874649,海曙区,幼儿园,121.538825,29.872271
592,润禾幼儿园,浙江省宁波市海曙区丁家街86号,121.5158,29.83641,海曙区,幼儿园,121.5201,29.833915
593,宁波市海曙区翠柏幼儿园,浙江省宁波市海曙区翠柏二里74号,121.52821,29.88695,海曙区,幼儿园,121.532465,29.884414
594,西洋港幼儿园,浙江省宁波市海曙区工业区9,121.423269,29.828197,海曙区,幼儿园,121.42799,29.825819
595,宁波市尹江岸幼儿园,浙江省宁波市海曙区甬水桥路46,121.53587,29.85899,海曙区,幼儿园,121.540278,29.856591
596,冯家幼儿园,浙江省宁波市海曙区后仓村宁缝工业区7号楼2楼西南方向70米,121.48399,29.82367,海曙区,幼儿园,121.48883,29.821549
597,白岳幼儿园,浙江省宁波市海曙区岳童村203正东方向88米,121.422893,29.889262,海曙区,幼儿园,121.427132,29.887235
598,宁波市宝韵音乐幼儿园,浙江省宁波市海曙区吴家塘路128号,121.527938,29.870229,海曙区,幼儿园,121.531806,29.867723
599,海曙区中原艺术幼儿园,浙江省宁波市海曙区郎官巷西弄14,121.53134,29.87697,海曙区,幼儿园,121.535604,29.874467
600,宁波市外经贸幼儿园,浙江省宁波市海曙区顺德路318,121.513,29.85215,海曙区,幼儿园,121.533466,29.87826
601,海曙区古林镇蓝天幼儿园,浙江省宁波市海曙区古林中心路113号,121.432,29.83314,海曙区,幼儿园,121.436497,29.830685
602,石\街道中心幼儿园,浙江省宁波市海曙区鄞州大道西段228号东北方向30米,121.50419,29.81133,海曙区,幼儿园,121.508758,29.808738
603,雅源幼儿园,浙江省宁波市海曙区雅戈尔大道万成路188号西南方向90米,121.495278,29.818838,海曙区,幼儿园,121.499672,29.816311
604,宁波市翰香小学,浙江省宁波市海曙区浙江省宁波市海曙区,121.54822,29.86604,海曙区,小学,121.552144,29.863131
605,宁波市广济中心小学,浙江省宁波市海曙区丽园北路75弄138,121.5098,29.87445,海曙区,小学,121.54657,29.868551
606,鄞江镇中心小学,浙江省宁波市海曙区竹节岭路30东南方向130米,121.35506,29.7832,海曙区,小学,121.359535,29.781994
607,宁波市范桂馥小学,浙江省宁波市海曙区环城西路南段171,121.51856,29.87554,海曙区,小学,121.522975,29.872984
608,宁波市海曙区古林镇布政小学,浙江省宁波市海曙区张家潭村段梅路1号,121.472466,29.843829,海曙区,小学,121.476881,29.841676
609,立星学校,浙江省宁波市海曙区浙江省宁波市海曙区,121.480729,29.804444,海曙区,小学,121.485067,29.802376
610,宸卿小学,浙江省宁波市海曙区浙江省宁波市海曙区,121.502866,29.835146,海曙区,小学,121.506749,29.832526
611,集士港镇中心小学,浙江省宁波市海曙区祝家桥村28,121.4455,29.86813,海曙区,小学,121.450139,29.866288
612,古林镇中心小学,浙江省宁波市海曙区育新路5号,121.437399,29.830067,海曙区,小学,121.442587,29.826423
613,洞桥镇宁锋小学,浙江省宁波市海曙区浙江省宁波市海曙区,121.40923,29.75968,海曙区,小学,121.413438,29.757683
614,海曙区栎社小学,浙江省宁波市海曙区栎社街74号,121.480719,29.808151,海曙区,小学,121.485068,29.805791
615,海曙区龙观中心学校,浙江省宁波市海曙区龙兴路213号,121.308352,29.767493,海曙区,小学,121.313859,29.765306
616,横街镇新阳小学,浙江省宁波市海曙区育才路6,121.3971,29.85632,海曙区,小学,121.401575,29.854037
617,海曙区高桥镇中心小学,浙江省宁波市海曙区高桥新丰路中心小学对面东北方向158米,121.46146,29.89515,海曙区,小学,121.464485,29.892481
618,宁波市海曙区石\红星小学,浙江省宁波市海曙区后仓村东边,121.4805,29.8269,海曙区,小学,121.484875,29.824542
619,章水镇中心小学,浙江省宁波市海曙区通远路150,121.309,29.81438,海曙区,小学,121.313555,29.811996
620,集士港镇广德湖小学,浙江省宁波市海曙区集高南路788,121.42213,29.88333,海曙区,小学,121.426658,29.880175
621,宁波海曙赫德实验学校,浙江省宁波市海曙区解放南路10,121.54588,29.86286,海曙区,小学,121.550289,29.860132
622,礼嘉桥小学,浙江省宁波市海曙区古林镇礼嘉桥村,121.50005,29.85162,海曙区,小学,121.504829,29.849141
623,宁波市镇明中心小学,浙江省宁波市海曙区云石街52,121.54199,29.86788,海曙区,小学,121.546036,29.865788
624,金谷小学,浙江省宁波市海曙区后隆496号,121.31352,29.78514,海曙区,小学,121.318022,29.782524
625,雅戈尔小学,浙江省宁波市海曙区鄞县大道西段755南江绿苑,121.50142,29.82427,海曙区,小学,121.504981,29.822135
626,宁波市海曙区横街镇中心小学,"浙江省宁波市海曙区育才路,车站南路12号",121.395466,29.855084,海曙区,小学,121.400257,29.853421
627,宁波市新芝小学,浙江省宁波市海曙区广仁街103号附近,121.5437,29.88304,海曙区,小学,121.548003,29.880446
628,宁波市信谊小学,浙江省宁波市海曙区徐家漕路136号,121.49468,29.88646,海曙区,小学,121.499178,29.884757
629,藕池小学,浙江省宁波市海曙区藕池新村,121.50594,29.84277,海曙区,小学,121.510059,29.840311
630,横街镇校,浙江省宁波市海曙区横街镇西北方向160米,121.395416,29.855176,海曙区,小学,121.400219,29.852758
631,海曙区古林镇东恩小学,浙江省宁波市海曙区工业区19,121.4827,29.8469,海曙区,小学,121.486867,29.844998
632,宁波市华天小学,浙江省宁波市海曙区国丰街70,121.5136,29.86946,海曙区,小学,121.517611,29.866986
633,高桥镇何家小学,浙江省宁波市海曙区联丰中路928,121.4809,29.87198,海曙区,小学,121.48563,29.869842
634,宁波市实验小学,浙江省宁波市海曙区万安路2,121.52622,29.87855,海曙区,小学,121.529586,29.876205
635,孙文英小学,浙江省宁波市海曙区布政巷20,121.53173,29.87977,海曙区,小学,121.536302,29.877008
636,尹江岸小学,浙江省宁波市海曙区三市路201临,121.53421,29.85757,海曙区,小学,121.538651,29.857509
637,望春小学,浙江省宁波市海曙区博爱路88,121.498664,29.893242,海曙区,小学,121.502977,29.891108
638,宁波市海曙区南苑小学,浙江省宁波市海曙区粮丰街129弄南塘花园,121.5236,29.85045,海曙区,小学,121.528348,29.847952
639,鄞州高桥镇宋家漕小学,浙江省宁波市海曙区宋家漕156,121.491209,29.879651,海曙区,小学,121.495463,29.877455
640,海曙区古林镇蜃蛟小学,浙江省宁波市海曙区裕城1,121.39974,29.82007,海曙区,小学,121.403625,29.818154
641,宁波市广济中心小学,浙江省宁波市海曙区金带巷15,121.5427,29.87114,海曙区,小学,121.514166,29.871756
642,望江小学,浙江省宁波市海曙区王家83,121.49444,29.9081,海曙区,小学,121.498951,29.905863
643,宁波市海曙中心小学,浙江省宁波市海曙区府桥街132号附近,121.53936,29.87723,海曙区,小学,121.543567,29.874425
644,宁波市海曙区樟村中学,"浙江省宁波市海曙区通远路,章水加油站对面",121.306626,29.815148,海曙区,中学,121.311421,29.813076
645,宁波效实中学,浙江省宁波市海曙区白杨街178,121.52625,29.87505,海曙区,中学,121.528757,29.872756
646,高桥镇博泽学校,浙江省宁波市海曙区迎春路288,121.49641,29.8775,海曙区,中学,121.501621,29.875151
647,雅戈尔中学,浙江省宁波市海曙区石\雅源南路杨家39号,121.499282,29.81881,海曙区,中学,121.503514,29.817411
648,宁波市第十五中学,浙江省宁波市海曙区布政巷19,121.53141,29.87962,海曙区,中学,121.535252,29.877408
649,海曙区高桥镇中学,浙江省宁波市海曙区高桥镇芦港村,121.489612,29.897194,海曙区,中学,121.494578,29.89446
650,宁波市实验学校,浙江省宁波市海曙区中山西路1182弄86,121.51117,29.88619,海曙区,中学,121.516731,29.883949
651,同济中学,浙江省宁波市海曙区迎春路289,121.49543,29.87644,海曙区,中学,121.49877,29.874752
652,东恩中学,浙江省宁波市海曙区灵桥路164,121.54668,29.8607,海曙区,中学,121.549636,29.856664
653,鄞江镇初级中学,浙江省宁波市海曙区浙江省宁波市海曙区,121.350491,29.764015,海曙区,中学,121.355136,29.761226
654,集士港镇中学,浙江省宁波市海曙区集士港镇方家村,121.424787,29.868015,海曙区,中学,121.428554,29.866834
655,宁波市海曙区田莘耕中学,浙江省宁波市海曙区塘西村,121.501418,29.835166,海曙区,中学,121.506855,29.83334
656,宁波荣安实验中学,浙江省宁波市海曙区气象路189号,121.51468,29.86237,海曙区,中学,121.518942,29.859102
657,鄞江中学,浙江省宁波市海曙区四明东路79弄1,121.357575,29.783571,海曙区,中学,121.362814,29.782141
658,宁波市海曙区洞桥镇中心学校,浙江省宁波市海曙区荷晓东路,121.40896,29.78478,海曙区,中学,121.414726,29.782648
659,宁波神舟学校,浙江省宁波市海曙区杉杉路2号,121.44988,29.83946,海曙区,中学,121.454993,29.836724
660,宁波第二技师学院,浙江省宁波市海曙区新典路1000,121.51044,29.86122,海曙区,中专,121.514688,29.858942
661,宁波甬江财经学校,浙江省宁波市海曙区府桥街38弄9号,121.54323,29.87738,海曙区,中专,121.547807,29.87519
662,鄞州区古林职业高级中学,浙江省宁波市海曙区古林中心路270号,121.43215,29.84027,海曙区,中专,121.437656,29.838481
663,浙江商业技师学院,浙江省宁波市海曙区环城西路南段138,121.51725,29.8756,海曙区,中专,121.521125,29.873087
664,宁波市文艺学校,浙江省宁波市海曙区启运路298号,121.50576,29.84614,海曙区,中专,121.510066,29.843594
665,古林镇成人文化技校,浙江省宁波市海曙区古林中心路270号,121.43215,29.84027,海曙区,中专,121.436674,29.838006
666,鄞州四明职业中学,浙江省宁波市海曙区蜜岩村,121.27358,29.82869,海曙区,中专,121.276673,29.82522
667,宁波第二技师学院西校区,浙江省宁波市海曙区宁波市海曙区段塘街道新典路1000号,121.510387,29.860659,海曙区,大专,121.514688,29.858942
