,Unnamed: 0,Unnamed: 0.1,objectid,name,address,point_x,point_y,dsmc,qxmc,xzmc,xxlb,xzqdm,dj,gdb_geomattr_data,shape
0,0.0,0.0,6.0,义乌中未摇篮幼儿园有限公司,义乌市稠江街道童,120.048096,29.303992,金华市,义乌市,稠江街道,幼儿园,330782.0,学前教育,,01010000208A11000060C43E0114035E40E03E726BD24D3D40
1,1.0,1.0,19.0,义乌市河畔幼儿园,浙江省金华市义乌市北苑街道建设社区居委会,120.0675311,29.31759667,金华市,义乌市,北苑街道,幼儿园,330782.0,学前教育,,01010000208A11000058121C6E52045E40807104044E513D40
2,2.0,3.0,26.0,宁波市海曙区清林闲庭幼儿园,清林闲庭85号,121.526459,29.903905,宁波市,海曙区,望春街道,幼儿园,330203.0,学前教育,,01010000208A110000D8EB1681B1615E40E0B06D5166E73D40
3,3.0,6.0,105.0,杭州市余杭区大华西溪风情幼儿园,浙江省杭州市余杭区五常街道大华西溪风情小区内,120.0374973,30.27942042,杭州市,余杭区,五常街道,幼儿园,330110.0,学前教育,,01010000208A110000B815F35A66025E408042A81888473E40
4,5.0,9.0,201.0,义乌市廿三里爱的宝幼儿园,义乌市廿三里街道上社新村B17幢,120.1747317,29.33394975,金华市,义乌市,廿三里街,幼儿园,330782.0,学前教育,,01010000208A110000E8C8E5CD2E0B5E40E0C116BB7D553D40
5,6.0,11.0,220.0,义乌市后宅金色摇篮中天幼儿园,义乌市后宅街道北站四区123-125号,120.0383829,29.36607289,金华市,义乌市,后宅街道,幼儿园,330782.0,学前教育,,01010000208A110000B0EEB6DD74025E40009EE5F3B65D3D40
6,7.0,12.0,281.0,杭州市余杭区小博士银领时代幼儿园,浙江省杭州市余杭区星桥街道银领时代1号楼,120.2592261,30.39804681,杭州市,余杭区,星桥街道,幼儿园,330110.0,学前教育,,01010000208A110000208A3E2997105E40A0574265E6653E40
7,8.0,13.0,314.0,义乌市佛堂小星星幼儿园,佛堂镇小吴溪33栋,120.016575,29.19713846,金华市,义乌市,佛堂镇,幼儿园,330782.0,学前教育,,01010000208A110000A8E9A7900F015E40503082AA77323D40
8,9.0,16.0,361.0,宁波市海曙区高桥镇童瑶幼儿园,宁波市海曙区高桥镇宋家漕村20号,121.4894923,29.87922535,宁波市,海曙区,高桥镇,幼儿园,330203.0,学前教育,,01010000208A110000F0977CD7535F5E4070109CE914E13D40
9,10.0,17.0,376.0,义乌市雪峰初中,浙江省义乌市佛堂镇蟠龙西路388号,120.002208,29.208511,金华市,义乌市,佛堂镇,初级中学,330782.0,中等教育,,01010000208A11000088F2052D24005E4030DB15FA60353D40
10,11.0,18.0,379.0,义乌市义亭镇王阡幼儿园,浙江省义乌市义亭镇王阡一村,119.9424861,29.23380239,金华市,义乌市,义亭镇,幼儿园,330782.0,学前教育,,01010000208A110000705A67B151FC5D40404D1D79DA3B3D40
11,12.0,19.0,383.0,杭州明路蔚蓝幼儿园有限公司,杭州市余杭区五常街道三维智汇中心6幢1单元101室、6幢2单元101室、7幢1单元101室,120.0121874,30.28829627,杭州市,余杭区,五常街道,幼儿园,330110.0,学前教育,,01010000208A110000181BA9ADC7005E40F0E9C6C8CD493E40
12,14.0,23.0,503.0,杭州市余杭区江南春・白云深处幼儿园,余杭街道上文山白云深处别墅区,119.9670737,30.24536868,杭州市,余杭区,余杭街道,幼儿园,,学前教育,,01010000208A110000A8BCFB88E4FD5D40905B5C7BD03E3E40
13,15.0,24.0,543.0,宁波市海曙区石\街道栎社幼儿园,浙江省宁波 市海曙区石\街道联丰工业区12号,121.4790015,29.80800952,宁波市,海曙区,石\街道,幼儿园,330203.0,学前教育,,01010000208A110000D00BF3F5A75E5E40B0413FB6D9CE3D40
14,17.0,28.0,648.0,义乌市福田街道中心幼儿园,义乌市商博路612号,120.1140806,29.33292995,金华市,义乌市,福田街道,幼儿园,330782.0,学前教育,,01010000208A110000587CC5184D075E40D0ED9DE53A553D40
15,18.0,32.0,704.0,义乌市廿三里乐哈哈幼儿园,义乌市廿三里街道后,120.1765066,29.32321032,金华市,义乌市,廿三里街,幼儿园,330782.0,学前教育,,01010000208A110000306327E24B0B5E4040B862E9BD523D40
16,20.0,34.0,744.0,义乌市后宅街道湖门幼儿园,义乌市后宅街道湖门村,120.040129,29.39915292,金华市,义乌市,后宅街道,幼儿园,330782.0,学前教育,,01010000208A110000A01D067991025E4050FAD6E22E663D40
17,21.0,37.0,786.0,杭州初阳幼儿园有限公司,杭州市西湖区蒋村街道双龙街199号,120.0628519,30.29332784,杭州市,西湖区,蒋村街道,幼儿园,330106.0,学前教育,,01010000208A1100000833E3C305045E4070CE8788174B3E40
18,22.0,38.0,793.0,杭州市余杭区良渚古墩路小学,余杭区良渚街道金汇南路7号古墩路小学,120.073622,30.3510443,杭州市,余杭区,良渚街道,小学,330110.0,初等教育,,01010000208A1100001022E938B6045E4000A7070ADE593E40
19,23.0,39.0,836.0,宁波市海曙区古林镇藕池幼儿园,宁波市海曙区古林镇藕池新村2号,121.5056578,29.84236105,宁波市,海曙区,古林镇,幼儿园,330203.0,学前教育,,01010000208A110000F01491B25C605E40A02C49F9A4D73D40
20,25.0,44.0,912.0,宁波市海曙区高桥镇宝宝幼儿园,浙江省宁波市海曙区高桥镇严家村117号,121.4690238,29.87813937,宁波市,海曙区,高桥镇,幼儿园,330205.0,学前教育,,01010000208A110000E8EB5D7C045E5E406098D6BDCDE03D40
21,26.0,45.0,920.0,义乌市后宅向日葵幼儿园,义乌市后宅街道遗安新村二区3幢,120.0699718,29.35423397,金华市,义乌市,后宅街道,幼儿园,330782.0,学前教育,,01010000208A1100003085226B7A045E4040B1CB13AF5A3D40
22,27.0,47.0,982.0,义乌华溪小学,浙江省金华市义乌市廿三里街道华溪村委会,120.2004588,29.3505325,金华市,义乌市,廿三里街,小学,330782.0,初等教育,,01010000208A11000090BA3651D40C5E4070DD887FBC593D40
23,28.0,49.0,1008.0,宁波市海曙区石\博聪幼儿园,宁波海曙区石\街道雅戈尔达到599号,121.4875603,29.81628404,宁波市,海曙区,石\街道,幼儿园,330203.0,学前教育,,01010000208A1100001825E82F345F5E4070299BFDF7D03D40
24,29.0,51.0,1107.0,杭州市余杭区仓前中心小学,杭州市余杭区仓前街道仓兴街348-2号,119.9903222,30.29261889,杭州市,余杭区,仓前街道,小学,330110.0,初等教育,,01010000208A110000388E6E7061FF5D4060724E12E94A3E40
25,30.0,53.0,1163.0,杭州市西湖区山水学前教育集团（总园）,杭州市西湖区莲花街97号山水人家小区内,120.1028131,30.27288429,杭州市,西湖区,古荡街道,幼儿园,330106.0,学前教育,,01010000208A11000028155F7D94065E406024ADBEDB453E40
26,31.0,54.0,1181.0,杭州市余杭区五常文福幼儿园,杭州市余杭区五常街道文一社区西溪北苑西区64幢,120.0314067,30.29160411,杭州市,余杭区,五常街道,幼儿园,330110.0,学前教育,,01010000208A11000030734F9102025E40D0B63091A64A3E40
27,32.0,55.0,1183.0,义乌市绣湖中学教育集团,义乌市北苑街道秀禾路16号,120.0604804,29.31281598,金华市,义乌市,北苑街道,初级中学,330782.0,中等教育,,01010000208A110000A0B72AE9DE035E40904A2EB514503D40
28,33.0,56.0,1184.0,义乌市稠江学雅幼儿园,义乌市稠江街道杨村二区67栋,120.0327009,29.29218365,金华市,义乌市,稠江街道,幼儿园,330782.0,学前教育,,01010000208A110000A8BDABC517025E4080E1308CCC4A3D40
29,34.0,59.0,1198.0,杭州市西湖小学教育集团（总校）,曙光路143号,120.1262284,30.25585827,杭州市,西湖区,北山街道,小学,330326.0,初等教育,,01010000208A110000A0FD152014085E40202D69ED7F413E40
30,35.0,62.0,1242.0,义乌市城西殿口幼儿园,浙江省义乌市城西街道殿口村,119.9922663,29.29679342,金华市,义乌市,城西街道,幼儿园,330782.0,学前教育,,01010000208A110000A054984A81FF5D4060FA47A7FA4B3D40
31,36.0,63.0,1246.0,宁波市海曙区石\培星幼儿园,宁波市海曙区石\街道栎社华家207号,121.4803633,29.80778222,宁波市,海曙区,石\街道,幼儿园,330203.0,学前教育,,01010000208A110000E89ECE45BE5E5E404013D6D0CACE3D40
32,37.0,65.0,1266.0,义乌市稠城第一小学教育集团,义乌市稠城街道城中中路57号,120.0753316,29.30862141,金华市,义乌市,稠城街道,小学,330782.0,初等教育,,01010000208A110000F048BA3BD2045E40A06217D0014F3D40
33,39.0,69.0,1306.0,杭州市余杭区径山镇长乐幼儿园,杭州市余杭区径山镇径山中路17号,119.8487489,30.33813595,杭州市,余杭区,径山镇,幼儿园,330110.0,学前教育,,01010000208A11000038ADD4E651F65D4010DADE1390563E40
34,40.0,70.0,1314.0,义乌市北苑街道现代城市花园幼儿园,义乌市北苑街道春晗南路358号,120.0375169,29.31664659,金华市,义乌市,北苑街道,幼儿园,330782.0,学前教育,,01010000208A110000103A51AD66025E40205349C00F513D40
35,41.0,71.0,1325.0,义乌市廿三里街道埠头幼儿园,义乌市廿三里街道埠头村6幢1-2号,120.1929863,29.3313819,金华市,义乌市,廿三里街,幼儿园,330782.0,学前教育,,01010000208A110000504B20E3590C5E40F082A171D5543D40
36,44.0,75.0,1399.0,杭州市余杭区英特西溪外国语学校,闲林街道上和路125号,119.9786624,30.24753803,杭州市,余杭区,闲林街道,九年一贯制学校,330110.0,中等教育,,01010000208A110000209F6667A2FE5D40D08B10A75E3F3E40
37,45.0,76.0,1428.0,杭州西溪伟才幼儿园有限公司,杭州市西湖区天目山路363号,120.0835248,30.26246229,杭州市,西湖区,留下街道,幼儿园,330106.0,学前教育,,01010000208A11000000DF807858055E4030B083BA30433E40
38,46.0,77.0,1440.0,宁波市海曙区石\新阳幼儿园,浙江省宁波市海曙区石\街道东杨村71号,121.4513927,29.79907322,宁波市,海曙区,石\街道,幼儿园,330203.0,学前教育,,01010000208A110000985D489EE35C5E407030141090CC3D40
39,47.0,78.0,1459.0,浙江省广播电视中等专业学校,浙江省杭州市西湖区教工路42号,120.1318291,30.27770517,杭州市,西湖区,西溪街道,成人中等专业学校,330106.0,中等教育,,01010000208A110000B83F60E36F085E4010F7ABAF17473E40
40,48.0,79.0,1461.0,杭州市余杭区塘栖镇宏畔幼儿园,杭州市余杭区塘栖镇莫家桥村委往东100米,120.1571608,30.44443605,杭州市,余杭区,塘栖镇,幼儿园,330110.0,学前教育,,01010000208A110000C8FA2AEC0E0A5E40E080A48FC6713E40
41,49.0,81.0,1504.0,义乌市廿三里安博幼儿园,义乌市廿三里街道麻车塘二区6幢,120.1668843,29.34917626,金华市,义乌市,廿三里街,幼儿园,330782.0,学前教育,,01010000208A110000B0BA513BAE0A5E40E0888D9D63593D40
42,50.0,82.0,1523.0,宁波市海曙区洞桥镇百梁天成希望小学,宁波市海曙区洞桥镇蕙江村桥北38号,121.3857417,29.76967903,宁波市,海曙区,洞桥镇,小学,330203.0,初等教育,,01010000208A11000078190BFEAF585E4050AD4DAF09C53D40
43,51.0,83.0,1546.0,义乌市廿三里街道金桥人家幼儿园,义乌市廿三里街道金桥小区22幢1号,120.1612389,29.33243678,金华市,义乌市,廿三里街,幼儿园,330782.0,学前教育,,01010000208A110000F09B22BD510A5E40607FA1931A553D40
44,52.0,84.0,1547.0,杭州市余杭区昂立天都城幼儿园,杭州市余杭区星桥街道天月苑内,120.243687,30.389117,杭州市,余杭区,星桥街道,幼儿园,330110.0,学前教育,,01010000208A11000078DD5B91980F5E405051F52B9D633E40
45,54.0,86.0,1635.0,浙江大学幼儿园西溪分园,杭州市西湖区天目山路148号,120.1381314,30.27681716,杭州市,西湖区,西溪街道,幼儿园,330106.0,学前教育,,01010000208A11000038C6E024D7085E4070E0447DDD463E40
46,55.0,87.0,1640.0,义乌市佛堂镇石北幼儿园,佛堂镇石北村,120.089069,29.219266,金华市,义乌市,佛堂镇,幼儿园,330782.0,学前教育,,01010000208A1100009885764EB3055E40F01F0BD121383D40
47,56.0,88.0,1642.0,浙江远大专修学院,浙江省杭州市西湖区翠苑街道黄姑山社区,120.117062,30.27849482,杭州市,西湖区,翠苑街道,民办的其他高等教育机构,330106.0,其他教育,,01010000208A110000B894AEF17D075E40F07AD56F4B473E40
48,57.0,89.0,1643.0,杭州市学军中学海创园学校,余杭区荆余路379号,119.9613054,30.2510239,杭州市,余杭区,余杭街道,高级中学,330110.0,中等教育,,01010000208A11000070B5DC0686FD5D40B003311A43403E40
49,58.0,90.0,1689.0,杭州之江高级中学,西湖区留和路533号,120.0060007,30.20888932,杭州市,西湖区,留下街道,高级中学,330106.0,中等教育,,01010000208A11000048ECE45062005E40B06828C579353E40
50,60.0,95.0,1743.0,宁波市海曙区古林镇藕池小学,宁波市海曙区古林镇藕池新村1号,121.5058082,29.84227933,宁波市,海曙区,古林镇,小学,330203.0,初等教育,,01010000208A110000582385295F605E40E0263C9E9FD73D40
51,61.0,97.0,1782.0,宁波市海曙区集士港镇科创幼儿园,浙江省宁波市集士港镇科创北路247号科创幼儿园,121.4502736,29.85981881,宁波市,海曙区,集士港镇,幼儿园,330203.0,学前教育,,01010000208A11000098B37B48D15C5E4010BBE9151DDC3D40
52,62.0,101.0,1866.0,义乌市后宅街道西何幼儿园,义乌市后宅街道西何村,120.0486665,29.37192217,金华市,义乌市,后宅街道,幼儿园,330782.0,学前教育,,01010000208A1100002893455A1D035E4020EC874A365F3D40
53,63.0,102.0,1881.0,杭州市余杭区乔司杭海路小学,杭州市余杭区乔司街道胜桑路6号,120.2805872,30.32711295,杭州市,余杭区,乔司街道,小学,330110.0,初等教育,,01010000208A1100003826EA23F5115E40A00D9AACBD533E40
54,64.0,104.0,1887.0,义乌市江东梅湖幼儿园,义乌市江东街道梅湖篮球馆东侧,120.10417,29.315459,金华市,义乌市,江东街道,幼儿园,330782.0,学前教育,,01010000208A11000058CEA5B8AA065E40903AC8EBC1503D40
55,65.0,105.0,1888.0,义乌市后宅街道全备幼儿园,义乌市后宅街道全备村,120.0649489,29.373033,金华市,义乌市,后宅街道,幼儿园,330782.0,学前教育,,01010000208A110000A0F3591F28045E40C0CD4C177F5F3D40
56,67.0,108.0,1943.0,义乌市城西街道五星幼儿园,浙江省义乌市城西街道西站三区24幢,119.9851083,29.31701066,金华市,义乌市,城西街道,幼儿园,330782.0,学前教育,,01010000208A110000E0D273030CFF5D40E000409C27513D40
57,68.0,109.0,1951.0,杭州市余杭区人大附中学校,余杭区中泰街道国文路1号,119.9156135,30.24793582,杭州市,余杭区,中泰街道,十二年一贯制学校,330110.0,中等教育,,01010000208A110000E871876999FA5D404096DFB8783F3E40
58,69.0,110.0,1953.0,杭州市余杭区仁和东风小学,浙江省杭州市余杭区仁和街道树东路15号,120.0748688,30.43748269,杭州市,余杭区,仁和街道,小学,330110.0,初等教育,,01010000208A110000F0BB62A6CA045E40C04BA7DDFE6F3E40
59,70.0,112.0,1971.0,义乌市上溪永晟幼儿园,义乌市上溪镇馨苑南区40幢,119.9371921,29.28613189,金华市,义乌市,上溪镇,幼儿园,330782.0,学前教育,,01010000208A11000028D657F4FAFB5D4080E485F03F493D40
60,71.0,114.0,1991.0,杭州市余杭区星运幼儿园,杭州市余杭区星桥街道宝旋路99号,120.2617301,30.39375945,杭州市,余杭区,星桥街道,幼儿园,330110.0,学前教育,,01010000208A110000982EBB2FC0105E40C06B696BCD643E40
61,72.0,115.0,2004.0,宁波市海曙区石\国骅聚星文化武术学校,浙江省宁波市海曙区石\后仓求精路1号,121.480962,29.83333561,宁波市,海曙区,石\街道,小学,330212.0,初等教育,,01010000208A110000E8C6EE14C85E5E40E0B8987B55D53D40
62,73.0,116.0,2009.0,宁波市海曙区古林镇俞家幼儿园,宁波市海曙区古林镇俞家村南街490号,121.4369834,29.84478897,宁波市,海曙区,古林镇,幼儿园,330203.0,学前教育,,01010000208A11000008190F89F75B5E40E094FD1644D83D40
63,74.0,117.0,2024.0,义乌市上溪镇陶启智幼儿园,义乌市上溪镇吴店吴萧路西17号,119.9066427,29.26186942,金华市,义乌市,上溪镇,幼儿园,330782.0,学前教育,,01010000208A110000E0B7016F06FA5D40F0B8D2DF09433D40
64,75.0,119.0,2040.0,杭州市余杭区文正小学,杭州市余杭区南苑街道耕读路108号,120.2973926,30.36824937,杭州市,余杭区,南苑街道,小学,330110.0,初等教育,,01010000208A1100005025E17A08135E4030553097455E3E40
65,76.0,122.0,2104.0,宁波市海曙区石\街道雅悦幼儿园,宁波市海曙区石\街道雅戈尔大道51号大悦雅园27号,121.51168,29.83642924,宁波市,海曙区,石\街道,幼儿园,330203.0,学前教育,,01010000208A11000038D76E5DBF605E4050EC023A20D63D40
66,77.0,123.0,2109.0,义乌市江东街道叮叮幼儿园,义乌市江东街道桥东三区5幢3号,120.08768,29.30468763,金华市,义乌市,江东街道,幼儿园,330782.0,学前教育,,01010000208A1100001064888C9C055E4000762102004E3D40
67,78.0,124.0,2116.0,杭州仁和实验学校,杭州西湖风景名胜区梅灵南路5号,120.092825,30.179154,杭州市,西湖区,西湖街道,十二年一贯制学校,330106.0,中等教育,,01010000208A11000010D044D8F0055E4090F25A09DD2D3E40
68,79.0,125.0,2141.0,杭州师范大学幼儿园,杭州市西湖区教工路142号,120.1322934,30.28354823,杭州市,西湖区,西溪街道,幼儿园,330106.0,学前教育,,01010000208A110000E8FCC17E77085E40C036D19D96483E40
69,80.0,126.0,2144.0,宁波市海曙区古林镇宝韵华城幼儿园,浙江省宁波市海曙区古林镇盛世华城小区38栋,121.4987958,29.86974467,宁波市,海曙区,古林镇,幼儿园,330203.0,学前教育,,01010000208A11000078120C45EC5F5E40B0A22496A7DE3D40
70,81.0,128.0,2164.0,义乌市廿三里米兰幼儿园,义乌市廿三里衬托新村11栋,120.166953,29.35345753,金华市,义乌市,廿三里街,幼儿园,330782.0,学前教育,,01010000208A110000D074815BAF0A5E4080944F317C5A3D40
71,82.0,130.0,2193.0,宁波市海曙区集士港镇希望幼儿园,宁波市海曙区集士港镇双银村徐家20号,121.3937462,29.89236127,宁波市,海曙区,集士港镇,幼儿园,330203.0,学前教育,,01010000208A1100005016532333595E40000CD8C971E43D40
72,83.0,131.0,2199.0,义乌市稠城康乐幼儿园,义乌市稠城街道香港城一街28号,120.0800775,29.31012611,金华市,义乌市,稠城街道,幼儿园,,学前教育,,01010000208A110000E89087FD1F055E40609CA66C644F3D40
73,84.0,132.0,2248.0,宁波市海曙区鄞江镇梅园幼儿园,宁波市海曙区鄞江镇大桥村车站中174号,121.3686,29.80510231,宁波市,海曙区,鄞江镇,幼儿园,330203.0,学前教育,,01010000208A1100007066752497575E40E044682F1BCE3D40
74,85.0,133.0,2251.0,杭州市西湖区文新学前教育集团（总园）,杭州市西湖区古墩路580-2,120.094461,30.29080745,杭州市,西湖区,文新街道,幼儿园,330106.0,学前教育,,01010000208A110000989528A60B065E40E0975E5B724A3E40
75,86.0,134.0,2276.0,义乌市后宅守真幼儿园,后宅街道北站四区73幢,120.0385534,29.37125993,金华市,义乌市,后宅街道,幼儿园,330784.0,学前教育,,01010000208A110000D87488A877025E40D05E05E40A5F3D40
76,87.0,135.0,2304.0,浙江新世纪经贸专修学院,杭州市余杭区天目山西路355号,119.9683002,30.24055365,杭州市,余杭区,闲林街道,民办的其他高等教育机构,330110.0,其他教育,,01010000208A110000B02A30A1F8FD5D4000DD9CEC943D3E40
77,88.0,136.0,2307.0,义乌市荷塘月色幼儿园,义乌市福田街道西城北路荷塘月色小区内,120.0987628,29.36223802,金华市,义乌市,福田街道,幼儿园,330782.0,学前教育,,01010000208A110000E0DB4F2152065E40A07292A1BB5C3D40
78,89.0,137.0,2336.0,义乌市廿三里街道东陈幼儿园,义乌市廿三里街道东陈村99号,120.159831,29.3489779,金华市,义乌市,廿三里街,幼儿园,330782.0,学前教育,,01010000208A110000306EDBAB3A0A5E406069A89D56593D40
79,90.0,142.0,2443.0,中国美术学院附属中等美术学校,杭州市西湖区转塘象山352号,120.0700387,30.15954613,杭州市,西湖区,转塘街道,中等技术学校,330106.0,中等教育,,01010000208A1100001814A2837B045E40A05FD103D8283E40
80,91.0,143.0,2527.0,宁波市海曙区高桥镇藕缆桥幼儿园,宁波市海曙区高桥镇藕缆桥村1号,121.4924476,29.86992308,宁波市,海曙区,高桥镇,幼儿园,330203.0,学前教育,,01010000208A110000E841D342845F5E4030C05D47B3DE3D40
81,92.0,144.0,2548.0,宁波市海曙区石\横涨幼儿园,宁波市海曙区石\街道横涨村工业区14号,121.4420221,29.79164957,宁波市,海曙区,石\街道,幼儿园,330203.0,学前教育,,01010000208A11000048E9F2164A5C5E406056D98BA9CA3D40
82,93.0,147.0,2624.0,义乌市北苑星空幼儿园,浙江省义乌市北苑街道莲塘村委会,120.0613237,29.34073411,金华市,义乌市,北苑街道,幼儿园,330782.0,学前教育,,01010000208A11000078734BBAEC035E40E07DBA593A573D40
83,94.0,148.0,2631.0,杭州市余杭区梧桐树幼儿园,杭州市余杭区梧桐树幼儿园,120.2731694,30.36771442,杭州市,余杭区,乔司街道,幼儿园,330110.0,学前教育,,01010000208A1100006842889B7B115E4060483388225E3E40
84,97.0,152.0,2706.0,杭州市余杭区良渚杭行路小学,杭州市余杭区良渚街道杭行路与郁宅路交叉口向东200米杭行路小学,120.1115615,30.35945038,杭州市,余杭区,良渚街道,小学,330110.0,初等教育,,01010000208A11000078BABED223075E401085B7F0045C3E40
85,98.0,153.0,2707.0,宁波市海曙区石\冯家幼儿园,宁波市海曙区石\街道冯家村2号,121.4844587,29.82395636,宁波市,海曙区,石\街道,幼儿园,330213.0,学前教育,,01010000208A1100007069135F015F5E40700EBECDEED23D40
86,99.0,155.0,2724.0,宁波市海曙艾迪幼儿园,宁波市海曙区集士港镇广盛路585号,121.4376471,29.85698327,宁波市,海曙区,集士港镇,幼儿园,330203.0,学前教育,,01010000208A1100007833F868025C5E400093694163DB3D40
87,100.0,156.0,2738.0,义乌市稠江米德幼儿园,义乌市稠江街道米德幼儿园,120.039039,29.28537462,金华市,义乌市,稠江街道,幼儿园,330782.0,学前教育,,01010000208A110000F0993C9D7F025E40206B9B4F0E493D40
88,103.0,160.0,2827.0,宁波市海曙区石\雅源幼儿园,宁波市海曙区石\街道雅渡村万利路8号,121.4952956,29.81873611,宁波市,海曙区,石\街道,幼儿园,330203.0,学前教育,,01010000208A110000F85456ECB25F5E40A0FAA5B098D13D40
89,104.0,161.0,2844.0,义乌市廿三里蒙正幼儿园,义乌市廿三里街道王店东区6-8号,120.1845662,29.34125268,金华市,义乌市,廿三里街,幼儿园,330782.0,学前教育,,01010000208A110000304186EECF0B5E4030FAE7555C573D40
90,105.0,162.0,2881.0,杭州应用声学研究所,杭州市西湖区留下街道屏峰715号,120.0461603,30.22756827,杭州市,西湖区,留下街道,培养研究生的科研机构,330106.0,其他教育,,01010000208A11000038576C4AF4025E40F06F16EA413A3E40
91,106.0,163.0,2916.0,宁波市鄞州区重竞技学校,宁波市鄞州区鄞江镇朱节岭路100号,121.3566056,29.78617955,宁波市,海曙区,鄞江镇,完全中学,330203.0,中等教育,,01010000208A110000200C72A0D2565E40C09F281043C93D40
92,107.0,164.0,2967.0,义乌市欧景幼儿园,浙江省义乌市贝村路欧景名城小区内,120.0353498,29.27767849,金华市,义乌市,稠江街道,幼儿园,330782.0,学前教育,,01010000208A11000020FEC32B43025E40505A01F015473D40
93,108.0,166.0,2993.0,义乌市北苑卡璐璐幼儿园,浙江省金华市义乌市北苑街道黄杨梅一区89幢,120.0429828,29.31146464,金华市,义乌市,北苑街道,幼儿园,330782.0,学前教育,,01010000208A110000F03CB63AC0025E4080C67D25BC4F3D40
94,110.0,170.0,3067.0,义乌市赤岸双峰幼儿园,义乌市赤岸镇双峰路99号,120.0313399,29.14821752,金华市,义乌市,赤岸镇,幼儿园,330782.0,学前教育,,01010000208A110000183E0F7901025E4010EA4795F1253D40
95,111.0,171.0,3090.0,义乌市稠城一朵幼儿园,义乌市稠城街道城中北路280巷-9,120.080959,29.32546548,金华市,义乌市,稠城街道,幼儿园,330782.0,学前教育,,01010000208A110000E88CAB6E2E055E40B093A8B451533D40
96,112.0,172.0,3105.0,杭州市广播电视中等专业学校,杭州市文一西路37号,120.1122199,30.28937833,杭州市,西湖区,古荡街道,成人中等专业学校,330106.0,中等教育,,01010000208A110000C8BC779C2E075E4070B3D0B2144A3E40
97,113.0,173.0,3126.0,浙江大学幼儿园实验园,杭州市西湖区求是村内,120.1257567,30.26523628,杭州市,西湖区,灵隐街道,幼儿园,330106.0,学前教育,,01010000208A110000389EE5650C085E4010E76486E6433E40
98,115.0,175.0,3141.0,杭州市余杭区贝尔乐幼儿园,杭州市余杭区良渚街道南庄兜东苑小区内,120.1174608,30.38603063,杭州市,余杭区,良渚街道,幼儿园,330110.0,学前教育,,01010000208A11000098DC507A84075E40A0EC31E7D2623E40
99,116.0,176.0,3166.0,杭州市西湖区之江幼儿园,杭州市西湖区珊瑚沙家园22幢,120.0964717,30.16659346,杭州市,西湖区,转塘街道,幼儿园,330106.0,学前教育,,01010000208A110000081168972C065E40F02172DEA52A3E40
100,117.0,177.0,3168.0,义乌市佛堂镇倍磊学校,义乌市佛堂镇倍磊八宝西路23号,119.9779408,29.16915652,金华市,义乌市,佛堂镇,小学,330782.0,初等教育,,01010000208A110000C0F6D09496FE5D4090D463D74D2B3D40
101,118.0,178.0,3181.0,义乌市后宅街道何界幼儿园,后宅街道何界新村37幢,120.0403057,29.37074543,金华市,义乌市,后宅街道,幼儿园,330782.0,学前教育,,01010000208A11000038DE6A5E94025E40401B1C2CE95E3D40
102,119.0,179.0,3185.0,义乌市廿三里街道和平幼儿园,义乌市廿三里街道华溪村,120.2015456,29.35350784,金华市,义乌市,廿三里街,幼儿园,330782.0,学前教育,,01010000208A110000B0D38D1FE60C5E408090707D7F5A3D40
103,120.0,180.0,3187.0,宁波市海曙区石\博娃幼儿园,宁波市海曙区石\街道塘西中路100号,121.4998694,29.83583422,宁波市,海曙区,石\街道,幼儿园,330203.0,学前教育,,01010000208A110000008410DCFD5F5E40A0A94C3BF9D53D40
104,121.0,181.0,3197.0,义乌市福田心连心幼儿园,九如堂村16号,120.131743,29.344062,金华市,义乌市,福田街道,幼儿园,330782.0,学前教育,,01010000208A110000881E317A6E085E40E0CB7D7214583D40
105,122.0,182.0,3215.0,德清县乐乐幼儿园,德清县武康街道万马路177号,119.9524654,30.54149408,湖州市,德清县,武康街道,幼儿园,330521.0,学前教育,,01010000208A110000788E7931F5FC5D40E093245B9F8A3E40
106,123.0,183.0,3237.0,义乌市廿三里金桥智慧树幼儿园,义乌市廿三里街道商源路8号,120.1657827,29.3250036,金华市,义乌市,廿三里街,幼儿园,330782.0,学前教育,,01010000208A11000018C0282F9C0A5E4090609D6F33533D40
107,124.0,185.0,3248.0,杭州市余杭区人和幼儿园,杭州市余杭区五常路口荆长路一号,120.0377622,30.24204948,杭州市,余杭区,五常街道,幼儿园,330110.0,学前教育,,01010000208A110000183C4DB26A025E40B07F75F4F63D3E40
108,126.0,188.0,3310.0,宁波市海曙区石\立星学校,宁波市海曙区石\街道星光村沈家西113号,121.4806085,29.80478757,宁波市,海曙区,石\街道,九年一贯制学校,330203.0,中等教育,,01010000208A1100001876194AC25E5E409032D48E06CE3D40
109,127.0,189.0,3325.0,宁波市海曙区石\波波幼儿园,宁波市海曙区石\街道栎社车站新村128号,121.4789847,29.81062187,宁波市,海曙区,石\街道,幼儿园,330203.0,学前教育,,01010000208A110000A89590AFA75E5E4080E423EA84CF3D40
110,128.0,190.0,3346.0,杭州市余杭区树兰高级中学,余杭区兴国路535号,120.2296736,30.47216248,杭州市,余杭区,塘栖镇,高级中学,330110.0,中等教育,,01010000208A1100000022ABF8B20E5E409096F2A3DF783E40
111,129.0,191.0,3359.0,义乌市后宅街道遗安幼儿园,义乌市后宅街道城北路166号,120.0611191,29.35322179,金华市,义乌市,后宅街道,幼儿园,330782.0,学前教育,,01010000208A11000050EA1560E9035E40602B51BE6C5A3D40
112,130.0,192.0,3366.0,义乌市廿三里博哈幼儿园,义乌市廿三里街道下朱宅祥云路122号,120.1664801,29.32214352,金华市,义乌市,廿三里街,幼儿园,330782.0,学前教育,,01010000208A110000C0DF039CA70A5E40C0327CFF77523D40
113,131.0,193.0,3397.0,杭州市余杭区长乐金舟城幼儿园,杭州市余杭区径山镇长乐径东路43号,119.8520183,30.34005297,杭州市,余杭区,径山镇,幼儿园,330110.0,学前教育,,01010000208A1100003038DC7787F65D40402C14B60D573E40
114,132.0,194.0,3398.0,杭州市余杭区金城英特西溪海幼儿园,杭州市余杭区上和路123号,119.9772838,30.2477236,杭州市,余杭区,闲林街道,幼儿园,330110.0,学前教育,,01010000208A110000480086D18BFE5D40105565D06A3F3E40
115,133.0,197.0,3427.0,义乌市稠江龙回智慧幼儿园,义乌市稠江街道龙回村二区39幢1-2号,120.015655,29.29330014,金华市,义乌市,稠江街道,幼儿园,330782.0,学前教育,,01010000208A11000030B0F77D00015E40E018DAB7154B3D40
116,134.0,198.0,3461.0,义乌市北苑街道小博士幼儿园,浙江省金华市义乌市北苑街道凌云三区62幢,120.0474354,29.35960166,金华市,义乌市,北苑街道,幼儿园,330782.0,学前教育,,01010000208A110000A05E662E09035E40102CC6DA0E5C3D40
117,135.0,199.0,3463.0,杭州市第十五中学教育集团,浙江省杭州市西湖区玉古路165号,120.122649,30.26964624,杭州市,西湖区,灵隐街道,初级中学,330106.0,中等教育,,01010000208A1100004010F87AD9075E4010B32D8907453E40
118,136.0,200.0,3473.0,宁波市海曙区高桥镇博爱幼儿园,宁波市海曙区高桥镇望春迎春路497号,121.4958901,29.88143353,宁波市,海曙区,高桥镇,幼儿园,330203.0,学前教育,,01010000208A11000050A8E5A9BC5F5E4030D5C5A0A5E13D40
119,137.0,201.0,3482.0,宁波市海曙区高桥镇新芽幼儿园,宁波市海曙区高桥镇长乐村博爱路66号,121.4997984,29.89315656,宁波市,海曙区,高桥镇,幼儿园,330203.0,学前教育,,01010000208A110000483F59B2FC5F5E40F04A94E8A5E43D40
120,138.0,202.0,3483.0,宁波市海曙区高桥镇中心初级中学,宁波市海曙区高桥镇芦港村1号,121.4773567,29.89544927,宁波市,海曙区,高桥镇,初级中学,330203.0,中等教育,,01010000208A110000602832038D5E5E4080E0D1293CE53D40
121,139.0,203.0,3499.0,义乌稠城乐乐幼儿园,义乌市稠城街道义驾山34幢1号,120.087138,29.313949,金华市,义乌市,稠城街道,幼儿园,330782.0,学前教育,,01010000208A110000480F43AB93055E40A09C2FF65E503D40
122,140.0,204.0,3526.0,宁波市海曙区柳锦幼儿园,浙江省宁波市海曙区常青路98弄,121.5250143,29.87303654,宁波市,海曙区,南门街道,幼儿园,330203.0,学前教育,,01010000208A110000C86B5ED599615E4050839B527FDF3D40
123,141.0,205.0,3543.0,宁波市海曙区古林镇同萌幼儿园,宁波市海曙区古林镇施家村忠义房139号,121.4351271,29.83385929,宁波市,海曙区,古林镇,幼儿园,330203.0,学前教育,,01010000208A110000108D401FD95B5E4080215FCD77D53D40
124,142.0,206.0,3558.0,义乌市北苑街道现代名人花园幼儿园,浙江省金华市义乌市北苑街道望道路179-2号,120.046551,29.315936,金华市,义乌市,北苑街道,幼儿园,330782.0,学前教育,,01010000208A11000028A60BB1FA025E4010A1832EE1503D40
125,143.0,207.0,3566.0,杭州市余杭区万佳宝贝幼儿园,余杭街道禹航路1068号,119.9364727,30.28327113,杭州市,余杭区,余杭街道,幼儿园,330110.0,学前教育,,01010000208A110000F0942A2BEFFB5D40C08BF37484483E40
126,144.0,208.0,3579.0,宁波市海曙区石\洪渡幼儿园,宁波市海曙区石\街道石源路8号,121.4952374,29.82720642,宁波市,海曙区,石\街道,幼儿园,330203.0,学前教育,,01010000208A11000048DA3EF8B15F5E4080D3D5CCC3D33D40
127,145.0,209.0,3592.0,义乌市柳青学校教育集团,浙江省义乌市北苑街道常青路6号,120.0507555,29.34523967,金华市,义乌市,北苑街道,九年一贯制学校,330782.0,中等教育,,01010000208A110000A84B01943F035E4090858CA061583D40
128,146.0,211.0,3620.0,杭州市西湖区自在城幼儿园,杭州市西湖区嘉仁路与欣然街交叉口,120.0677529,30.33664339,杭州市,西湖区,三墩镇,幼儿园,330106.0,学前教育,,01010000208A1100007095271056045E40E048CD422E563E40
129,147.0,212.0,3626.0,杭州市育才教育集团（总校）,杭州市西湖区黄姑山横路70号,120.1268049,30.27745564,杭州市,西湖区,翠苑街道,小学,330106.0,初等教育,,01010000208A11000058FA6E921D085E40905D495507473E40
130,149.0,216.0,3700.0,义乌市稠江天成幼儿园,义乌市稠江街道龙回一区20幢,120.0161965,29.29548596,金华市,义乌市,稠江街道,幼儿园,330782.0,学前教育,,01010000208A110000C8E22E5D09015E408009BEF7A44B3D40
131,150.0,217.0,3751.0,义乌市义亭中洋幼儿园,义乌市义亭鲍宅村,119.972783,29.23561036,金华市,义乌市,义亭镇,幼儿园,330782.0,学前教育,,01010000208A1100003812A51342FE5D4090FAF7F5503C3D40
132,151.0,220.0,3832.0,杭州市西湖区乐迪幼儿园,杭州市周坪路137号,120.0643388,30.34394532,杭州市,西湖区,三墩镇,幼儿园,330106.0,学前教育,,01010000208A1100002890A9201E045E40B0E5F9CC0C583E40
133,152.0,221.0,3868.0,义乌市香山小学教育集团,稠城街道胜利路35号,120.0616006,29.30649581,金华市,义乌市,稠城街道,小学,330782.0,初等教育,,01010000208A11000028648443F1035E40B07D7982764E3D40
134,153.0,222.0,3877.0,杭州市保m塔实验学校,浙江省杭州市西湖区天目山路81号,120.144894,30.27284348,杭州市,西湖区,北山街道,十二年一贯制学校,330106.0,中等教育,,01010000208A110000A0EB7CF145095E40500DEA11D9453E40
135,154.0,223.0,3895.0,杭州云谷幼儿园,杭州市西湖区桃源坞基金小镇5-7号楼,120.1007556,30.25810601,杭州市,西湖区,留下街道,幼儿园,330106.0,学前教育,,01010000208A1100001802BFC772065E4050F73A3C13423E40
136,155.0,224.0,3908.0,义乌市江东街道彩虹幼儿园,义乌市江东街道徐村后山巷8号,120.0489413,29.25560596,金华市,义乌市,江东街道,幼儿园,330782.0,学前教育,,01010000208A11000088B0BEDA21035E40E00A78646F413D40
137,156.0,227.0,3949.0,杭州市余杭区白马幼儿园,杭州市余杭区闲林街道白马山庄花语轩8幢,120.0089646,30.21946664,杭州市,余杭区,闲林街道,幼儿园,330110.0,学前教育,,01010000208A11000080981FE092005E4070A83DF72E383E40
138,157.0,228.0,3954.0,宁波市海曙区江湾城幼儿园,宁波市海曙区中湾广场63号,121.5382786,29.85590209,宁波市,海曙区,南门街道,幼儿园,330203.0,学前教育,,01010000208A1100008051E32773625E40403E30661CDB3D40
139,158.0,229.0,3956.0,义乌市绣湖小学教育集团,浙江省义乌市县前街65号,120.066264,29.30967492,金华市,义乌市,稠城街道,小学,330782.0,初等教育,,01010000208A110000702B21AB3D045E40A0610EDB464F3D40
140,159.0,230.0,3992.0,郧逑啬干山镇中心幼儿园,浙江省德清县莫干山镇,119.897047,30.60185702,湖州市,德清县,莫干山镇,幼儿园,330521.0,学前教育,,01010000208A11000050A2AF3769F95D40A0C4394D139A3E40
141,160.0,231.0,3994.0,杭州市西湖区东方幼儿园,杭州市紫荆花路282号,120.0879673,30.29037869,杭州市,西湖区,文新街道,幼儿园,330106.0,学前教育,,01010000208A11000060A9BD41A1055E40F07A1642564A3E40
142,161.0,232.0,4000.0,义乌市金麟花园幼儿园,浙江省义乌市廿三里街道金麟花园,120.155804,29.33134033,金华市,义乌市,廿三里街,幼儿园,330782.0,学前教育,,01010000208A110000109940B1F8095E40A04F3CB8D2543D40
143,162.0,233.0,4006.0,宁波海曙中心小学,宁波市海曙区孝闻街8号,121.5393759,29.87700931,宁波市,海曙区,鼓楼街道,小学,330203.0,初等教育,,01010000208A110000D0665D2285625E40D0BCA0AE83E03D40
144,163.0,234.0,4007.0,宁波市海曙区西成幼儿园,宁波市海曙区澄波华庭12号,121.5120525,29.8894678,宁波市,海曙区,望春街道,幼儿园,330203.0,学前教育,,01010000208A1100000866F777C5605E40E0BA7429B4E33D40
145,164.0,236.0,4018.0,宁波市鄞州少林文武学校,宁波市海曙区集士港镇童家横村7号,121.4242636,29.8879984,宁波市,海曙区,集士港镇,成人中等专业学校,330203.0,中等教育,,01010000208A110000A0084E22275B5E40704FEEDC53E33D40
146,165.0,241.0,4058.0,杭州西湖风景名胜区龙井幼儿园,杭州西湖风景名胜区龙井路3-1号,120.1182606,30.24659962,杭州市,西湖区,灵隐街道,幼儿园,330106.0,学前教育,,01010000208A11000018D8C39491075E40B0FD2327213F3E40
147,167.0,244.0,4089.0,义乌市廿三里大风车幼儿园,义乌市廿三里街道下娄小区60栋,120.1667557,29.34016533,金华市,义乌市,廿三里街,幼儿园,330782.0,学前教育,,01010000208A11000040EC1F20AC0A5E4040FE2E1315573D40
148,168.0,245.0,4095.0,杭州市求是教育集团（总校）,浙江省杭州市西湖区浙大路18号,120.1243428,30.26333071,杭州市,西湖区,灵隐街道,小学,330106.0,初等教育,,01010000208A11000058965F3BF5075E4000C737A469433E40
149,169.0,248.0,4138.0,德清县阳光幼儿园,德清县武康街道阳光花园22幢,119.9765018,30.53607248,湖州市,德清县,武康街道,幼儿园,330521.0,学前教育,,01010000208A11000038FA77017FFE5D40B0B4B80B3C893E40
150,170.0,249.0,4153.0,义乌市义亭镇中心幼儿园,浙江省义乌市义亭镇双塘路606号,119.9514036,29.24504003,金华市,义乌市,义亭镇,幼儿园,330782.0,学前教育,,01010000208A1100009874E7CBE3FC5D40900F83F1BA3E3D40
151,171.0,254.0,4252.0,义乌市北苑金典幼儿园,义乌市北苑街道畈东村175栋,120.0234318,29.31570456,金华市,义乌市,北苑街道,幼儿园,330782.0,学前教育,,01010000208A110000E07D06E87F015E4070B19C03D2503D40
152,172.0,256.0,4264.0,宁波市海曙区高桥镇西堤阳光幼儿园,浙江省宁波市海曙区高桥镇学院路西堤阳光19幢46号,121.4806097,29.88282977,宁波市,海曙区,高桥镇,幼儿园,330203.0,学前教育,,01010000208A110000501F504FC25E5E4050CAB92101E23D40
153,174.0,260.0,4321.0,宁波市海曙区石\街道阳光丽园幼儿园,宁波市海曙区石\街道雅戈尔大道375号,121.4946685,29.82487754,宁波市,海曙区,石\街道,幼儿园,330203.0,学前教育,,01010000208A11000058C032A6A85F5E403053982C2BD33D40
154,175.0,261.0,4322.0,宁波市海曙区蜜蜂王国伟才幼儿园有限公司,宁波市海曙区古林镇气象路827号,121.5036486,29.86235187,宁波市,海曙区,古林镇,幼儿园,330203.0,学前教育,,01010000208A110000300F34C73B605E407079A817C3DC3D40
155,176.0,263.0,4326.0,宁波市二轻工业管理局第一幼儿园,海曙区安丰街37号,121.5076847,29.86970761,宁波市,海曙区,白云街道,幼儿园,330203.0,学前教育,,01010000208A11000030C3E8E77D605E4040716528A5DE3D40
156,177.0,265.0,4347.0,义乌市福田下骆宅第二幼儿园,义乌市福田下骆宅振兴西路16号,120.1335817,29.3344969,金华市,义乌市,福田街道,幼儿园,330782.0,学前教育,,01010000208A11000020860C9A8C085E4080D1B996A1553D40
157,179.0,267.0,4374.0,宁波市海曙区莓茜伊顿幼儿园有限公司,宁波市海曙区雅戈尔大道211号,121.500346,29.82856712,宁波市,海曙区,石\街道,幼儿园,330203.0,学前教育,,01010000208A110000E07054AB05605E4070D397F91CD43D40
158,182.0,272.0,4472.0,杭州市保m塔申花实验学校,杭州市西湖区竞舟北路189号,120.0942282,30.31091959,杭州市,西湖区,三墩镇,九年一贯制学校,330106.0,中等教育,,01010000208A110000D04EA8D507065E40508E0D6D984F3E40
159,183.0,274.0,4497.0,杭州市余杭区社区学院（杭州市余杭区商贸职业高级中学）,浙江省杭州市余杭区临平街道平吴街2号,120.3096931,30.42322419,杭州市,余杭区,南苑街道,职业高中学校,330110.0,中等教育,,01010000208A110000487EDC02D2135E4010BF956B586C3E40
160,184.0,275.0,4511.0,杭州市余杭区良山学校,余杭区良渚镇良渚街道蒋家塘路28号,120.0809703,30.35345127,杭州市,余杭区,良渚街道,九年一贯制学校,330110.0,中等教育,,01010000208A1100009074289E2E055E40B07E40C87B5A3E40
161,185.0,276.0,4528.0,宁波市海曙区洞桥镇佳豪幼儿园,宁波市海曙区洞桥镇百梁村菜场路16号,121.3865631,29.76743454,宁波市,海曙区,洞桥镇,幼儿园,330203.0,学前教育,,01010000208A11000040331B73BD585E40603CFE9676C43D40
162,187.0,279.0,4554.0,义乌市北苑街道厚富幼儿园,浙江省义乌市北苑街道厚富小区36幢1号,120.059404,29.34819351,金华市,义乌市,北苑街道,幼儿园,330782.0,学前教育,,01010000208A110000E8A38246CD035E40A03EAD3523593D40
163,189.0,282.0,4588.0,宁波华茂幼儿园,宁波市鄞州区鄞县大道中段2号,121.5074164,29.82423838,宁波市,海曙区,石\街道,幼儿园,330203.0,学前教育,,01010000208A110000385B7E8279605E40D017634901D33D40
164,191.0,286.0,4642.0,义乌市廿三里李塘幼儿园,义乌市廿三里街道李塘村岩托下12号,120.1825266,29.36830747,金华市,义乌市,廿三里街,幼儿园,330782.0,学前教育,,01010000208A110000F8300984AE0B5E4040D1FE65495E3D40
165,192.0,288.0,4674.0,义乌市江东街道世纪阳光幼儿园,义乌市江东街道塔下洲A区新街7幢,120.0421677,29.2716619,金华市,义乌市,江东街道,幼儿园,330782.0,学前教育,,01010000208A110000780117E0B2025E4040F46CA28B453D40
166,193.0,290.0,4706.0,国家海洋局第二海洋研究所,浙江省杭州市西湖区保m北路36号,120.1352466,30.28207176,杭州市,西湖区,西溪街道,培养研究生的科研机构,330106.0,其他教育,,01010000208A110000B88571E1A7085E404053D8DA35483E40
167,194.0,291.0,4708.0,宁波市海曙区集士港镇爱心幼儿园,浙江省宁波市海曙区集士港镇卖面桥村菜场西60号,121.4666552,29.879393,宁波市,海曙区,集士港镇,幼儿园,330203.0,学前教育,,01010000208A11000048C09BADDD5D5E40D0BD46E61FE13D40
168,196.0,293.0,4756.0,杭州市余杭区马荣凯瑞幼儿园,杭州市余杭区仓前街道青枫墅园56幢,119.9774438,30.26176462,杭州市,余杭区,仓前街道,幼儿园,330110.0,学前教育,,01010000208A11000020343E708EFE5D40E071960103433E40
169,197.0,294.0,4779.0,宁波市海曙区高桥镇东星幼儿园,宁波市海曙区高桥镇芦港村望春路1498号,121.4777817,29.89538179,宁波市,海曙区,高桥镇,幼儿园,330203.0,学前教育,,01010000208A11000040FBDCF9935E5E40E0E4A8BD37E53D40
170,198.0,295.0,4782.0,宁波市海曙区集士港镇广德学校,浙江省海曙区集士港镇集士港万众村集士西路152号,121.425544,29.86815319,宁波市,海曙区,集士港镇,小学,330203.0,初等教育,,01010000208A110000107B0E1D3C5B5E40D0608E493FDE3D40
171,200.0,297.0,4842.0,浙江求智专修学院,浙江省杭州市文三路140号,120.1381229,30.27999922,杭州市,西湖区,西溪街道,民办的其他高等教育机构,330106.0,其他教育,,01010000208A11000008956E01D7085E40C0B07107AE473E40
172,201.0,299.0,4866.0,义乌市新丝路学校,义乌市宾王路D66号,120.066741,29.33053794,金华市,义乌市,北苑街道,小学,330782.0,初等教育,,01010000208A110000E0F5177C45045E40A0AE6E229E543D40
173,202.0,300.0,4874.0,宁波市海曙区古林镇福娃幼儿园,宁波市海曙区古林镇礼嘉桥村1号,121.5002995,29.85197687,宁波市,海曙区,古林镇,幼儿园,330203.0,学前教育,,01010000208A11000058F652E804605E4040C70A281BDA3D40
174,203.0,301.0,4881.0,义乌市城西街道于宅幼儿园,浙江省义乌市城西街道于宅村8号,120.0059411,29.30008508,金华市,义乌市,城西街道,幼儿园,330782.0,学前教育,,01010000208A11000008E9E95661005E4090BB2760D24C3D40
175,204.0,302.0,4886.0,杭州市余杭区南安幼儿园,杭州市余杭区余杭街道南安路58号,119.9362295,30.2715725,杭州市,余杭区,余杭街道,幼儿园,330110.0,学前教育,,01010000208A11000098C4F32EEBFB5D40C07793C685453E40
176,205.0,307.0,4994.0,义乌市德胜小学,义乌市后宅街道净居东路86号,120.0577718,29.37416001,金华市,义乌市,后宅街道,小学,330782.0,初等教育,,01010000208A11000030366588B2035E40C03D3DF3C85F3D40
177,207.0,316.0,5153.0,德清县逸夫小学,浙江省德清县武康街道群益街78号,119.9578219,30.53400468,湖州市,德清县,武康街道,小学,330521.0,初等教育,,01010000208A110000103420F44CFD5D4040A0CF87B4883E40
178,208.0,317.0,5178.0,义乌市北苑乖宝宝幼儿园,义乌市北苑街道春晗三区56幢,120.056663,29.335159,金华市,义乌市,北苑街道,幼儿园,330782.0,学前教育,,01010000208A11000028F9D85DA0035E40C0F5EFFACC553D40
179,209.0,319.0,5250.0,义乌市稠江杨二幼儿园,义乌市稠江街道杨二村39幢,120.033864,29.292957,金华市,义乌市,稠江街道,幼儿园,330782.0,学前教育,,01010000208A110000C020E9D32A025E406022DE3AFF4A3D40
180,210.0,320.0,5261.0,义乌市福田青苹果幼儿园,义乌市福田街道东大鲁村15栋,120.094058,29.37566,金华市,义乌市,福田街道,幼儿园,330782.0,学前教育,,01010000208A110000587BD80B05065E40506AF6402B603D40
181,211.0,321.0,5262.0,义乌市佛堂华诗丽娃幼儿园,佛堂镇双林路102号后,120.020329,29.207121,金华市,义乌市,佛堂镇,幼儿园,330782.0,学前教育,,01010000208A110000408A01124D015E409050C1E105353D40
182,212.0,322.0,5275.0,义乌市北苑街道佳爱幼儿园,浙江省金华市义乌市北苑街道望道路259号,120.046515,29.321769,金华市,义乌市,北苑街道,幼儿园,330782.0,学前教育,,01010000208A11000080F10C1AFA025E40E0DD03745F523D40
183,213.0,323.0,5311.0,杭州市十三中教育集团(总校),杭州市教工路155号,120.1302993,30.2894872,杭州市,西湖区,翠苑街道,初级中学,330106.0,中等教育,,01010000208A110000E0A7AED256085E4060CA59D51B4A3E40
184,215.0,325.0,5372.0,杭州市余杭区良渚荀梓幼儿园,余杭区良渚街道良渚路178号,120.044131,30.384654,杭州市,余杭区,良渚街道,幼儿园,330110.0,学前教育,,01010000208A110000586FD40AD3025E4090463EAF78623E40
185,221.0,338.0,5596.0,义乌市稠江萌芽幼儿园,义乌市稠江街道宏迪路25号,120.057982,29.301766,金华市,义乌市,稠江街道,幼儿园,330782.0,学前教育,,01010000208A110000707022FAB5035E40700B5D89404D3D40
186,222.0,339.0,5638.0,义乌市北苑天之骄幼儿园,浙江省金华市义乌市北苑街道春盛小区17幢,120.030221,29.323041,金华市,义乌市,北苑街道,幼儿园,330782.0,学前教育,,01010000208A110000C0A90F24EF015E406044A2D0B2523D40
187,223.0,340.0,5641.0,杭州市西湖职业高级中学,杭州市西湖区转塘杭新东路3号,120.0784606,30.16160642,杭州市,西湖区,转塘街道,职业高中学校,330106.0,中等教育,,01010000208A11000028D2B97F05055E40308BBF095F293E40
188,224.0,343.0,5701.0,义乌市福田新希望幼儿园,义乌市福田尚经罗店村东21号,120.130622,29.359943,金华市,义乌市,福田街道,幼儿园,330782.0,学前教育,,01010000208A110000D888601C5C085E40906C7539255C3D40
189,225.0,344.0,5798.0,义乌市佛堂镇启明幼儿园,佛堂镇倍磊一村西溪路27号,119.981239,29.167736,金华市,义乌市,佛堂镇,幼儿园,330782.0,学前教育,,01010000208A110000D0A3A99ECCFE5D40A05C1ABFF02A3D40
190,227.0,347.0,5873.0,义乌市佛堂镇双林幼儿园,佛堂镇双林路28号,120.017368,29.208074,金华市,义乌市,佛堂镇,幼儿园,330782.0,学前教育,,01010000208A110000D0FFAB8E1C015E40E025715644353D40
191,228.0,348.0,5900.0,义乌市大陈镇小金鱼幼儿园,浙江省义乌市大陈镇李孟宅村,120.12569,29.46169,金华市,义乌市,大陈镇,幼儿园,330782.0,学前教育,,01010000208A110000C8DB114E0B085E40E0E3DA5031763D40
192,229.0,349.0,5950.0,义乌市江东南洲幼儿园,浙江省义乌市江东街道东山头86幢,120.056539,29.263211,金华市,义乌市,江东街道,幼儿园,330782.0,学前教育,,01010000208A110000B8FCC0559E035E4090F2CCCB61433D40
193,230.0,351.0,5960.0,杭州市余杭区良渚金凤凰幼儿园,杭州市余杭区良渚街道东塘河村孟家湾99号,120.091091,30.383624,杭州市,余杭区,良渚街道,幼儿园,330110.0,学前教育,,01010000208A110000707D586FD4055E40F0F5B52E35623E40
194,231.0,352.0,5963.0,义乌市佛堂倍磊阳光幼儿园,佛堂镇倍磊四村,119.979211,29.172011,金华市,义乌市,佛堂镇,幼儿园,330782.0,学前教育,,01010000208A11000088389D64ABFE5D40608DB3E9082C3D40
195,232.0,353.0,5970.0,德清县禹越镇高桥中心小学,德清县禹越镇高桥集镇新兴街2号,120.2844627,30.55970622,湖州市,德清县,禹越镇,小学,330521.0,初等教育,,01010000208A110000B083EFA234125E4090DB2EE8488F3E40
196,233.0,356.0,6012.0,宁波海曙天一幼儿园,宁波市海曙区中山西路988弄188号,121.516329,29.884068,宁波市,海曙区,望春街道,幼儿园,330203.0,学前教育,,01010000208A110000803ECA880B615E40B070CB4752E23D40
197,234.0,357.0,6015.0,杭州市余杭区汀洲学校,杭州市余杭区星桥街道郁桥路1号,120.303099,30.425456,杭州市,余杭区,东湖街道,弱智学校,330110.0,特殊教育,,01010000208A110000D01C59F965135E4010E335AFEA6C3E40
198,235.0,358.0,6061.0,义乌市苏溪镇小机灵幼儿园,义乌市苏溪镇人民南路100号,120.122205,29.410312,金华市,义乌市,苏溪镇,幼儿园,330782.0,学前教育,,01010000208A110000189AEB34D2075E4000280D350A693D40
199,236.0,359.0,6069.0,宁波市海曙区古林镇西湖花园幼儿园,宁波市海曙区古林镇西湖花园小区27号,121.507416,29.856366,宁波市,海曙区,古林镇,幼儿园,330203.0,学前教育,,01010000208A110000E85DF58079605E4000685BCD3ADB3D40
200,237.0,360.0,6074.0,杭州市余杭区乔司三角幼儿园,余杭区乔司街道三角村蔬科后70号,120.280112,30.333241,杭州市,余杭区,乔司街道,幼儿园,330110.0,学前教育,,01010000208A110000E8CDE15AED115E40B0AF3C484F553E40
201,238.0,363.0,6125.0,宁波市海曙区东方幼儿园,宁波市海曙区三市路228弄21号,121.532838,29.858227,宁波市,海曙区,南门街道,幼儿园,330203.0,学前教育,,01010000208A11000038048E041A625E40508BC1C3B4DB3D40
202,239.0,365.0,6204.0,义乌市福田起点幼儿园,义乌市福田街道兴港小区62幢,120.085813,29.337487,金华市,义乌市,福田街道,幼儿园,330782.0,学前教育,,01010000208A1100009824CFF57D055E4040D34B8C65563D40
203,240.0,367.0,6267.0,义乌市稠江街道福颖幼儿园,义乌市稠江街道贝村路308号1栋,120.053884,29.297324,金华市,义乌市,稠江街道,幼儿园,330782.0,学前教育,,01010000208A110000C871E0D572035E40E050F86C1D4C3D40
204,241.0,369.0,6367.0,义乌市上溪镇上楼宅幼儿园,义乌市上溪镇上楼宅村,119.934606,29.261542,金华市,义乌市,上溪镇,幼儿园,330782.0,学前教育,,01010000208A1100005029AF95D0FB5D40D087A06AF4423D40
205,242.0,371.0,6414.0,义乌市稠江七色花幼儿园,义乌市稠江街道八角井村13幢1-4号,120.022073,29.28726,金华市,义乌市,稠江街道,幼儿园,330782.0,学前教育,,01010000208A110000F847DFA469015E40F07211DF89493D40
206,243.0,373.0,6442.0,义乌市稠江育苗幼儿园,义乌市稠江街道后申塘村一区13幢,120.020517,29.283907,金华市,义乌市,稠江街道,幼儿园,330782.0,学前教育,,01010000208A110000C800892650015E40001B1021AE483D40
207,244.0,375.0,6454.0,德清县绿城庆安幼儿园,德清县武康街道舞阳街688号桂花城内,119.9711772,30.53252298,湖州市,德清县,武康街道,幼儿园,330521.0,学前教育,,01010000208A110000105E8AC427FE5D40E049FE6C53883E40
208,245.0,378.0,6482.0,义乌市稠江大路金成红幼儿园,浙江省义乌市稠江街道大路金27幢,120.026788,29.285876,金华市,义乌市,稠江街道,幼儿园,330782.0,学前教育,,01010000208A11000038FB03E5B6015E4010B6662B2F493D40
209,246.0,381.0,6573.0,杭州市余杭区东方未来学校,杭州市余杭区良渚镇好运西路168号,120.080105,30.348825,杭州市,余杭区,良渚街道,九年一贯制学校,330110.0,中等教育,,01010000208A110000C0CFB87020055E40F0065F984C593E40
210,247.0,382.0,6583.0,义乌市大陈镇楂林小学,浙江省义乌市大陈镇楂林一村群幸路116号,120.136169,29.474382,金华市,义乌市,大陈镇,小学,330782.0,初等教育,,01010000208A110000A86E2EFEB6085E40A0CF471971793D40
211,248.0,386.0,6703.0,义乌市城西街道五一幼儿园,浙江省义乌市城西街道五一村工商西街51号,119.979962,29.312081,金华市,义乌市,城西街道,幼儿园,330782.0,学前教育,,01010000208A110000A85489B2B7FE5D40F0B3588AE44F3D40
212,249.0,388.0,6743.0,杭州市余杭区运河五洋幼儿园,杭州市余杭区运河五杭繁荣路57号,120.267659,30.498645,杭州市,余杭区,运河街道,幼儿园,330110.0,学前教育,,01010000208A110000B8DE365321115E406050DF32A77F3E40
213,250.0,391.0,6762.0,义乌市城西街道新苗幼儿园,浙江省义乌市城西街道上杨村41幢,119.948886,29.28792,金华市,义乌市,城西街道,幼儿园,330782.0,学前教育,,01010000208A1100007868588CBAFC5D4040DD0720B5493D40
214,253.0,397.0,6928.0,义乌市江东街道宗塘幼儿园,义乌市江东街道宗塘二区88幢,120.099868,29.298799,金华市,义乌市,江东街道,幼儿园,330782.0,学前教育,,01010000208A110000B07AC03C64065E40D0135D177E4C3D40
215,254.0,398.0,6944.0,杭州市余杭区实验小学,杭州市余杭区南苑街道广和街57号,120.301967,30.418128,杭州市,余杭区,南苑街道,小学,330110.0,初等教育,,01010000208A110000285E656D53135E40C08AC56F0A6B3E40
216,255.0,401.0,6952.0,义乌市义亭华艺幼儿园,浙江省义乌市义亭镇陈店村上低田,119.925878,29.181938,金华市,义乌市,义亭镇,幼儿园,330782.0,学前教育,,01010000208A1100008085CC9541FB5D4050E61F7D932E3D40
217,256.0,402.0,6953.0,义乌市城西万商华府幼儿园,浙江省义乌市城西街道万商华府21栋,119.976245,29.29845,金华市,义乌市,城西街道,幼儿园,330782.0,学前教育,,01010000208A11000088F84ECC7AFE5D40C07D1D38674C3D40
218,257.0,404.0,6977.0,义乌市义亭贝贝星幼儿园,浙江省义乌市义亭镇全村247号,119.981588,29.244087,金华市,义乌市,义亭镇,幼儿园,330782.0,学前教育,,01010000208A11000058897956D2FE5D40F060527C7C3E3D40
219,259.0,406.0,7039.0,义乌市义亭万嘉幼儿园,义乌市义亭镇陈家新村118-120号,119.955634,29.236824,金华市,义乌市,义亭镇,幼儿园,330782.0,学前教育,,01010000208A110000883C821B29FD5D4070E8667FA03C3D40
220,260.0,407.0,7061.0,义乌市稠城街道保联幼儿园,义乌市稠城街道春江路126号,120.072262,29.298971,金华市,义乌市,稠城街道,幼儿园,330782.0,学前教育,,01010000208A11000098AFCBF09F045E40D0730B5D894C3D40
221,261.0,408.0,7103.0,义乌市苏溪镇江北幼儿园,义乌市苏溪镇永康路221号对面,120.129635,29.41864,金华市,义乌市,苏溪镇,幼儿园,330782.0,学前教育,,01010000208A110000B05A99F04B085E4020CCB4FD2B6B3D40
222,262.0,410.0,7140.0,义乌市大陈一一幼儿园,义乌市大陈镇三村,120.090135,29.474375,金华市,义乌市,大陈镇,幼儿园,330782.0,学前教育,,01010000208A110000684E97C5C4055E40400AD7A370793D40
223,263.0,411.0,7160.0,德清县新市镇完全小学,德清县新市镇文昌路157号,120.2837632,30.62061202,湖州市,德清县,新市镇,小学,330521.0,初等教育,,01010000208A110000E80E302D29125E4090FEF16DE09E3E40
224,265.0,415.0,7223.0,杭州市余杭区苕溪幼儿园,浙江省杭州市余杭区余杭街道学和路2号,119.947727,30.26337,杭州市,余杭区,余杭街道,幼儿园,330110.0,学前教育,,01010000208A11000050A2258FA7FC5D4060BF60376C433E40
225,266.0,416.0,7240.0,义乌市稠江阳光幼儿园,义乌市稠江街道东畈村东畈路45号,120.028515,29.283398,金华市,义乌市,稠江街道,幼儿园,330782.0,学前教育,,01010000208A110000801C9430D3015E4070C075C58C483D40
226,267.0,419.0,7320.0,杭州市余杭区三之三闲湖城幼儿园,杭州市余杭区闲林街道闲林东路158号,119.986869,30.22394,杭州市,余杭区,闲林街道,幼儿园,330110.0,学前教育,,01010000208A110000E81B98DC28FF5D403044C02154393E40
227,268.0,422.0,7411.0,义乌市北苑街道万里幼儿园,浙江省金华市义乌市北苑街道留雅居委会,120.029948,29.3057,金华市,义乌市,北苑街道,幼儿园,330782.0,学前教育,,01010000208A110000282504ABEA015E402063EE5A424E3D40
228,269.0,423.0,7415.0,德清县雷甸镇第二幼儿园,浙江省湖州市德清县雷甸镇塘北村村委,120.15657,30.48214286,湖州市,德清县,雷甸镇,幼儿园,330521.0,学前教育,,01010000208A1100005849003E050A5E40B0FEEBB66D7B3E40
229,271.0,428.0,7523.0,义乌市江东启航幼儿园,浙江省义乌市江东街道东洲路121-127号,120.110226,29.311164,金华市,义乌市,江东街道,幼儿园,330782.0,学前教育,,01010000208A110000D04A5AF10D075E4050B1A371A84F3D40
230,272.0,430.0,7588.0,杭州市余杭区良渚田园幼儿园,浙江省杭州市余杭区良渚街道行宫塘新苑西区1-1号,120.09725,30.372675,杭州市,余杭区,良渚街道,幼儿园,330110.0,学前教育,,01010000208A1100005062105839065E407009F9A0675F3E40
231,273.0,431.0,7599.0,义乌市大陈镇婷婷幼儿园,义乌市大陈镇八里桥头村,120.124528,29.446394,金华市,义乌市,大陈镇,幼儿园,330782.0,学前教育,,01010000208A110000F0DB4944F8075E4070218FE046723D40
232,274.0,432.0,7633.0,宁波市海曙区启新幼托园,浙江省宁波市海曙区启文路9号,121.52841,29.855282,宁波市,海曙区,段塘街道,幼儿园,330203.0,学前教育,,01010000208A11000048382D78D1615E4080DBDAC2F3DA3D40
233,277.0,440.0,7887.0,杭州市余杭区崇贤第一幼儿园,杭州市余杭区崇贤街道众望街136号,120.167824,30.390222,杭州市,余杭区,崇贤街道,幼儿园,330110.0,学前教育,,01010000208A110000F8DEDFA0BD0A5E40002EC896E5633E40
234,278.0,441.0,7893.0,杭州市余杭区绿城育华翡翠城幼儿园,杭州市余杭区五常大道高教路口,120.013988,30.246311,杭州市,余杭区,闲林街道,幼儿园,330110.0,学前教育,,01010000208A11000058A2EC2DE5005E4020A5D93C0E3F3E40
235,279.0,446.0,7969.0,杭州市余杭区星桥天童幼儿园,杭州市余杭区星桥街道天韵路星桥天童幼儿园,120.250517,30.38585,杭州市,余杭区,星桥街道,幼儿园,330110.0,学前教育,,01010000208A110000E085747808105E406029CB10C7623E40
236,280.0,447.0,7977.0,宁波市海曙区早教中心,浙江省宁波市海曙区高塘路29弄30号,121.536827,29.884971,宁波市,海曙区,西门街道,幼儿园,330203.0,学前教育,,01010000208A1100000827A25F5B625E4090E89E758DE23D40
237,281.0,448.0,8005.0,义乌市稠江经发幼儿园,义乌市稠江街道杨三村13幢,120.037667,29.294513,金华市,义乌市,稠江街道,幼儿园,330782.0,学前教育,,01010000208A110000E048D92269025E40303F3734654B3D40
238,282.0,449.0,8009.0,杭州市余杭区江南春庭院深深幼儿园,杭州市余杭区余杭街道庭院深深住宅区柳青庭2幢,119.95712,30.24666,杭州市,余杭区,余杭街道,幼儿园,330110.0,学前教育,,01010000208A11000040963E7441FD5D40403B191C253F3E40
239,283.0,450.0,8014.0,杭州市余杭区仓前中心幼儿园,杭州市余杭区仓前街道仓兴街232号,119.990744,30.292517,杭州市,余杭区,仓前街道,幼儿园,330110.0,学前教育,,01010000208A11000050AD855968FF5D402086E464E24A3E40
240,284.0,451.0,8023.0,义乌市江东街道大元幼儿园,江东街道大元村尚书府58号,120.141018,29.297195,金华市,义乌市,江东街道,幼儿园,330203.0,学前教育,,01010000208A11000070895C7006095E40E088B5F8144C3D40
241,285.0,452.0,8029.0,义乌市稠城绣川幼儿园,义乌市稠城街道迎恩门二街金鲤坊1号,120.067595,29.305306,金华市,义乌市,稠城街道,幼儿园,330782.0,学前教育,,01010000208A110000E097FA7953045E40C045B588284E3D40
242,286.0,454.0,8107.0,义乌市稠江街道扬帆幼儿园,义乌市稠江街道龙回新村B区30幢,120.000953,29.272452,金华市,义乌市,稠江街道,幼儿园,330782.0,学前教育,,01010000208A11000050F52B9D0F005E40D0BA0D6ABF453D40
243,288.0,456.0,8154.0,义乌市苏溪镇盼盼幼儿园,义乌市苏溪镇邢宅村,120.109851,29.438376,金华市,义乌市,苏溪镇,幼儿园,330782.0,学前教育,,01010000208A110000B81B7DCC07075E40F059D76839703D40
244,289.0,457.0,8160.0,义乌市北苑街道希望幼儿园,浙江省金华市义乌市北苑街道幸福居委会,120.047672,29.306926,金华市,义乌市,北苑街道,幼儿园,330782.0,学前教育,,01010000208A110000D83BDC0E0D035E40C04ACCB3924E3D40
245,292.0,460.0,8207.0,义乌市赤岸镇山盘幼儿园,义乌市赤岸镇山盘村,120.014289,29.112534,金华市,义乌市,赤岸镇,幼儿园,330782.0,学前教育,,01010000208A11000050EC681CEA005E4020B03907CF1C3D40
246,293.0,461.0,8253.0,义乌市城西街道东河幼儿园,浙江省义乌市城西街道东河工商街110号,119.988749,29.310408,金华市,义乌市,城西街道,幼儿园,330782.0,学前教育,,01010000208A110000F8BCE2A947FF5D40B06A10E6764F3D40
247,294.0,463.0,8285.0,德清县高级中学,浙江省德清县武康镇群益街410号,119.9678518,30.53310444,湖州市,德清县,武康街道,高级中学,330521.0,中等教育,,01010000208A110000F886D048F1FD5D4080725B8879883E40
248,295.0,464.0,8290.0,义乌市赤岸镇烈兰幼儿园,义乌市赤岸镇南青口村,120.049619,29.166532,金华市,义乌市,赤岸镇,幼儿园,330782.0,学前教育,,01010000208A110000A8902BF52C035E40D0BC55D7A12A3D40
249,296.0,469.0,8397.0,杭州市余杭区良渚未来星幼儿园,杭州市余杭区良渚街道通运街418号,120.094734,30.345569,杭州市,余杭区,良渚街道,幼儿园,330110.0,学前教育,,01010000208A11000070F4311F10065E40F082C13577583E40
250,297.0,472.0,8422.0,浙江工商职业技术学院,宁波市机场路1988号,121.5020227,29.86800527,宁波市,海曙区,古林镇,专科院校：高等职业学校,330203.0,高等学校,,01010000208A110000E04ACD2321605E40E0FEEF9735DE3D40
251,298.0,473.0,8431.0,义乌市稠江街道海洋幼儿园,义乌市稠江街道新屋村三街1、3号,120.028097,29.273543,金华市,义乌市,稠江街道,幼儿园,330782.0,学前教育,,01010000208A11000068075C57CC015E40C00CFFE906463D40
252,299.0,475.0,8526.0,义乌市江东街道七彩山口幼儿园,义乌市江东街道山口新村82幢,120.109604,29.295763,金华市,义乌市,江东街道,幼儿园,330782.0,学前教育,,01010000208A110000B0E07EC003075E40F05DBC1FB74B3D40
253,301.0,478.0,8560.0,杭州市余杭区橄榄树绿野幼儿园,杭州市余杭区闲林街道里东路绿野春天东区,119.997343,30.210621,杭州市,余杭区,闲林街道,幼儿园,330110.0,学前教育,,01010000208A11000040F9BB77D4FF5D40D0D90242EB353E40
254,302.0,479.0,8610.0,浙江省义乌中学,浙江省义乌市南门街888号,120.077434,29.268404,金华市,义乌市,江东街道,高级中学,330782.0,中等教育,,01010000208A1100005066BCADF4045E40901DE21FB6443D40
255,303.0,480.0,8621.0,德清县新市镇中心小学,德清县新市镇高林路78号,120.277003,30.60530701,湖州市,德清县,新市镇,小学,330521.0,初等教育,,01010000208A110000A89CE96ABA115E40D01A6766F59A3E40
256,304.0,482.0,8648.0,杭州市余杭区良山鑫鑫幼儿园,杭州市余杭区良山鑫鑫幼儿园,120.076956,30.365256,杭州市,余杭区,良渚街道,幼儿园,330110.0,学前教育,,01010000208A110000C8CEDBD8EC045E40F0AACE6A815D3E40
257,306.0,484.0,8701.0,杭州市余杭高级中学,杭州市余杭区临平街道振兴西路18号,120.289,30.436302,杭州市,余杭区,临平街道,高级中学,330110.0,中等教育,,01010000208A110000D022DBF97E125E40F02DE57CB16F3E40
258,308.0,488.0,8779.0,义乌市北苑街道启智幼儿园,浙江省金华市义乌市北苑街道下里角塘村委会,120.062751,29.33628,金华市,义乌市,北苑街道,幼儿园,330782.0,学前教育,,01010000208A110000A832C51C04045E40804C327216563D40
259,309.0,490.0,8828.0,义乌市苏溪糖糖宝贝幼儿园,义乌市苏溪镇王界村45幢,120.13827,29.403179,金华市,义乌市,苏溪镇,幼儿园,330782.0,学前教育,,01010000208A11000028016A6AD9085E40206F2BBD36673D40
260,310.0,491.0,8858.0,义乌市北苑街道季宅幼儿园,义乌市北苑街道季宅村,120.028875,29.307146,金华市,义乌市,北苑街道,幼儿园,330782.0,学前教育,,01010000208A110000002B8716D9015E40E018C91EA14E3D40
261,312.0,493.0,8913.0,义乌市稠江巧巧幼儿园,义乌市稠江街道童店一区47幢1-2单元,120.049056,29.288478,金华市,义乌市,稠江街道,幼儿园,330782.0,学前教育,,01010000208A11000008EBC6BB23035E40909DB7B1D9493D40
262,313.0,495.0,8999.0,杭州市余杭区鸬鸟镇中心幼儿园,杭州市余杭区鸬鸟镇雅城村236号,119.754775,30.455212,杭州市,余杭区,鸬鸟镇,幼儿园,330110.0,学前教育,,01010000208A110000A835CD3B4EF05D4030BF0CC688743E40
263,314.0,496.0,9002.0,德清县禹越镇初级中学,浙江省湖州市德清县禹越镇育英路66号,120.2607847,30.52076807,湖州市,德清县,禹越镇,初级中学,330521.0,中等教育,,01010000208A11000060A343B2B0105E400056720E51853E40
264,315.0,497.0,9007.0,杭州市余杭区星华幼托园,杭州市余杭区良渚莫干山路2164号,120.051898,30.375758,杭州市,余杭区,良渚街道,幼儿园,330110.0,学前教育,,01010000208A110000982EFD4B52035E40E03521AD31603E40
265,316.0,498.0,9078.0,义乌市北苑柳青幼儿园,浙江省义乌市北苑街道柳二村村委会,120.041669,29.347154,金华市,义乌市,北苑街道,幼儿园,330782.0,学前教育,,01010000208A110000701074B4AA025E40F0ACA415DF583D40
266,317.0,499.0,9100.0,宁波市海曙区高桥镇晴园幼儿园,宁波市海曙区高桥镇宋晴路63号,121.491677,29.880667,宁波市,海曙区,高桥镇,幼儿园,330203.0,学前教育,,01010000208A11000080CCCEA2775F5E40A0AA7B6473E13D40
267,318.0,500.0,9144.0,杭州市之江外语实验学校,杭州市西湖区文一西路102号,120.1007735,30.29261419,杭州市,西湖区,文新街道,小学,330106.0,初等教育,,01010000208A11000000B8771273065E40C0826BC3E84A3E40
268,319.0,501.0,9153.0,义乌市江东街道小太阳幼儿园,义乌市江东九联村综合楼二楼,120.053819,29.272368,金华市,义乌市,江东街道,幼儿园,330782.0,学前教育,,01010000208A110000D0393FC571035E40107AC4E8B9453D40
269,320.0,502.0,9164.0,义乌市稠江街道凤凰幼儿园,义乌市稠江街道香山路凤凰山小区,120.06031,29.29617,金华市,义乌市,稠江街道,幼儿园,330782.0,学前教育,,01010000208A110000C867791EDC035E40700E10CCD14B3D40
270,322.0,505.0,9281.0,义乌市北苑春晗幼儿园,义乌市北苑街道春晗二区87幢,120.066109,29.335647,金华市,义乌市,北苑街道,幼儿园,330782.0,学前教育,,01010000208A110000283E3E213B045E40200038F6EC553D40
271,323.0,507.0,9334.0,义乌市大陈镇楂林幼儿园,义乌市大陈镇楂林市场东路1号,120.142407,29.473958,金华市,义乌市,大陈镇,幼儿园,330782.0,学前教育,,01010000208A11000030EE3F321D095E4070ADBD4F55793D40
272,324.0,509.0,9365.0,义乌市苏溪镇百合幼儿园,义乌市苏溪镇西山下村,120.161783,29.392788,金华市,义乌市,苏溪镇,幼儿园,330782.0,学前教育,,01010000208A110000208315A75A0A5E40E0421EC18D643D40
273,325.0,510.0,9390.0,义乌市稠江街道稠关幼儿园,义乌市稠江街道稠关一区19幢3-5号,120.051132,29.303396,金华市,义乌市,稠江街道,幼儿园,330782.0,学前教育,,01010000208A110000E0F126BF45035E40C0BC395CAB4D3D40
274,326.0,511.0,9392.0,义乌市福田博哈金宝宝幼儿园,义乌市福田街道福田三区51栋,120.09578,29.339966,金华市,义乌市,福田街道,幼儿园,330782.0,学前教育,,01010000208A11000018E76F4221065E4080C0030308573D40
275,328.0,514.0,9456.0,义乌市北苑街道快乐宝贝幼儿园,义乌市北苑街道何麻车二区57-58幢,120.047473,29.340008,金华市,义乌市,北苑街道,幼儿园,330782.0,学前教育,,01010000208A110000589C31CC09035E40E060A8C30A573D40
276,329.0,515.0,9474.0,义乌市北苑街道凌云幼儿园,义乌市北苑街道凌云三区77―78幢,120.047109,29.356467,金华市,义乌市,北苑街道,幼儿园,330782.0,学前教育,,01010000208A110000389677D503035E40701ADB6B415B3D40
277,330.0,516.0,9477.0,杭州市余杭区巴巴幼儿园,杭州市余杭区文一西路1218号恒生科技园29号楼,120.000346,30.281035,杭州市,余杭区,仓前街道,幼儿园,330110.0,学前教育,,01010000208A110000D0AB3AAB05005E400008E6E8F1473E40
278,331.0,517.0,9501.0,宁波市海曙区集士港镇金色童年幼儿园,宁波市海曙区集士港镇广盛路598号,121.438923,29.85744,宁波市,海曙区,集士港镇,幼儿园,330203.0,学前教育,,01010000208A110000989D7E50175C5E404048163081DB3D40
279,332.0,519.0,9508.0,杭州市余杭区金都夏宫艺术幼儿园,浙江省杭州市余杭区临平北沙西路156号,120.262876,30.430273,杭州市,余杭区,临平街道,幼儿园,330110.0,学前教育,,01010000208A110000D0B9DBF5D2105E40105A0F5F266E3E40
280,333.0,521.0,9532.0,义乌市稠江小青青幼儿园,义乌市稠江街道柯村华夏路1号,119.994215,29.265116,金华市,义乌市,稠江街道,幼儿园,330782.0,学前教育,,01010000208A110000588CF337A1FF5D4070A565A4DE433D40
281,334.0,523.0,9543.0,杭州市长桥小学,浙江省杭州市西湖区西湖街道净寺社区,120.14856,30.231371,杭州市,西湖区,西湖街道,小学,330106.0,初等教育,,01010000208A110000985FCD0182095E40303E3E213B3B3E40
282,335.0,524.0,9568.0,义乌市佛堂镇育红幼儿园,佛堂镇剡溪村68号,120.043847,29.182305,金华市,义乌市,佛堂镇,幼儿园,330782.0,学前教育,,01010000208A110000C8C1A563CE025E40B0E55C8AAB2E3D40
283,336.0,526.0,9616.0,义乌市江东街道育深幼儿园,浙江省义乌市江东九联黄古头19栋,120.050724,29.27004,金华市,义乌市,江东街道,幼儿园,330782.0,学前教育,,01010000208A110000D047E00F3F035E40A09C685721453D40
284,337.0,528.0,9684.0,义乌市江东街道东方之珠幼儿园,江东街道龚大塘一区41栋,120.077675,29.294543,金华市,义乌市,江东街道,幼儿园,,学前教育,,01010000208A110000E02D90A0F8045E400044882B674B3D40
285,338.0,530.0,9747.0,杭州市余杭区南湖幼儿园,浙江省杭州市余杭区余杭区街道城南路651号,119.933372,30.259459,杭州市,余杭区,余杭街道,幼儿园,330110.0,学前教育,,01010000208A11000020C0E95DBCFB5D4020A7AFE76B423E40
286,339.0,532.0,9788.0,杭州市余杭区东湖世纪星幼儿园,经济开发区港园路5号,120.297363,30.445643,杭州市,余杭区,东湖街道,幼儿园,330110.0,学前教育,,01010000208A1100009802D2FE07135E4000B1DEA815723E40
287,340.0,535.0,9810.0,义乌市大陈镇大陈小学,浙江省金华市义乌市大陈镇大陈二村委会,120.094149,29.468368,金华市,义乌市,大陈镇,小学,330782.0,初等教育,,01010000208A110000E0FC868906065E40307E1AF7E6773D40
288,341.0,536.0,9819.0,杭州市余杭区瓶窑镇彭公中心小学,杭州市余杭区瓶窑镇彭公中心小学,119.899484,30.41849,杭州市,余杭区,瓶窑镇,小学,330110.0,初等教育,,01010000208A110000A0D1562591F95D4000B41F29226B3E40
289,342.0,537.0,9826.0,杭州市余杭区良渚良运幼儿园,杭州市余杭区良运街270号,120.105125,30.355906,杭州市,余杭区,良渚街道,幼儿园,330110.0,学前教育,,01010000208A110000803F355EBA065E404073D6A71C5B3E40
290,344.0,541.0,9930.0,杭州市余杭区良渚文化村英联幼儿园,浙江省杭州市余杭区良渚街道白鹭郡南55幢,120.04213,30.373473,杭州市,余杭区,良渚街道,幼儿园,330110.0,学前教育,,01010000208A110000900B0742B2025E4060F030ED9B5F3E40
291,347.0,545.0,10078.0,杭州市余杭区五常中心小学,杭州市余杭区五常街道荆长路38号,120.035612,30.269201,杭州市,余杭区,五常街道,小学,330110.0,初等教育,,01010000208A11000018D68D7747025E40F00C535BEA443E40
292,348.0,546.0,10089.0,义乌市福田下西陶幼儿园,义乌市福田下西陶村,120.118707,29.375269,金华市,义乌市,福田街道,幼儿园,330782.0,学前教育,,01010000208A11000098B33EE598075E40E03312A111603D40
293,349.0,549.0,10126.0,杭州市余杭区黄湖镇中学,余杭区黄湖镇兴黄路1号,119.805393,30.446892,杭州市,余杭区,黄湖镇,初级中学,330110.0,中等教育,,01010000208A11000058DB148F8BF35D4010D89C8367723E40
294,350.0,553.0,10179.0,杭州市西湖区三坝幼儿园,杭州市西湖区金地自在城乐活湾1幢,120.0948,30.303495,杭州市,西湖区,三墩镇,幼儿园,330106.0,学前教育,,01010000208A11000048EA043411065E40E07F2BD9B14D3E40
295,351.0,554.0,10226.0,义乌市佛堂镇星光幼儿园,佛堂镇三角潭6号,120.0152778,29.20333333,金华市,义乌市,佛堂镇,幼儿园,330782.0,学前教育,,01010000208A1100008824A44FFA005E40F06B3FA70D343D40
296,352.0,557.0,10240.0,义乌市义亭荷店塘幼儿园,义乌市义亭镇矿机一路4号5-10地块,119.971733,29.247336,金华市,义乌市,义亭镇,幼儿园,330782.0,学前教育,,01010000208A11000068DC9BDF30FE5D40A01F7F69513F3D40
297,354.0,560.0,10290.0,杭州市余杭区艺嘉幼儿园,浙江省杭州市余杭区运河街道运河丽园2-1,120.291705,30.47925,杭州市,余杭区,运河街道,幼儿园,330110.0,学前教育,,01010000208A11000018C5724BAB125E40A09BC420B07A3E40
298,355.0,562.0,10327.0,杭州市余杭区良渚通运幼儿园,杭州市余杭区通运街360号,120.114736,30.346401,杭州市,余杭区,良渚街道,幼儿园,330110.0,学前教育,,01010000208A11000020EBA9D557075E40404D66BCAD583E40
299,356.0,563.0,10355.0,义乌市福田诚信幼儿园,义乌市草塘沿诚信一区71幢5-7号,120.109921,29.353446,金华市,义乌市,福田街道,幼儿园,330782.0,学前教育,,01010000208A110000300917F208075E40F0E6E26F7B5A3D40
300,357.0,564.0,10387.0,义乌市江东蓝蓝幼儿园,浙江省义乌市江东街道候儿村32栋,120.14075,29.308412,金华市,义乌市,江东街道,幼儿园,330782.0,学前教育,,01010000208A11000060BA490C02095E40A0B1BD16F44E3D40
301,358.0,565.0,10392.0,杭州市余杭区良渚文化村玉鸟幼儿园,杭州市余杭区良渚街道良渚文化村玉鸟流苏,120.022277,30.370496,杭州市,余杭区,良渚街道,幼儿园,330110.0,学前教育,,01010000208A110000009D82FC6C015E40804C6BD3D85E3E40
302,359.0,567.0,10506.0,义乌市稠江永祥幼儿园,义乌市凤栖街A58号,120.052591,29.28703,金华市,义乌市,稠江街道,幼儿园,330782.0,学前教育,,01010000208A1100001844A4A65D035E4090F84ECC7A493D40
303,360.0,570.0,10568.0,杭州市余杭区良渚云华幼儿园,余杭区良渚街道玉琮路114号,120.04809,30.380373,杭州市,余杭区,良渚街道,幼儿园,330110.0,学前教育,,01010000208A110000F05014E813035E401048FB1F60613E40
304,361.0,571.0,10571.0,义乌市佛堂镇田心一村幼儿园,佛堂镇田心一村,120.016998,29.181254,金华市,义乌市,佛堂镇,幼儿园,330782.0,学前教育,,01010000208A1100003886C77E16015E40F04482A9662E3D40
305,362.0,572.0,10616.0,杭州市余杭区绿城育华亲亲幼儿园,杭州市余杭区良渚街道金家渡亲亲家园社区,120.086355,30.337335,杭州市,余杭区,良渚街道,幼儿园,330110.0,学前教育,,01010000208A11000028361FD786055E40D0CB28965B563E40
306,363.0,573.0,10619.0,宁波市爱菊艺术学校,宁波市西巷66号,121.527277,29.881441,宁波市,海曙区,西门街道,小学,330203.0,初等教育,,01010000208A110000B8BB07E8BE615E40805A0C1EA6E13D40
307,364.0,574.0,10703.0,义乌市稠江街道行知幼儿园,义乌市稠江街道大水畈新村20幢2单元,120.041363,29.302973,金华市,义乌市,稠江街道,幼儿园,330782.0,学前教育,,01010000208A110000F010FFB0A5025E40309276A38F4D3D40
308,365.0,576.0,10810.0,杭州市西湖区文鼎苑幼儿园,杭州市西湖区古墩路635号,120.091911,30.29990749,杭州市,西湖区,三墩镇,幼儿园,330106.0,学前教育,,01010000208A1100008090A9DEE1055E402060BDBCC64C3E40
309,366.0,577.0,10849.0,义乌市稠江飞翔幼儿园,义乌市稠江街道下金村号,120.003539,29.248019,金华市,义乌市,稠江街道,幼儿园,330782.0,学前教育,,01010000208A110000B050A4FB39005E4060C9552C7E3F3D40
310,367.0,578.0,10851.0,杭州市余杭区康乔岸上蓝山幼儿园,杭州市余杭区闲林街道岸上蓝山星河苑23幢,120.003619,30.235909,杭州市,余杭区,闲林街道,幼儿园,330110.0,学前教育,,01010000208A11000038A92F4B3B005E4000D53F88643C3E40
311,368.0,579.0,10865.0,杭州市江干区三卫幼儿园,杭州市江干区九堡街道三卫社区过渡房四号楼边,120.270803,30.339217,杭州市,余杭区,乔司街道,幼儿园,330104.0,学前教育,,01010000208A110000282A1BD654115E40503FE1ECD6563E40
312,369.0,580.0,10924.0,杭州市余杭区东湖街道中心幼儿园,余杭区临平振兴东路151号,120.319508,30.437139,杭州市,余杭区,东湖街道,幼儿园,330110.0,学前教育,,01010000208A110000E0B3AED172145E4060CE6C57E86F3E40
313,370.0,583.0,10958.0,义乌市义亭镇王阡二村幼儿园,义乌市义亭镇王阡二村56号,119.942524,29.233753,金华市,义乌市,义亭镇,幼儿园,330782.0,学前教育,,01010000208A11000080EC2E5052FC5D408057923CD73B3D40
314,371.0,585.0,10965.0,杭州市余杭区吉的堡西溪山庄幼儿园,杭州市余杭区余杭街道沈家店社区桃源小镇内,119.958365,30.235823,杭州市,余杭区,余杭街道,幼儿园,330110.0,学前教育,,01010000208A110000602827DA55FD5D4000A568E55E3C3E40
315,372.0,587.0,11007.0,杭州市余杭区塘栖镇宏畔中心小学,杭州市余杭区塘栖镇莫家桥村南斗湾62号,120.157471,30.444215,杭州市,余杭区,塘栖镇,小学,330110.0,初等教育,,01010000208A11000060C43E01140A5E4080640113B8713E40
316,373.0,588.0,11015.0,义乌市稠江家家幼儿园,义乌市稠江街道城店南路723号,120.03624,29.281397,金华市,义乌市,稠江街道,幼儿园,330782.0,学前教育,,01010000208A110000A8B393C151025E40503140A209483D40
317,374.0,589.0,11016.0,义乌市北苑街道稠山幼儿园,浙江省义乌市北苑街道稠山一区103幢,120.054383,29.340532,金华市,义乌市,北苑街道,幼儿园,330782.0,学前教育,,01010000208A110000589DD5027B035E40D03DEB1A2D573D40
318,375.0,590.0,11031.0,义乌市北苑阳光幼儿园,浙江省金华市义乌市北苑街道黄杨梅一区120幢,120.046679,29.311881,金华市,义乌市,北苑街道,幼儿园,330782.0,学前教育,,01010000208A110000409AEAC9FC025E40703EE76ED74F3D40
319,376.0,595.0,11107.0,义乌市稠城街道大风车幼儿园,义乌市篁园新村12幢1号,120.076087,29.299185,金华市,义乌市,稠城街道,幼儿园,330782.0,学前教育,,01010000208A110000A829029CDE045E4030745E63974C3D40
320,377.0,599.0,11225.0,杭州市余杭区江南春竹海水韵幼儿园,浙江省杭州市余杭区闲林街道竹海水韵春风里3幢,119.978192,30.239439,杭州市,余杭区,闲林街道,幼儿园,330110.0,学前教育,,01010000208A110000604D9EB29AFE5D401063D2DF4B3D3E40
321,379.0,601.0,11228.0,义乌市江东街道青青银河幼儿园,浙江省义乌市江东街道银河湾小区,120.047345,29.273785,金华市,义乌市,江东街道,幼儿园,330782.0,学前教育,,01010000208A11000040A852B307035E40A02215C616463D40
322,380.0,602.0,11267.0,义乌市佛堂镇塘下洋幼儿园,佛堂镇塘下洋村,120.00924,29.173823,金华市,义乌市,佛堂镇,幼儿园,330782.0,学前教育,,01010000208A11000028745E6397005E40F04A04AA7F2C3D40
323,381.0,603.0,11292.0,义乌市苏溪齐山楼幼儿园,义乌市苏溪镇齐山楼新村11栋1-3号,120.138245,29.419354,金华市,义乌市,苏溪镇,幼儿园,330782.0,学前教育,,01010000208A11000078758E01D9085E406072A3C85A6B3D40
324,382.0,604.0,11306.0,义乌市稠江锦都幼儿园,义乌市稠江街道锦都社区锦都豪苑小区,120.059334,29.290398,金华市,义乌市,稠江街道,幼儿园,330782.0,学前教育,,01010000208A110000A062D520CC035E40E0D2F885574A3D40
325,383.0,609.0,11449.0,杭州市和苑幼儿园,杭州市西湖区竞舟北路118号,120.09682,30.305268,杭州市,西湖区,三墩镇,幼儿园,330106.0,学前教育,,01010000208A1100005066834C32065E40F0832C0B264E3E40
326,384.0,611.0,11545.0,德清金都诺亚舟幼儿园,武康志远南路368号（金都阳光田园内）,119.9483742,30.54234236,湖州市,德清县,武康街道,幼儿园,330521.0,学前教育,,01010000208A110000383AC029B2FC5D4000BBEFF2D68A3E40
327,385.0,617.0,11714.0,义乌市赤岸伊甸幼儿园,义乌市赤岸镇雅治街村,120.079837,29.162323,金华市,义乌市,赤岸镇,幼儿园,330782.0,学前教育,,01010000208A110000B000A60C1C055E40806308008E293D40
328,386.0,618.0,11776.0,义乌市江东晨润幼儿园,浙江省义乌市江东街道黎明湖路327号,120.06259,29.270647,金华市,义乌市,江东街道,幼儿园,330782.0,学前教育,,01010000208A110000A0C37C7901045E40B0C22D1F49453D40
329,387.0,620.0,11818.0,杭州市余杭区小博士艺术幼儿园,杭州市余杭区南苑街道人民大道357号,120.291493,30.410397,杭州市,余杭区,南苑街道,幼儿园,330110.0,学前教育,,01010000208A110000D08041D2A7125E4060601DC70F693E40
330,388.0,622.0,11852.0,义乌市北苑街道启龙幼儿园,浙江省金华市义乌市北苑街道工业区兴工路11号,120.048546,29.309635,金华市,义乌市,北苑街道,幼儿园,330782.0,学前教育,,01010000208A1100008096AE601B035E4070B2463D444F3D40
331,389.0,625.0,11876.0,义乌市义亭镇白塘幼儿班,义乌市义亭镇白塘村35号一楼,119.972768,29.227895,金华市,义乌市,义亭镇,幼儿园,330782.0,学前教育,,01010000208A11000018A6B6D441FE5D4000ECA353573A3D40
332,391.0,627.0,11901.0,义乌市江东双双幼儿园,义乌市江东青口新光南路23号,120.129431,29.312355,金华市,义乌市,江东街道,幼儿园,330782.0,学前教育,,01010000208A110000A805F69848085E4000BE4D7FF64F3D40
333,392.0,629.0,11913.0,义乌市稠城街道育优幼儿园,孝子祠22幢5号,120.079445,29.317827,金华市,义乌市,稠城街道,幼儿园,330782.0,学前教育,,01010000208A11000028357BA015055E4030C93A1C5D513D40
334,393.0,630.0,11923.0,杭州市余杭区吉的堡连城幼儿园,杭州市余杭区乔司街道连城社区,120.284367,30.33982,杭州市,余杭区,乔司街道,幼儿园,330110.0,学前教育,,01010000208A110000F043A51133125E40D0868A71FE563E40
335,394.0,632.0,11937.0,义乌市福田新丝路幼儿园,义乌市福田街道楼西塘村委会,120.121915,29.337299,金华市,义乌市,福田街道,幼儿园,330782.0,学前教育,,01010000208A11000010799274CD075E4030F92D3A59563D40
336,396.0,634.0,11958.0,杭州市余杭区临平第二幼儿园,杭州市余杭区临平街道九曲营路247号,120.30672,30.429221,杭州市,余杭区,东湖街道,幼儿园,330110.0,学前教育,,01010000208A110000E041EC4CA1135E40A0C16D6DE16D3E40
337,397.0,636.0,12011.0,德清县雷甸镇第一幼儿园,浙江省湖州市德清县雷甸镇东港欣苑42幢,120.1331037,30.52307636,湖州市,德清县,雷甸镇,幼儿园,330521.0,学前教育,,01010000208A11000000EA65C584085E4050FC2855E8853E40
338,398.0,638.0,12032.0,义乌市城西新光幼儿园,浙江省义乌市城西街道流下二区36幢,119.957083,29.296921,金华市,义乌市,城西街道,幼儿园,330782.0,学前教育,,01010000208A110000B0230ED940FD5D40E07EC003034C3D40
339,399.0,639.0,12046.0,德清县华盛达外语学校,浙江省德清县武康街道舞阳街1199号,119.9691818,30.53520443,湖州市,德清县,武康街道,九年一贯制学校,330521.0,中等教育,,01010000208A110000A844301307FE5D403058422803893E40
340,400.0,640.0,12051.0,义乌市北苑街道未来幼儿园,浙江省金华市义乌市北苑街道复兴社区居委会,120.051041,29.308755,金华市,义乌市,北苑街道,幼儿园,330782.0,学前教育,,01010000208A1100005870784144035E40007A53910A4F3D40
341,401.0,641.0,12075.0,义乌市赤岸镇赤岸初级中学,浙江省金华市义乌市赤岸镇赤岸四村委会,120.0310162,29.14825305,金华市,义乌市,赤岸镇,初级中学,330782.0,中等教育,,01010000208A110000E8A2742BFC015E40507682E9F3253D40
342,402.0,644.0,12125.0,义乌市稠江街道杨村幼儿园,义乌市 稠江街道杨村五区26栋,120.037184,29.296219,金华市,义乌市,稠江街道,幼儿园,330782.0,学前教育,,01010000208A110000D0FBFF3861025E4030742502D54B3D40
343,404.0,646.0,12168.0,杭州市余杭区良渚运河智星幼儿园,杭州市余杭区良渚新城运河村王家湾46号,120.122104,30.362175,杭州市,余杭区,良渚街道,幼儿园,330110.0,学前教育,,01010000208A11000080AD4B8DD0075E40C06D3480B75C3E40
344,407.0,650.0,12248.0,杭州市余杭区双溪中心幼儿园,杭州市余杭区径山镇双溪羽泉路58号,119.82348,30.407065,杭州市,余杭区,径山镇,幼儿园,330110.0,学前教育,,01010000208A110000403A75E5B3F45D40A0586E6935683E40
345,409.0,655.0,12357.0,杭州市余杭区新星幼儿园,杭州市余杭区临平街道沿山路99号,120.291865,30.429087,杭州市,余杭区,临平街道,幼儿园,330110.0,学前教育,,01010000208A110000387689EAAD125E40802348A5D86D3E40
346,410.0,657.0,12369.0,义乌市江东博雅幼儿园,浙江省义乌市江东街道后园村150号,120.046234,29.246807,金华市,义乌市,江东街道,幼儿园,330782.0,学前教育,,01010000208A110000A87D737FF5025E40806C59BE2E3F3D40
347,411.0,658.0,12399.0,义乌市佛堂镇雅西幼儿园,佛堂镇雅西村一排8号,120.02557,29.178802,金华市,义乌市,佛堂镇,幼儿园,330782.0,学前教育,,01010000208A11000090705AF0A2015E40A075C6F7C52D3D40
348,413.0,661.0,12464.0,宁波市海曙区启文幼儿园,宁波市海曙区粮丰街38号,121.524303,29.854955,宁波市,海曙区,段塘街道,幼儿园,330203.0,学前教育,,01010000208A110000788C2B2E8E615E40408DB454DEDA3D40
349,414.0,664.0,12590.0,义乌市江东街道鲇溪幼儿园,浙江省义乌市江东街道鲇溪村,120.092239,29.306717,金华市,义乌市,江东街道,幼儿园,330782.0,学前教育,,01010000208A110000981A683EE7055E4090205C01854E3D40
350,415.0,665.0,12627.0,杭州西湖风景名胜区茅家埠幼儿园,杭州西湖风景名胜区茅家埠村29-1,120.118442,30.240528,杭州市,西湖区,西湖街道,幼儿园,330106.0,学前教育,,01010000208A110000401EC18D94075E40B0C5353E933D3E40
351,416.0,666.0,12709.0,义乌市稠城海关路幼儿园,义乌市城北路60号,120.081156,29.335213,金华市,义乌市,稠城街道,幼儿园,330782.0,学前教育,,01010000208A110000F077EFA831055E40B031E884D0553D40
352,417.0,667.0,12745.0,义乌市江东雪贝尔幼儿园,浙江省义乌市江东街道大湖头村76幢,120.152326,29.323459,金华市,义乌市,江东街道,幼儿园,330782.0,学前教育,,01010000208A11000028158DB5BF095E40D0988235CE523D40
353,418.0,669.0,12801.0,杭州市余杭区星桥中心幼儿园,杭州市余杭区星桥街道星源路71号,120.253242,30.396193,杭州市,余杭区,星桥街道,幼儿园,330110.0,学前教育,,01010000208A11000050FEEE1D35105E4070E789E76C653E40
354,421.0,672.0,12827.0,宁波市海曙锦华幼儿园,宁波市海曙区联丰小区民丰街5号,121.514431,29.870093,宁波市,海曙区,白云街道,幼儿园,330203.0,学前教育,,01010000208A11000018430070EC605E40807A336ABEDE3D40
355,422.0,673.0,12829.0,义乌市江东街道欣欣向荣幼儿园,浙江省义乌市江东街道青岩傅村王t路18-20号,120.085512,29.268002,金华市,义乌市,江东街道,幼儿园,330782.0,学前教育,,01010000208A11000098DA520779055E40404371C79B443D40
356,423.0,675.0,12859.0,杭州市余杭区国泰盛世嘉园幼儿园,杭州市余杭区五常街道景盛社区盛世嘉园小区内,120.021569,30.236053,杭州市,余杭区,五常街道,幼儿园,330110.0,学前教育,,01010000208A110000E066F16261015E40701F2BF86D3C3E40
357,424.0,676.0,12916.0,义乌市稠江安安幼儿园,义乌市稠江街道后申塘二区14幢,120.048074,29.304013,金华市,义乌市,稠江街道,幼儿园,330782.0,学前教育,,01010000208A1100007072F8A413035E40108FC4CBD34D3D40
358,426.0,678.0,12944.0,义乌市苏溪镇溪北小太阳幼儿园,义乌市苏溪镇溪北村6号,120.160008,29.418308,金华市,义乌市,苏溪镇,幼儿园,330782.0,学前教育,,01010000208A11000048C631923D0A5E40C0A7AB3B166B3D40
359,428.0,681.0,13028.0,杭州市余杭区仓前中学,杭州市余杭区仓前街道仓兴街348-1号,119.988642,30.292091,杭州市,余杭区,仓前街道,初级中学,330110.0,中等教育,,01010000208A110000F05C18E945FF5D40C074CC79C64A3E40
360,429.0,684.0,13045.0,杭州市省府路小学,浙江省杭州市西湖区莲花街108号,120.1023157,30.27494801,杭州市,西湖区,古荡街道,小学,330106.0,初等教育,,01010000208A11000040E61F578C065E40D0DE15FE62463E40
361,430.0,686.0,13071.0,义乌市苏溪镇红苹果幼儿园,义乌市苏溪人民北路146号,120.127795,29.421381,金华市,义乌市,苏溪镇,幼儿园,330782.0,学前教育,,01010000208A110000E86514CB2D085E40E0270EA0DF6B3D40
362,431.0,690.0,13134.0,义乌市北苑街道胜于蓝幼儿园,浙江省金华市义乌市北苑街道幸福社区居委会,120.036192,29.306148,金华市,义乌市,北苑街道,幼儿园,330782.0,学前教育,,01010000208A110000201840F850025E4060BC1FB75F4E3D40
363,432.0,691.0,13140.0,杭州市余杭区良渚荀山幼儿园,杭州市余杭区良渚街道莫干山路2859号,120.036803,30.382296,杭州市,余杭区,良渚街道,幼儿园,330110.0,学前教育,,01010000208A1100004059F8FA5A025E4040649126DE613E40
364,433.0,693.0,13164.0,义乌市稠城大塘下幼儿园,浙江省金华市义乌市稠城街道大塘下二区15栋,120.075218,29.338233,金华市,义乌市,稠城街道,幼儿园,330782.0,学前教育,,01010000208A1100008084285FD0045E40906D197096563D40
365,434.0,694.0,13181.0,义乌市儿童乐园幼稚园,义乌市江滨中路义乌乐园内,120.068378,29.294727,金华市,义乌市,稠城街道,幼儿园,330782.0,学前教育,,01010000208A11000008711E4E60045E40903F8A3A734B3D40
366,435.0,697.0,13280.0,杭州市西湖区华门托儿所,杭州市教工路316号,120.130455,30.293901,杭州市,西湖区,西溪街道,幼儿园,330106.0,学前教育,,01010000208A11000060A6ED5F59085E4000438F183D4B3E40
367,440.0,703.0,13456.0,浙江师范大学杭州幼儿师范学院附属幼儿园,杭州市文二路125号,120.1348302,30.28510548,杭州市,西湖区,西溪街道,幼儿园,330106.0,学前教育,,01010000208A110000F8D3030FA1085E40B08238ACFC483E40
368,442.0,705.0,13485.0,中国人民解放军第一一七医院幼儿园,杭州市灵隐路14号,120.1110956,30.24845979,杭州市,西湖区,灵隐街道,幼儿园,330106.0,学前教育,,01010000208A110000C87E82301C075E40D06B900F9B3F3E40
369,444.0,713.0,13621.0,德清县塔山小区幼儿园,德清县舞阳街道曲园南路塔山小区会馆一楼,119.971186,30.52554,湖州市,德清县,舞阳街道,幼儿园,330521.0,学前教育,,01010000208A110000501553E927FE5D4060BD18CA89863E40
370,447.0,721.0,13721.0,宁波工程学院,浙江省宁波市江北区风华路201号,121.5269396,29.88343727,宁波市,海曙区,西门街道,本科院校：学院,330205.0,高等学校,,01010000208A1100002081D460B9615E40B0B7E6F128E23D40
371,448.0,722.0,13722.0,浙江三联专修学院,西园九路6号,120.1205505,30.28353168,杭州市,西湖区,翠苑街道,民办的其他高等教育机构,330106.0,其他教育,,01010000208A11000048046719B7075E40E0FA3C8895483E40
372,449.0,723.0,13752.0,浙江省医学科学院,浙江省杭州市西湖区天目山路182号,120.1276333,30.27529364,杭州市,西湖区,翠苑街道,培养研究生的科研机构,330106.0,其他教育,,01010000208A1100005858DC242B085E40C098DCA479463E40
373,450.0,724.0,13785.0,杭州市西湖区百家园路幼儿园,杭州市西湖区百家园路91号,120.0542957,30.24987737,杭州市,西湖区,留下街道,幼儿园,330106.0,学前教育,,01010000208A11000030E7D69479035E4010299CF6F73F3E40
374,452.0,727.0,13831.0,中国人民解放军浙江省军区机关汪庄幼儿园,浙江省杭州市西湖风景名胜区西湖街道净寺社区南山路62号,120.1477272,30.2311732,杭州市,西湖区,西湖街道,幼儿园,330106.0,学前教育,,01010000208A11000060F8A85C74095E4030B6B52A2E3B3E40
375,454.0,731.0,13900.0,宁波市海曙区集士港镇中心初级中学,海曙区集士港万众村1号,121.424439,29.868618,宁波市,海曙区,集士港镇,初级中学,330203.0,中等教育,,01010000208A110000680932022A5B5E4090B7CEBF5DDE3D40
376,455.0,734.0,13958.0,杭州师范大学,浙江省杭州市余杭塘路2318号,120.006387,30.292171,杭州市,余杭区,五常街道,本科院校：大学,330110.0,高等学校,,01010000208A110000A80705A568005E40F0D6F9B7CB4A3E40
377,456.0,735.0,13966.0,中共浙江省委党校,杭州市文一西路1000号,120.0092604,30.28144176,杭州市,余杭区,五常街道,培养研究生的科研机构,330110.0,其他教育,,01010000208A1100004086F9B897005E40C0ED32910C483E40
378,457.0,742.0,14059.0,浙江工业大学之江学院,浙江省绍兴市柯桥区越州大道958号,120.0732934,30.17050154,杭州市,西湖区,转塘街道,本科院校：独立学院,330603.0,高等学校,,01010000208A110000F0F3F7D6B0045E40B0372AFDA52B3E40
379,459.0,745.0,14086.0,宁波财经学院,浙江省宁波市海曙区学院路899号（本部校区）,121.4769124,29.89080068,宁波市,海曙区,高桥镇,本科院校：学院,330203.0,高等学校,,01010000208A11000088506BBB855E5E40C0DA6B830BE43D40
380,460.0,747.0,14094.0,中国人民解放军73021部队星星艺术幼儿园,杭州市西溪路954号,120.0608093,30.2512082,杭州市,西湖区,留下街道,幼儿园,330106.0,学前教育,,01010000208A110000D8A5DB4CE4035E40B07C3B2E4F403E40
381,461.0,752.0,14178.0,杭州市西湖区名苑学前教育集团（总园）,西湖区益乐路嘉绿名苑小区内,120.1079873,30.28250233,杭州市,西湖区,古荡街道,幼儿园,330106.0,学前教育,,01010000208A110000C0BB8543E9065E40D0649C1252483E40
382,462.0,754.0,14215.0,杭州市临平职业高级中学(杭州市余杭区技工学校）,浙江省杭州市余杭区南苑街道政法街139号,120.308071,30.41419,杭州市,余杭区,南苑街道,职业高中学校,330110.0,中等教育,,01010000208A11000028766D6FB7135E409054185B086A3E40
383,463.0,755.0,14220.0,义乌市北苑街道复兴幼儿园,浙江省金华市义乌市北苑街道复兴一区36幢,120.0522056,29.3145008,金华市,义乌市,北苑街道,幼儿园,330782.0,学前教育,,01010000208A110000E01D535657035E40E090DA1F83503D40
384,465.0,758.0,14285.0,义乌市北苑美洋洋幼儿园,浙江省金华市义乌市北苑街道青莲二区53幢,120.0625641,29.34466303,金华市,义乌市,北苑街道,幼儿园,330782.0,学前教育,,01010000208A110000D8D9DA0C01045E4080FD19D63B583D40
385,466.0,759.0,14289.0,浙江音乐学院附属音乐学校,浙江省杭州市西湖区转塘街道浙音路1号,120.0488055,30.15167215,杭州市,西湖区,转塘街道,完全中学,330106.0,中等教育,,01010000208A110000D01D05A11F035E40D0F66BFCD3263E40
386,467.0,762.0,14424.0,杭州市余杭区塘栖镇塘南中心小学,浙江省杭州市余杭区塘栖镇李家桥村50号,120.210729,30.480092,杭州市,余杭区,塘栖镇,小学,330110.0,初等教育,,01010000208A11000068D47C957C0D5E4040122F4FE77A3E40
