,Unnamed: 0,Unnamed: 0.1,Unnamed: 0.1.1,objectid,name,address,point_x,point_y,dsmc,qxmc,xzmc,xxlb,xzqdm,dj,gdb_geomattr_data,shape,verify_point_x,verify_point_y,verify_address
0,3.0,3.0,6.0,105.0,杭州市余杭区大华西溪风情幼儿园,浙江省杭州市余杭区五常街道大华西溪风情小区内,120.0374973,30.27942042,杭州市,余杭区,五常街道,幼儿园,330110.0,学前教育,,01010000208A110000B815F35A66025E408042A81888473E40,120.03750187217618,30.279425240205367,"           format_address2
0  浙江省杭州市余杭区五常街道西溪风情杭州维翰学校"
1,4.0,5.0,9.0,201.0,义乌市廿三里爱的宝幼儿园,义乌市廿三里街道上社新村B17幢,120.1747317,29.33394975,金华市,义乌市,廿三里街,幼儿园,330782.0,学前教育,,01010000208A110000E8C8E5CD2E0B5E40E0C116BB7D553D40,120.17485634672221,29.333854828226897,"           format_address2
0  浙江省金华市义乌市廿三里街道武岩路爱的宝幼儿园"
2,7.0,8.0,13.0,314.0,义乌市佛堂小星星幼儿园,佛堂镇小吴溪33栋,120.016575,29.19713846,金华市,义乌市,佛堂镇,幼儿园,330782.0,学前教育,,01010000208A110000A8E9A7900F015E40503082AA77323D40,120.01665207677621,29.197316150225205,"      format_address2
0  浙江省金华市义乌市佛堂镇清润路18号"
3,8.0,9.0,16.0,361.0,宁波市海曙区高桥镇童瑶幼儿园,宁波市海曙区高桥镇宋家漕村20号,121.4894923,29.87922535,宁波市,海曙区,高桥镇,幼儿园,330203.0,学前教育,,01010000208A110000F0977CD7535F5E4070109CE914E13D40,121.48959589766588,29.8792114802265,"             format_address2
0  浙江省宁波市海曙区高桥镇童瑶幼儿园(宋家漕路)晴园"
4,12.0,14.0,23.0,503.0,杭州市余杭区江南春・白云深处幼儿园,余杭街道上文山白云深处别墅区,119.9670737,30.24536868,杭州市,余杭区,余杭街道,幼儿园,,学前教育,,01010000208A110000A8BCFB88E4FD5D40905B5C7BD03E3E40,119.96707811009612,30.245373069935514,"            format_address2
0  浙江省杭州市余杭区余杭街道江南春城金成・白云深处"
5,15.0,18.0,32.0,704.0,义乌市廿三里乐哈哈幼儿园,义乌市廿三里街道后,120.1765066,29.32321032,金华市,义乌市,廿三里街,幼儿园,330782.0,学前教育,,01010000208A110000306327E24B0B5E4040B862E9BD523D40,120.17656428572643,29.322930038706147,"              format_address2
0  浙江省金华市义乌市廿三里街道武梅二街102号后乐小区"
6,19.0,23.0,39.0,836.0,宁波市海曙区古林镇藕池幼儿园,宁波市海曙区古林镇藕池新村2号,121.5056578,29.84236105,宁波市,海曙区,古林镇,幼儿园,330203.0,学前教育,,01010000208A110000F01491B25C605E40A02C49F9A4D73D40,121.50572013196282,29.84243229535418,"         format_address2
0  浙江省宁波市海曙区古林镇藕池幼儿园藕池小学"
7,21.0,26.0,45.0,920.0,义乌市后宅向日葵幼儿园,义乌市后宅街道遗安新村二区3幢,120.0699718,29.35423397,金华市,义乌市,后宅街道,幼儿园,330782.0,学前教育,,01010000208A1100003085226B7A045E4040B1CB13AF5A3D40,120.07006487255576,29.354275289862134,"           format_address2
0  浙江省金华市义乌市后宅街道向日葵幼儿园遗安2区"
8,23.0,28.0,49.0,1008.0,宁波市海曙区石\博聪幼儿园,宁波海曙区石\街道雅戈尔达到599号,121.4875603,29.81628404,宁波市,海曙区,石\街道,幼儿园,330203.0,学前教育,,01010000208A1100001825E82F345F5E4070299BFDF7D03D40,121.48770339493952,29.816289675906514,"      format_address2
0  浙江省宁波市海曙区石\街道博聪幼儿园"
9,28.0,33.0,56.0,1184.0,义乌市稠江学雅幼儿园,义乌市稠江街道杨村二区67栋,120.0327009,29.29218365,金华市,义乌市,稠江街道,幼儿园,330782.0,学前教育,,01010000208A110000A8BDABC517025E4080E1308CCC4A3D40,120.03275564916089,29.29188463763301,"           format_address2
0  浙江省金华市义乌市稠江街道佰草堂义乌11都酒店"
10,30.0,35.0,62.0,1242.0,义乌市城西殿口幼儿园,浙江省义乌市城西街道殿口村,119.9922663,29.29679342,金华市,义乌市,城西街道,幼儿园,330782.0,学前教育,,01010000208A110000A054984A81FF5D4060FA47A7FA4B3D40,119.99217224339158,29.29686063882572,"      format_address2
0  浙江省金华市义乌市城西街道殿口幼儿园"
11,31.0,36.0,63.0,1246.0,宁波市海曙区石\培星幼儿园,宁波市海曙区石\街道栎社华家207号,121.4803633,29.80778222,宁波市,海曙区,石\街道,幼儿园,330203.0,学前教育,,01010000208A110000E89ECE45BE5E5E404013D6D0CACE3D40,121.48036795880873,29.80778825225203,"            format_address2
0  浙江省宁波市海曙区石\街道栎社街116号栎社小学"
12,38.0,46.0,77.0,1440.0,宁波市海曙区石\新阳幼儿园,浙江省宁波市海曙区石\街道东杨村71号,121.4513927,29.79907322,宁波市,海曙区,石\街道,幼儿园,330203.0,学前教育,,01010000208A110000985D489EE35C5E407030141090CC3D40,121.45148402035495,29.799028499743546,"             format_address2
0  浙江省宁波市海曙区石\街道鄞州区石矸街道新阳幼儿园"
13,45.0,54.0,86.0,1635.0,浙江大学幼儿园西溪分园,杭州市西湖区天目山路148号,120.1381314,30.27681716,杭州市,西湖区,西溪街道,幼儿园,330106.0,学前教育,,01010000208A11000038C6E024D7085E4070E0447DDD463E40,120.13813315991257,30.276845899389482,"                    format_address2
0  浙江省杭州市西湖区西溪街道浙江大学西溪校区幼儿园浙江大学西溪校区"
14,49.0,58.0,90.0,1689.0,杭州之江高级中学,西湖区留和路533号,120.0060007,30.20888932,杭州市,西湖区,留下街道,高级中学,330106.0,中等教育,,01010000208A11000048ECE45062005E40B06828C579353E40,120.00600457185698,30.20890215901787,"                  format_address2
0  浙江省杭州市西湖区留下街道绿野春天杭州之江专修学院小和山校区"
15,52.0,62.0,101.0,1866.0,义乌市后宅街道西何幼儿园,义乌市后宅街道西何村,120.0486665,29.37192217,金华市,义乌市,后宅街道,幼儿园,330782.0,学前教育,,01010000208A1100002893455A1D035E4020EC874A365F3D40,120.04867410541064,29.372002945715384,"      format_address2
0  浙江省金华市义乌市后宅街道西何幼儿园"
16,61.0,72.0,115.0,2004.0,宁波市海曙区石\国骅聚星文化武术学校,浙江省宁波市海曙区石\后仓求精路1号,121.480962,29.83333561,宁波市,海曙区,石\街道,小学,330212.0,初等教育,,01010000208A110000E8C6EE14C85E5E40E0B8987B55D53D40,121.48096689746272,29.83333953273035,"              format_address2
0  浙江省宁波市海曙区石\街道求精路1号立星学校后仓校区"
17,62.0,73.0,116.0,2009.0,宁波市海曙区古林镇俞家幼儿园,宁波市海曙区古林镇俞家村南街490号,121.4369834,29.84478897,宁波市,海曙区,古林镇,幼儿园,330203.0,学前教育,,01010000208A11000008190F89F75B5E40E094FD1644D83D40,121.43700121059587,29.8447798504171,"         format_address2
0  浙江省宁波市海曙区古林镇俞家社区卫生服务站"
18,69.0,80.0,126.0,2144.0,宁波市海曙区古林镇宝韵华城幼儿园,浙江省宁波市海曙区古林镇盛世华城小区38栋,121.4987958,29.86974467,宁波市,海曙区,古林镇,幼儿园,330203.0,学前教育,,01010000208A11000078120C45EC5F5E40B0A22496A7DE3D40,121.49875412262526,29.86944645902332,"             format_address2
0  浙江省宁波市海曙区古林镇薛家南路52-1号盛世华城"
19,71.0,82.0,130.0,2193.0,宁波市海曙区集士港镇希望幼儿园,宁波市海曙区集士港镇双银村徐家20号,121.3937462,29.89236127,宁波市,海曙区,集士港镇,幼儿园,330203.0,学前教育,,01010000208A1100005016532333595E40000CD8C971E43D40,121.39358817395969,29.892421757055192,"                  format_address2
0  浙江省宁波市海曙区集士港镇希望幼儿园(双银社区卫生服务站南)"
20,72.0,83.0,131.0,2199.0,义乌市稠城康乐幼儿园,义乌市稠城街道香港城一街28号,120.0800775,29.31012611,金华市,义乌市,稠城街道,幼儿园,,学前教育,,01010000208A110000E89087FD1F055E40609CA66C644F3D40,120.08008337801907,29.310415799348164,"                     format_address2
0  浙江省金华市义乌市稠城街道香港城一街30号康乐幼儿园(香港城一街)"
21,75.0,86.0,134.0,2276.0,义乌市后宅守真幼儿园,后宅街道北站四区73幢,120.0385534,29.37125993,金华市,义乌市,后宅街道,幼儿园,330784.0,学前教育,,01010000208A110000D87488A877025E40D05E05E40A5F3D40,120.03847074726205,29.37123269780266,"            format_address2
0  浙江省金华市义乌市后宅街道守真幼儿园(何界分园)"
22,78.0,89.0,137.0,2336.0,义乌市廿三里街道东陈幼儿园,义乌市廿三里街道东陈村99号,120.159831,29.3489779,金华市,义乌市,廿三里街,幼儿园,330782.0,学前教育,,01010000208A110000306EDBAB3A0A5E406069A89D56593D40,120.15974544945388,29.348866139429337,"         format_address2
0  浙江省金华市义乌市廿三里街道花仙路293号"
23,81.0,92.0,144.0,2548.0,宁波市海曙区石\横涨幼儿园,宁波市海曙区石\街道横涨村工业区14号,121.4420221,29.79164957,宁波市,海曙区,石\街道,幼儿园,330203.0,学前教育,,01010000208A11000048E9F2164A5C5E406056D98BA9CA3D40,121.44211746052581,29.79166237791157,"           format_address2
0  浙江省宁波市海曙区石\街道026县道横涨幼儿园"
24,82.0,93.0,147.0,2624.0,义乌市北苑星空幼儿园,浙江省义乌市北苑街道莲塘村委会,120.0613237,29.34073411,金华市,义乌市,北苑街道,幼儿园,330782.0,学前教育,,01010000208A11000078734BBAEC035E40E07DBA593A573D40,120.06144861312269,29.34070513387558,"               format_address2
0  浙江省金华市义乌市北苑街道星空幼儿园(春晗路)莲塘3区"
25,88.0,103.0,160.0,2827.0,宁波市海曙区石\雅源幼儿园,宁波市海曙区石\街道雅渡村万利路8号,121.4952956,29.81873611,宁波市,海曙区,石\街道,幼儿园,330203.0,学前教育,,01010000208A110000F85456ECB25F5E40A0FAA5B098D13D40,121.49529993297931,29.818740054742516,"      format_address2
0  浙江省宁波市海曙区石\街道雅源幼儿园"
26,92.0,107.0,164.0,2967.0,义乌市欧景幼儿园,浙江省义乌市贝村路欧景名城小区内,120.0353498,29.27767849,金华市,义乌市,稠江街道,幼儿园,330782.0,学前教育,,01010000208A11000020FEC32B43025E40505A01F015473D40,120.03533854555465,29.27747984436157,"      format_address2
0  浙江省金华市义乌市稠江街道欧景幼儿园"
27,93.0,108.0,166.0,2993.0,义乌市北苑卡璐璐幼儿园,浙江省金华市义乌市北苑街道黄杨梅一区89幢,120.0429828,29.31146464,金华市,义乌市,北苑街道,幼儿园,330782.0,学前教育,,01010000208A110000F03CB63AC0025E4080C67D25BC4F3D40,120.04285362979306,29.311450739181687,"            format_address2
0  浙江省金华市义乌市北苑街道卡璐璐幼儿园黄杨梅1区"
28,101.0,118.0,178.0,3181.0,义乌市后宅街道何界幼儿园,后宅街道何界新村37幢,120.0403057,29.37074543,金华市,义乌市,后宅街道,幼儿园,330782.0,学前教育,,01010000208A11000038DE6A5E94025E40401B1C2CE95E3D40,120.04033928519901,29.370756466643424,"                format_address2
0  浙江省金华市义乌市后宅街道何界幼儿园(支路三店)北站三区"
29,105.0,122.0,182.0,3215.0,德清县乐乐幼儿园,德清县武康街道万马路177号,119.9524654,30.54149408,湖州市,德清县,武康街道,幼儿园,330521.0,学前教育,,01010000208A110000788E7931F5FC5D40E093245B9F8A3E40,119.95244462591236,30.541556471925983,"           format_address2
0  浙江省湖州市德清县武康街道乐乐幼儿园(万马路)"
30,109.0,127.0,189.0,3325.0,宁波市海曙区石\波波幼儿园,宁波市海曙区石\街道栎社车站新村128号,121.4789847,29.81062187,宁波市,海曙区,石\街道,幼儿园,330203.0,学前教育,,01010000208A110000A89590AFA75E5E4080E423EA84CF3D40,121.47897506523366,29.810610005308394,"               format_address2
0  浙江省宁波市海曙区石\街道栎社街189号石矸波波幼儿园"
31,111.0,129.0,191.0,3359.0,义乌市后宅街道遗安幼儿园,义乌市后宅街道城北路166号,120.0611191,29.35322179,金华市,义乌市,后宅街道,幼儿园,330782.0,学前教育,,01010000208A11000050EA1560E9035E40602B51BE6C5A3D40,120.06098103620268,29.353307072073427,"              format_address2
0  浙江省金华市义乌市后宅街道城北路j180号遗安幼儿园"
32,116.0,134.0,198.0,3461.0,义乌市北苑街道小博士幼儿园,浙江省金华市义乌市北苑街道凌云三区62幢,120.0474354,29.35960166,金华市,义乌市,北苑街道,幼儿园,330782.0,学前教育,,01010000208A110000A05E662E09035E40102CC6DA0E5C3D40,120.04748996752058,29.359542954630438,"                 format_address2
0  浙江省金华市义乌市北苑街道小博士幼儿园(环城北路)凌云3区"
33,118.0,136.0,200.0,3473.0,宁波市海曙区高桥镇博爱幼儿园,宁波市海曙区高桥镇望春迎春路497号,121.4958901,29.88143353,宁波市,海曙区,高桥镇,幼儿园,330203.0,学前教育,,01010000208A11000050A8E5A9BC5F5E4030D5C5A0A5E13D40,121.4958939683137,29.881437162989073,"          format_address2
0  浙江省宁波市海曙区高桥镇博爱幼儿园(迎春路)"
34,119.0,137.0,201.0,3482.0,宁波市海曙区高桥镇新芽幼儿园,宁波市海曙区高桥镇长乐村博爱路66号,121.4997984,29.89315656,宁波市,海曙区,高桥镇,幼儿园,330203.0,学前教育,,01010000208A110000483F59B2FC5F5E40F04A94E8A5E43D40,121.49992037098329,29.89306367046095,"              format_address2
0  浙江省宁波市海曙区高桥镇博爱路海曙区高桥镇新芽幼儿园"
35,123.0,141.0,205.0,3543.0,宁波市海曙区古林镇同萌幼儿园,宁波市海曙区古林镇施家村忠义房139号,121.4351271,29.83385929,宁波市,海曙区,古林镇,幼儿园,330203.0,学前教育,,01010000208A110000108D401FD95B5E4080215FCD77D53D40,121.43525202141733,29.83390711911617,"                        format_address2
0  浙江省宁波市海曙区古林镇古林派出所同萌幼儿园警务联络点古林金色针织漂染厂"
36,130.0,149.0,216.0,3700.0,义乌市稠江天成幼儿园,义乌市稠江街道龙回一区20幢,120.0161965,29.29548596,金华市,义乌市,稠江街道,幼儿园,330782.0,学前教育,,01010000208A110000C8E22E5D09015E408009BEF7A44B3D40,120.01622215852956,29.295546156662763,"          format_address2
0  浙江省金华市义乌市稠江街道天成幼儿园龙回2区"
37,131.0,150.0,217.0,3751.0,义乌市义亭中洋幼儿园,义乌市义亭鲍宅村,119.972783,29.23561036,金华市,义乌市,义亭镇,幼儿园,330782.0,学前教育,,01010000208A1100003812A51342FE5D4090FAF7F5503C3D40,119.97268521594866,29.235660861189462,"     format_address2
0  浙江省金华市义乌市义亭镇中洋幼儿园"
38,137.0,156.0,227.0,3949.0,杭州市余杭区白马幼儿园,杭州市余杭区闲林街道白马山庄花语轩8幢,120.0089646,30.21946664,杭州市,余杭区,闲林街道,幼儿园,330110.0,学前教育,,01010000208A11000080981FE092005E4070A83DF72E383E40,120.00904686101103,30.219444382053474,"        format_address2
0  浙江省杭州市余杭区闲林街道白马山庄花语轩"
39,142.0,161.0,232.0,4000.0,义乌市金麟花园幼儿园,浙江省义乌市廿三里街道金麟花园,120.155804,29.33134033,金华市,义乌市,廿三里街,幼儿园,330782.0,学前教育,,01010000208A110000109940B1F8095E40A04F3CB8D2543D40,120.15595891771274,29.33134629746396,"      format_address2
0  浙江省金华市义乌市廿三里街道金麟花园"
40,143.0,162.0,233.0,4006.0,宁波海曙中心小学,宁波市海曙区孝闻街8号,121.5393759,29.87700931,宁波市,海曙区,鼓楼街道,小学,330203.0,初等教育,,01010000208A110000D0665D2285625E40D0BCA0AE83E03D40,121.53933758563697,29.87700488482207,"       format_address2
0  浙江省宁波市海曙区鼓楼街道海曙中心小学"
41,149.0,169.0,248.0,4138.0,德清县阳光幼儿园,德清县武康街道阳光花园22幢,119.9765018,30.53607248,湖州市,德清县,武康街道,幼儿园,330521.0,学前教育,,01010000208A11000038FA77017FFE5D40B0B4B80B3C893E40,119.97633124151322,30.536149337557408,"              format_address2
0  浙江省湖州市德清县武康街道云岫南路47号N华阳光花园"
42,150.0,170.0,249.0,4153.0,义乌市义亭镇中心幼儿园,浙江省义乌市义亭镇双塘路606号,119.9514036,29.24504003,金华市,义乌市,义亭镇,幼儿园,330782.0,学前教育,,01010000208A1100009874E7CBE3FC5D40900F83F1BA3E3D40,119.95133511471045,29.24479249479888,"        format_address2
0  浙江省金华市义乌市义亭镇义亭镇中心幼儿园"
43,151.0,171.0,254.0,4252.0,义乌市北苑金典幼儿园,义乌市北苑街道畈东村175栋,120.0234318,29.31570456,金华市,义乌市,北苑街道,幼儿园,330782.0,学前教育,,01010000208A110000E07D06E87F015E4070B19C03D2503D40,120.02343727629487,29.315687076412544,"          format_address2
0  浙江省金华市义乌市北苑街道金典幼儿园畈东小区"
44,152.0,172.0,256.0,4264.0,宁波市海曙区高桥镇西堤阳光幼儿园,浙江省宁波市海曙区高桥镇学院路西堤阳光19幢46号,121.4806097,29.88282977,宁波市,海曙区,高桥镇,幼儿园,330203.0,学前教育,,01010000208A110000501F504FC25E5E4050CAB92101E23D40,121.48055349194536,29.882584943700518,"            format_address2
0  浙江省宁波市海曙区高桥镇西堤阳光39号楼西堤阳光"
45,153.0,174.0,260.0,4321.0,宁波市海曙区石\街道阳光丽园幼儿园,宁波市海曙区石\街道雅戈尔大道375号,121.4946685,29.82487754,宁波市,海曙区,石\街道,幼儿园,330203.0,学前教育,,01010000208A11000058C032A6A85F5E403053982C2BD33D40,121.49467321264852,29.824881597441212,"                format_address2
0  浙江省宁波市海曙区石\街道雅戈尔大道375号阳光丽园南区"
46,161.0,185.0,276.0,4528.0,宁波市海曙区洞桥镇佳豪幼儿园,宁波市海曙区洞桥镇百梁村菜场路16号,121.3865631,29.76743454,宁波市,海曙区,洞桥镇,幼儿园,330203.0,学前教育,,01010000208A11000040331B73BD585E40603CFE9676C43D40,121.38643376969455,29.76735874338884,"      format_address2
0  浙江省宁波市海曙区洞桥镇幸福路32号"
47,162.0,187.0,279.0,4554.0,义乌市北苑街道厚富幼儿园,浙江省义乌市北苑街道厚富小区36幢1号,120.059404,29.34819351,金华市,义乌市,北苑街道,幼儿园,330782.0,学前教育,,01010000208A110000E8A38246CD035E40A03EAD3523593D40,120.05930818951377,29.34814605893084,"            format_address2
0  浙江省金华市义乌市北苑街道厚富幼儿园厚富小区南区"
48,164.0,191.0,286.0,4642.0,义乌市廿三里李塘幼儿园,义乌市廿三里街道李塘村岩托下12号,120.1825266,29.36830747,金华市,义乌市,廿三里街,幼儿园,330782.0,学前教育,,01010000208A110000F8300984AE0B5E4040D1FE65495E3D40,120.18250306705791,29.36841879456088,"       format_address2
0  浙江省金华市义乌市廿三里街道李塘幼儿园"
49,173.0,202.0,300.0,4874.0,宁波市海曙区古林镇福娃幼儿园,宁波市海曙区古林镇礼嘉桥村1号,121.5002995,29.85197687,宁波市,海曙区,古林镇,幼儿园,330203.0,学前教育,,01010000208A11000058F652E804605E4040C70A281BDA3D40,121.50030406105944,29.851983296630042,"                     format_address2
0  浙江省宁波市海曙区古林镇宁波市三江业余艺术学校分校古林镇福娃幼儿园"
50,177.0,207.0,316.0,5153.0,德清县逸夫小学,浙江省德清县武康街道群益街78号,119.9578219,30.53400468,湖州市,德清县,武康街道,小学,330521.0,初等教育,,01010000208A110000103420F44CFD5D4040A0CF87B4883E40,119.95787103230238,30.53428375754941,"     format_address2
0  浙江省湖州市德清县武康街道逸夫小学"
51,178.0,208.0,317.0,5178.0,义乌市北苑乖宝宝幼儿园,义乌市北苑街道春晗三区56幢,120.056663,29.335159,金华市,义乌市,北苑街道,幼儿园,330782.0,学前教育,,01010000208A11000028F9D85DA0035E40C0F5EFFACC553D40,120.05676712083981,29.335223627414873,"                format_address2
0  浙江省金华市义乌市北苑街道乖宝宝幼儿园(九号路)春晗3区"
52,179.0,209.0,319.0,5250.0,义乌市稠江杨二幼儿园,义乌市稠江街道杨二村39幢,120.033864,29.292957,金华市,义乌市,稠江街道,幼儿园,330782.0,学前教育,,01010000208A110000C020E9D32A025E406022DE3AFF4A3D40,120.03382036435177,29.292911188382885,"      format_address2
0  浙江省金华市义乌市稠江街道杨二幼儿园"
53,180.0,210.0,320.0,5261.0,义乌市福田青苹果幼儿园,义乌市福田街道东大鲁村15栋,120.094058,29.37566,金华市,义乌市,福田街道,幼儿园,330782.0,学前教育,,01010000208A110000587BD80B05065E40506AF6402B603D40,120.09416626218551,29.375586080240094,"          format_address2
0  浙江省金华市义乌市福田街道聚宝路义乌市植物园"
54,186.0,222.0,339.0,5638.0,义乌市北苑天之骄幼儿园,浙江省金华市义乌市北苑街道春盛小区17幢,120.030221,29.323041,金华市,义乌市,北苑街道,幼儿园,330782.0,学前教育,,01010000208A110000C0A90F24EF015E406044A2D0B2523D40,120.03027436004967,29.32305455826126,"                 format_address2
0  浙江省金华市义乌市北苑街道义乌市汇洲进出口有限公司春盛小区"
55,187.0,223.0,340.0,5641.0,杭州市西湖职业高级中学,杭州市西湖区转塘杭新东路3号,120.0784606,30.16160642,杭州市,西湖区,转塘街道,职业高中学校,330106.0,中等教育,,01010000208A11000028D2B97F05055E40308BBF095F293E40,120.07842139096219,30.161449662998503,"                    format_address2
0  浙江省杭州市西湖区转塘街道珊瑚沙路杭州市西湖职业高级中学(南区)"
56,190.0,227.0,347.0,5873.0,义乌市佛堂镇双林幼儿园,佛堂镇双林路28号,120.017368,29.208074,金华市,义乌市,佛堂镇,幼儿园,330782.0,学前教育,,01010000208A110000D0FFAB8E1C015E40E025715644353D40,120.01742430803307,29.208261699687352,"              format_address2
0  浙江省金华市义乌市佛堂镇凤凰名城小区佛堂二幼双林分园"
57,191.0,228.0,348.0,5900.0,义乌市大陈镇小金鱼幼儿园,浙江省义乌市大陈镇李孟宅村,120.12569,29.46169,金华市,义乌市,大陈镇,幼儿园,330782.0,学前教育,,01010000208A110000C8DB114E0B085E40E0E3DA5031763D40,120.12567843666443,29.461923564885286,"             format_address2
0  浙江省金华市义乌市大陈镇义乌市大陈镇李孟宅村卫生室"
58,193.0,230.0,351.0,5960.0,杭州市余杭区良渚金凤凰幼儿园,杭州市余杭区良渚街道东塘河村孟家湾99号,120.091091,30.383624,杭州市,余杭区,良渚街道,幼儿园,330110.0,学前教育,,01010000208A110000707D586FD4055E40F0F5B52E35623E40,120.0911057627296,30.383543726605016,"         format_address2
0  浙江省杭州市余杭区良渚街道杭州金凤凰幼儿园"
59,194.0,231.0,352.0,5963.0,义乌市佛堂倍磊阳光幼儿园,佛堂镇倍磊四村,119.979211,29.172011,金华市,义乌市,佛堂镇,幼儿园,330782.0,学前教育,,01010000208A11000088389D64ABFE5D40608DB3E9082C3D40,119.9793000842401,29.171952992232317,"                 format_address2
0  浙江省金华市义乌市佛堂镇浙江农信义乌农商银行(倍磊分理处)"
60,196.0,233.0,356.0,6012.0,宁波海曙天一幼儿园,宁波市海曙区中山西路988弄188号,121.516329,29.884068,宁波市,海曙区,望春街道,幼儿园,330203.0,学前教育,,01010000208A110000803ECA880B615E40B070CB4752E23D40,121.51644846887083,29.884310236549148,"           format_address2
0  浙江省宁波市海曙区望春街道天一家园(丽园北路)"
61,200.0,237.0,360.0,6074.0,杭州市余杭区乔司三角幼儿园,余杭区乔司街道三角村蔬科后70号,120.280112,30.333241,杭州市,余杭区,乔司街道,幼儿园,330110.0,学前教育,,01010000208A110000E8CDE15AED115E40B0AF3C484F553E40,120.28021081917407,30.33337265751008,"                 format_address2
0  浙江省杭州市临平区乔司街道乔司镇三角幼儿园长三角数字科创园"
62,204.0,241.0,369.0,6367.0,义乌市上溪镇上楼宅幼儿园,义乌市上溪镇上楼宅村,119.934606,29.261542,金华市,义乌市,上溪镇,幼儿园,330782.0,学前教育,,01010000208A1100005029AF95D0FB5D40D087A06AF4423D40,119.93469717922424,29.26165740264851,"            format_address2
0  浙江省金华市义乌市上溪镇上季线上溪镇上楼宅幼儿园"
63,205.0,242.0,371.0,6414.0,义乌市稠江七色花幼儿园,义乌市稠江街道八角井村13幢1-4号,120.022073,29.28726,金华市,义乌市,稠江街道,幼儿园,330782.0,学前教育,,01010000208A110000F847DFA469015E40F07211DF89493D40,120.0221326561371,29.287015889725396,"            format_address2
0  浙江省金华市义乌市稠江街道七色花幼儿园八角井小区"
64,206.0,243.0,373.0,6442.0,义乌市稠江育苗幼儿园,义乌市稠江街道后申塘村一区13幢,120.020517,29.283907,金华市,义乌市,稠江街道,幼儿园,330782.0,学前教育,,01010000208A110000C800892650015E40001B1021AE483D40,120.02062148178611,29.28386134589418,"           format_address2
0  浙江省金华市义乌市稠江街道育苗幼儿园后申塘1区"
65,208.0,245.0,378.0,6482.0,义乌市稠江大路金成红幼儿园,浙江省义乌市稠江街道大路金27幢,120.026788,29.285876,金华市,义乌市,稠江街道,幼儿园,330782.0,学前教育,,01010000208A11000038FB03E5B6015E4010B6662B2F493D40,120.026885836917,29.285919380247684,"                 format_address2
0  浙江省金华市义乌市稠江街道戚继光路606号大路金成红幼儿园"
66,211.0,248.0,386.0,6703.0,义乌市城西街道五一幼儿园,浙江省义乌市城西街道五一村工商西街51号,119.979962,29.312081,金华市,义乌市,城西街道,幼儿园,330782.0,学前教育,,01010000208A110000A85489B2B7FE5D40F0B3588AE44F3D40,119.97978669206083,29.312069068115242,"    format_address2
0  浙江省金华市义乌市城西街道五一路"
67,216.0,255.0,401.0,6952.0,义乌市义亭华艺幼儿园,浙江省义乌市义亭镇陈店村上低田,119.925878,29.181938,金华市,义乌市,义亭镇,幼儿园,330782.0,学前教育,,01010000208A1100008085CC9541FB5D4050E61F7D932E3D40,119.92576759950481,29.181736465445823,"  format_address2
0    浙江省金华市金东区佛低线"
68,217.0,256.0,402.0,6953.0,义乌市城西万商华府幼儿园,浙江省义乌市城西街道万商华府21栋,119.976245,29.29845,金华市,义乌市,城西街道,幼儿园,330782.0,学前教育,,01010000208A11000088F84ECC7AFE5D40C07D1D38674C3D40,119.97626804925349,29.298461079683058,"            format_address2
0  浙江省金华市义乌市城西街道万商华府幼儿园万商华府"
69,218.0,257.0,404.0,6977.0,义乌市义亭贝贝星幼儿园,浙江省义乌市义亭镇全村247号,119.981588,29.244087,金华市,义乌市,义亭镇,幼儿园,330782.0,学前教育,,01010000208A11000058897956D2FE5D40F060527C7C3E3D40,119.98161177919086,29.244013670199124,"      format_address2
0  浙江省金华市义乌市义亭镇贝贝星幼儿园"
70,229.0,271.0,428.0,7523.0,义乌市江东启航幼儿园,浙江省义乌市江东街道东洲路121-127号,120.110226,29.311164,金华市,义乌市,江东街道,幼儿园,330782.0,学前教育,,01010000208A110000D04A5AF10D075E4050B1A371A84F3D40,120.11028957880758,29.31122100500162,"                  format_address2
0  浙江省金华市义乌市江东街道站溪第二分园启航幼儿园鲇溪第二分园"
71,230.0,272.0,430.0,7588.0,杭州市余杭区良渚田园幼儿园,浙江省杭州市余杭区良渚街道行宫塘新苑西区1-1号,120.09725,30.372675,杭州市,余杭区,良渚街道,幼儿园,330110.0,学前教育,,01010000208A1100005062105839065E407009F9A0675F3E40,120.09729884858413,30.37239664366109,"              format_address2
0  浙江省杭州市余杭区良渚街道行宫塘新苑・西区田园幼儿园"
72,237.0,281.0,448.0,8005.0,义乌市稠江经发幼儿园,义乌市稠江街道杨三村13幢,120.037667,29.294513,金华市,义乌市,稠江街道,幼儿园,330782.0,学前教育,,01010000208A110000E048D92269025E40303F3734654B3D40,120.03768852124983,29.29461828438894,"                  format_address2
0  浙江省金华市义乌市稠江街道杨官路香山小学教育集团(杨村校区)"
73,238.0,282.0,449.0,8009.0,杭州市余杭区江南春庭院深深幼儿园,杭州市余杭区余杭街道庭院深深住宅区柳青庭2幢,119.95712,30.24666,杭州市,余杭区,余杭街道,幼儿园,330110.0,学前教育,,01010000208A11000040963E7441FD5D40403B191C253F3E40,119.95728898772514,30.246710057742018,"                format_address2
0  浙江省杭州市余杭区余杭街道庭院深深(东区)庭院深深幼儿园"
74,243.0,288.0,456.0,8154.0,义乌市苏溪镇盼盼幼儿园,义乌市苏溪镇邢宅村,120.109851,29.438376,金华市,义乌市,苏溪镇,幼儿园,330782.0,学前教育,,01010000208A110000B81B7DCC07075E40F059D76839703D40,120.10995263542347,29.438304914922362,"      format_address2
0  浙江省金华市义乌市苏溪镇江西特色饭店"
75,246.0,293.0,461.0,8253.0,义乌市城西街道东河幼儿园,浙江省义乌市城西街道东河工商街110号,119.988749,29.310408,金华市,义乌市,城西街道,幼儿园,330782.0,学前教育,,01010000208A110000F8BCE2A947FF5D40B06A10E6764F3D40,119.9885872205286,29.31045634239776,"          format_address2
0  浙江省金华市义乌市城西街道城西街道东河幼儿园"
76,251.0,298.0,473.0,8431.0,义乌市稠江街道海洋幼儿园,义乌市稠江街道新屋村三街1、3号,120.028097,29.273543,金华市,义乌市,稠江街道,幼儿园,330782.0,学前教育,,01010000208A11000068075C57CC015E40C00CFFE906463D40,120.02827077235374,29.27348015898389,"            format_address2
0  浙江省金华市义乌市稠江街道新屋路68号海洋幼儿园"
77,256.0,304.0,482.0,8648.0,杭州市余杭区良山鑫鑫幼儿园,杭州市余杭区良山鑫鑫幼儿园,120.076956,30.365256,杭州市,余杭区,良渚街道,幼儿园,330110.0,学前教育,,01010000208A110000C8CEDBD8EC045E40F0AACE6A815D3E40,120.07695325399587,30.36556596562699,"            format_address2
0  浙江省杭州市余杭区良渚街道杭州市余杭区鑫鑫幼儿园"
78,259.0,309.0,490.0,8828.0,义乌市苏溪糖糖宝贝幼儿园,义乌市苏溪镇王界村45幢,120.13827,29.403179,金华市,义乌市,苏溪镇,幼儿园,330782.0,学前教育,,01010000208A11000028016A6AD9085E40206F2BBD36673D40,120.13822811106685,29.403123305191176,"       format_address2
0  浙江省金华市义乌市苏溪镇糖糖宝贝幼儿园"
79,264.0,315.0,497.0,9007.0,杭州市余杭区星华幼托园,杭州市余杭区良渚莫干山路2164号,120.051898,30.375758,杭州市,余杭区,良渚街道,幼儿园,330110.0,学前教育,,01010000208A110000982EFD4B52035E40E03521AD31603E40,120.05174148973646,30.37579485385558,"                         format_address2
0  浙江省杭州市余杭区良渚街道莫干山路2164号杭州余杭区良渚文化技能培训学校"
80,267.0,318.0,500.0,9144.0,杭州市之江外语实验学校,杭州市西湖区文一西路102号,120.1007735,30.29261419,杭州市,西湖区,文新街道,小学,330106.0,初等教育,,01010000208A11000000B8771273065E40C0826BC3E84A3E40,120.10074777610473,30.29291812108959,"             format_address2
0  浙江省杭州市西湖区文新街道天河西苑之江外语实验学校"
81,269.0,320.0,502.0,9164.0,义乌市稠江街道凤凰幼儿园,义乌市稠江街道香山路凤凰山小区,120.06031,29.29617,金华市,义乌市,稠江街道,幼儿园,330782.0,学前教育,,01010000208A110000C867791EDC035E40700E10CCD14B3D40,120.06020453666721,29.295966283807985,"             format_address2
0  浙江省金华市义乌市稠江街道凤凰双语幼儿园凤凰山小区"
82,270.0,322.0,505.0,9281.0,义乌市北苑春晗幼儿园,义乌市北苑街道春晗二区87幢,120.066109,29.335647,金华市,义乌市,北苑街道,幼儿园,330782.0,学前教育,,01010000208A110000283E3E213B045E40200038F6EC553D40,120.06600706881063,29.335806256211246,"                 format_address2
0  浙江省金华市义乌市北苑街道春晗幼儿园(春晗二区南)春晗2区"
83,274.0,326.0,511.0,9392.0,义乌市福田博哈金宝宝幼儿园,义乌市福田街道福田三区51栋,120.09578,29.339966,金华市,义乌市,福田街道,幼儿园,330782.0,学前教育,,01010000208A11000018E76F4221065E4080C0030308573D40,120.09582235882024,29.339971540835098,"             format_address2
0  浙江省金华市义乌市福田街道博哈金宝宝幼儿园福田3区"
84,276.0,329.0,515.0,9474.0,义乌市北苑街道凌云幼儿园,义乌市北苑街道凌云三区77―78幢,120.047109,29.356467,金华市,义乌市,北苑街道,幼儿园,330782.0,学前教育,,01010000208A110000389677D503035E40701ADB6B415B3D40,120.0471227914958,29.35658754763636,"         format_address2
0  浙江省金华市义乌市北苑街道凌云公园凌云3区"
85,278.0,331.0,517.0,9501.0,宁波市海曙区集士港镇金色童年幼儿园,宁波市海曙区集士港镇广盛路598号,121.438923,29.85744,宁波市,海曙区,集士港镇,幼儿园,330203.0,学前教育,,01010000208A110000989D7E50175C5E404048163081DB3D40,121.4390139220783,29.857188105884905,"             format_address2
0  浙江省宁波市海曙区集士港镇金色童年幼儿园(惠兰路)"
86,281.0,334.0,523.0,9543.0,杭州市长桥小学,浙江省杭州市西湖区西湖街道净寺社区,120.14856,30.231371,杭州市,西湖区,西湖街道,小学,330106.0,初等教育,,01010000208A110000985FCD0182095E40303E3E213B3B3E40,120.14867693812539,30.231382185796917,"          format_address2
0  浙江省杭州市西湖区西湖街道杭州西湖风景名胜区"
87,282.0,335.0,524.0,9568.0,义乌市佛堂镇育红幼儿园,佛堂镇剡溪村68号,120.043847,29.182305,金华市,义乌市,佛堂镇,幼儿园,330782.0,学前教育,,01010000208A110000C8C1A563CE025E40B0E55C8AAB2E3D40,120.04390636918602,29.182229589029095,"     format_address2
0  浙江省金华市义乌市佛堂镇育红幼儿园"
88,283.0,336.0,526.0,9616.0,义乌市江东街道育深幼儿园,浙江省义乌市江东九联黄古头19栋,120.050724,29.27004,金华市,义乌市,江东街道,幼儿园,330782.0,学前教育,,01010000208A110000D047E00F3F035E40A09C685721453D40,120.05067647954867,29.270213631661424,"      format_address2
0  浙江省金华市义乌市江东街道九联黄古头"
89,284.0,337.0,528.0,9684.0,义乌市江东街道东方之珠幼儿园,江东街道龚大塘一区41栋,120.077675,29.294543,金华市,义乌市,江东街道,幼儿园,,学前教育,,01010000208A110000E02D90A0F8045E400044882B674B3D40,120.07773095904554,29.294538417142267,"             format_address2
0  浙江省金华市义乌市江东街道东方之珠幼儿园龚大塘1区"
90,285.0,338.0,530.0,9747.0,杭州市余杭区南湖幼儿园,浙江省杭州市余杭区余杭区街道城南路651号,119.933372,30.259459,杭州市,余杭区,余杭街道,幼儿园,330110.0,学前教育,,01010000208A11000020C0E95DBCFB5D4020A7AFE76B423E40,119.9335073266183,30.259556806578065,"                      format_address2
0  浙江省杭州市余杭区余杭街道南湖幼儿园教育集团行政楼南湖幼儿园教育集团"
91,286.0,339.0,532.0,9788.0,杭州市余杭区东湖世纪星幼儿园,经济开发区港园路5号,120.297363,30.445643,杭州市,余杭区,东湖街道,幼儿园,330110.0,学前教育,,01010000208A1100009802D2FE07135E4000B1DEA815723E40,120.29743315193221,30.445597826147512,"                    format_address2
0  浙江省杭州市临平区东湖街道东湖北路321#号杭州万联汽车有限公司"
92,289.0,342.0,537.0,9826.0,杭州市余杭区良渚良运幼儿园,杭州市余杭区良运街270号,120.105125,30.355906,杭州市,余杭区,良渚街道,幼儿园,330110.0,学前教育,,01010000208A110000803F355EBA065E404073D6A71C5B3E40,120.10504712074216,30.356029396457895,"                   format_address2
0  浙江省杭州市余杭区良渚街道良运街48号杭州城北万象城(建设中)"
93,294.0,350.0,553.0,10179.0,杭州市西湖区三坝幼儿园,杭州市西湖区金地自在城乐活湾1幢,120.0948,30.303495,杭州市,西湖区,三墩镇,幼儿园,330106.0,学前教育,,01010000208A11000048EA043411065E40E07F2BD9B14D3E40,120.09466673819976,30.303563054033518,"          format_address2
0  浙江省杭州市西湖区三墩镇三坝社区会馆同人精华"
94,297.0,354.0,560.0,10290.0,杭州市余杭区艺嘉幼儿园,浙江省杭州市余杭区运河街道运河丽园2-1,120.291705,30.47925,杭州市,余杭区,运河街道,幼儿园,330110.0,学前教育,,01010000208A11000018C5724BAB125E40A09BC420B07A3E40,120.29177915412649,30.47917142390112,"             format_address2
0  浙江省杭州市临平区运河街道东湖北路709号运河丽园"
95,299.0,356.0,563.0,10355.0,义乌市福田诚信幼儿园,义乌市草塘沿诚信一区71幢5-7号,120.109921,29.353446,金华市,义乌市,福田街道,幼儿园,330782.0,学前教育,,01010000208A110000300917F208075E40F0E6E26F7B5A3D40,120.10978540635234,29.35323501831909,"         format_address2
0  浙江省金华市义乌市福田街道草塘沿路诚信1区"
96,303.0,360.0,570.0,10568.0,杭州市余杭区良渚云华幼儿园,余杭区良渚街道玉琮路114号,120.04809,30.380373,杭州市,余杭区,良渚街道,幼儿园,330110.0,学前教育,,01010000208A110000F05014E813035E401048FB1F60613E40,120.04805060859395,30.380472635771856,"                        format_address2
0  浙江省杭州市余杭区良渚街道花园新村(玉管路)余杭区良渚云华幼儿园玉成园区"
97,305.0,362.0,572.0,10616.0,杭州市余杭区绿城育华亲亲幼儿园,杭州市余杭区良渚街道金家渡亲亲家园社区,120.086355,30.337335,杭州市,余杭区,良渚街道,幼儿园,330110.0,学前教育,,01010000208A11000028361FD786055E40D0CB28965B563E40,120.08649890570244,30.33746535508882,"                format_address2
0  浙江省杭州市余杭区良渚街道亲亲家园南区绿城育华亲亲幼儿园"
98,308.0,365.0,576.0,10810.0,杭州市西湖区文鼎苑幼儿园,杭州市西湖区古墩路635号,120.091911,30.29990749,杭州市,西湖区,三墩镇,幼儿园,330106.0,学前教育,,01010000208A1100008090A9DEE1055E402060BDBCC64C3E40,120.09196435631834,30.300067057770164,"               format_address2
0  浙江省杭州市西湖区三墩镇文新学前教育集团-文鼎苑幼儿园"
99,313.0,370.0,583.0,10958.0,义乌市义亭镇王阡二村幼儿园,义乌市义亭镇王阡二村56号,119.942524,29.233753,金华市,义乌市,义亭镇,幼儿园,330782.0,学前教育,,01010000208A11000080EC2E5052FC5D408057923CD73B3D40,119.94258074455216,29.23366161463892,"               format_address2
0  浙江省金华市义乌市义亭镇车站西路义乌市义亭镇王阡幼儿园"
100,314.0,371.0,585.0,10965.0,杭州市余杭区吉的堡西溪山庄幼儿园,杭州市余杭区余杭街道沈家店社区桃源小镇内,119.958365,30.235823,杭州市,余杭区,余杭街道,幼儿园,330110.0,学前教育,,01010000208A110000602827DA55FD5D4000A568E55E3C3E40,119.95846278216054,30.23585012611691,"                   format_address2
0  浙江省杭州市余杭区余杭街道吉的堡西溪山庄幼儿园吉的堡英群幼儿园"
101,315.0,372.0,587.0,11007.0,杭州市余杭区塘栖镇宏畔中心小学,杭州市余杭区塘栖镇莫家桥村南斗湾62号,120.157471,30.444215,杭州市,余杭区,塘栖镇,小学,330110.0,初等教育,,01010000208A11000060C43E01140A5E4080640113B8713E40,120.15760544286906,30.444217789896484,"               format_address2
0  浙江省杭州市临平区塘栖镇宏畔中心小学教学楼宏畔中心小学"
102,316.0,373.0,588.0,11015.0,义乌市稠江家家幼儿园,义乌市稠江街道城店南路723号,120.03624,29.281397,金华市,义乌市,稠江街道,幼儿园,330782.0,学前教育,,01010000208A110000A8B393C151025E40503140A209483D40,120.03623243868839,29.281487834314234,"                   format_address2
0  浙江省金华市义乌市稠江街道城店南路723号家家幼儿园(贝村路)"
103,318.0,375.0,590.0,11031.0,义乌市北苑阳光幼儿园,浙江省金华市义乌市北苑街道黄杨梅一区120幢,120.046679,29.311881,金华市,义乌市,北苑街道,幼儿园,330782.0,学前教育,,01010000208A110000409AEAC9FC025E40703EE76ED74F3D40,120.04674905199674,29.311939673883646,"                  format_address2
0  浙江省金华市义乌市北苑街道阳光幼儿园(黄杨梅一街)黄杨梅1区"
104,319.0,376.0,595.0,11107.0,义乌市稠城街道大风车幼儿园,义乌市篁园新村12幢1号,120.076087,29.299185,金华市,义乌市,稠城街道,幼儿园,330782.0,学前教育,,01010000208A110000A829029CDE045E4030745E63974C3D40,120.07614891608594,29.299225779587232,"                 format_address2
0  浙江省金华市义乌市稠城街道大风车幼儿园(江滨中路)篁园新村"
105,320.0,377.0,599.0,11225.0,杭州市余杭区江南春竹海水韵幼儿园,浙江省杭州市余杭区闲林街道竹海水韵春风里3幢,119.978192,30.239439,杭州市,余杭区,闲林街道,幼儿园,330110.0,学前教育,,01010000208A110000604D9EB29AFE5D401063D2DF4B3D3E40,119.9782874290719,30.239439936868543,"            format_address2
0  浙江省杭州市余杭区闲林街道竹海水韵竹海水韵春风里"
106,321.0,379.0,601.0,11228.0,义乌市江东街道青青银河幼儿园,浙江省义乌市江东街道银河湾小区,120.047345,29.273785,金华市,义乌市,江东街道,幼儿园,330782.0,学前教育,,01010000208A11000040A852B307035E40A02215C616463D40,120.0473931547807,29.273766056009286,"           format_address2
0  浙江省金华市义乌市江东街道青青银河幼儿园银河湾"
107,327.0,385.0,617.0,11714.0,义乌市赤岸伊甸幼儿园,义乌市赤岸镇雅治街村,120.079837,29.162323,金华市,义乌市,赤岸镇,幼儿园,330782.0,学前教育,,01010000208A110000B000A60C1C055E40806308008E293D40,120.07977757775402,29.162004174786464,"   format_address2
0  浙江省金华市义乌市赤岸镇佛王线"
108,329.0,387.0,620.0,11818.0,杭州市余杭区小博士艺术幼儿园,杭州市余杭区南苑街道人民大道357号,120.291493,30.410397,杭州市,余杭区,南苑街道,幼儿园,330110.0,学前教育,,01010000208A110000D08041D2A7125E4060601DC70F693E40,120.29133025222956,30.41043299152916,"                     format_address2
0  浙江省杭州市临平区南苑街道新康家园杭州师范大学附属小博士艺术幼儿园"
109,330.0,388.0,622.0,11852.0,义乌市北苑街道启龙幼儿园,浙江省金华市义乌市北苑街道工业区兴工路11号,120.048546,29.309635,金华市,义乌市,北苑街道,幼儿园,330782.0,学前教育,,01010000208A1100008096AE601B035E4070B2463D444F3D40,120.04858535915156,29.30966722627699,"             format_address2
0  浙江省金华市义乌市北苑街道义乌市北苑街道启龙幼儿园"
110,332.0,391.0,627.0,11901.0,义乌市江东双双幼儿园,义乌市江东青口新光南路23号,120.129431,29.312355,金华市,义乌市,江东街道,幼儿园,330782.0,学前教育,,01010000208A110000A805F69848085E4000BE4D7FF64F3D40,120.12935661134063,29.31237478535142,"                format_address2
0  浙江省金华市义乌市江东街道曙光路5号双双幼儿园(东洲路)"
111,336.0,396.0,634.0,11958.0,杭州市余杭区临平第二幼儿园,杭州市余杭区临平街道九曲营路247号,120.30672,30.429221,杭州市,余杭区,东湖街道,幼儿园,330110.0,学前教育,,01010000208A110000E041EC4CA1135E40A0C16D6DE16D3E40,120.3068180895895,30.42918621932154,"            format_address2
0  浙江省杭州市临平区东湖街道梅堰小区临平第二幼儿园"
112,338.0,398.0,638.0,12032.0,义乌市城西新光幼儿园,浙江省义乌市城西街道流下二区36幢,119.957083,29.296921,金华市,义乌市,城西街道,幼儿园,330782.0,学前教育,,01010000208A110000B0230ED940FD5D40E07EC003034C3D40,119.95709351692311,29.297100400622725,"          format_address2
0  浙江省金华市义乌市城西街道新光幼儿园流下2区"
113,340.0,400.0,640.0,12051.0,义乌市北苑街道未来幼儿园,浙江省金华市义乌市北苑街道复兴社区居委会,120.051041,29.308755,金华市,义乌市,北苑街道,幼儿园,330782.0,学前教育,,01010000208A1100005870784144035E40007A53910A4F3D40,120.05101782194485,29.308836734712994,"                   format_address2
0  浙江省金华市义乌市北苑街道望道路16-3号未来幼儿园(西城路)"
114,342.0,402.0,644.0,12125.0,义乌市稠江街道杨村幼儿园,义乌市 稠江街道杨村五区26栋,120.037184,29.296219,金华市,义乌市,稠江街道,幼儿园,330782.0,学前教育,,01010000208A110000D0FBFF3861025E4030742502D54B3D40,120.03725124013917,29.29618531115767,"      format_address2
0  浙江省金华市义乌市稠江街道杨村幼儿园"
115,343.0,404.0,646.0,12168.0,杭州市余杭区良渚运河智星幼儿园,杭州市余杭区良渚新城运河村王家湾46号,120.122104,30.362175,杭州市,余杭区,良渚街道,幼儿园,330110.0,学前教育,,01010000208A11000080AD4B8DD0075E40C06D3480B75C3E40,120.12214686910949,30.362398182084252,"     format_address2
0  浙江省杭州市余杭区良渚街道古运河路"
116,348.0,413.0,661.0,12464.0,宁波市海曙区启文幼儿园,宁波市海曙区粮丰街38号,121.524303,29.854955,宁波市,海曙区,段塘街道,幼儿园,330203.0,学前教育,,01010000208A110000788C2B2E8E615E40408DB454DEDA3D40,121.52421313441496,29.8550150731541,"                format_address2
0  浙江省宁波市海曙区段塘街道启文幼儿园启文幼儿园(粮丰街)"
117,349.0,414.0,664.0,12590.0,义乌市江东街道鲇溪幼儿园,浙江省义乌市江东街道鲇溪村,120.092239,29.306717,金华市,义乌市,江东街道,幼儿园,330782.0,学前教育,,01010000208A110000981A683EE7055E4090205C01854E3D40,120.09214471945107,29.306528825842207,"          format_address2
0  浙江省金华市义乌市江东街道鲇溪幼儿园鲶溪新村"
118,350.0,415.0,665.0,12627.0,杭州西湖风景名胜区茅家埠幼儿园,杭州西湖风景名胜区茅家埠村29-1,120.118442,30.240528,杭州市,西湖区,西湖街道,幼儿园,330106.0,学前教育,,01010000208A110000401EC18D94075E40B0C5353E933D3E40,120.11849234328297,30.24040737478143,"                       format_address2
0  浙江省杭州市西湖区西湖街道杭州西湖风景名胜区杭州西湖风景名胜区-茅家埠"
119,355.0,422.0,673.0,12829.0,义乌市江东街道欣欣向荣幼儿园,浙江省义乌市江东街道青岩傅村王t路18-20号,120.085512,29.268002,金华市,义乌市,江东街道,幼儿园,330782.0,学前教育,,01010000208A11000098DA520779055E40404371C79B443D40,120.08567334647407,29.26796376587955,"              format_address2
0  浙江省金华市义乌市江东街道欣欣向荣幼儿园(黎明湖路)"
120,358.0,426.0,678.0,12944.0,义乌市苏溪镇溪北小太阳幼儿园,义乌市苏溪镇溪北村6号,120.160008,29.418308,金华市,义乌市,苏溪镇,幼儿园,330782.0,学前教育,,01010000208A11000048C631923D0A5E40C0A7AB3B166B3D40,120.15993636058619,29.41833816204389,"           format_address2
0  浙江省金华市义乌市苏溪镇刑里线溪北小太阳幼儿园"
121,365.0,434.0,694.0,13181.0,义乌市儿童乐园幼稚园,义乌市江滨中路义乌乐园内,120.068378,29.294727,金华市,义乌市,稠城街道,幼儿园,330782.0,学前教育,,01010000208A11000008711E4E60045E40903F8A3A734B3D40,120.06845975358573,29.29450187027595,"                 format_address2
0  浙江省金华市义乌市稠城街道义乌市儿童乐园幼稚园义乌海洋世界"
122,366.0,435.0,697.0,13280.0,杭州市西湖区华门托儿所,杭州市教工路316号,120.130455,30.293901,杭州市,西湖区,西溪街道,幼儿园,330106.0,学前教育,,01010000208A11000060A6ED5F59085E4000438F183D4B3E40,120.13045933079795,30.293838832275668,"                    format_address2
0  浙江省杭州市西湖区西溪街道沙县速食(教工路)新德雅公寓(教工路)"
123,373.0,450.0,724.0,13785.0,杭州市西湖区百家园路幼儿园,杭州市西湖区百家园路91号,120.0542957,30.24987737,杭州市,西湖区,留下街道,幼儿园,330106.0,学前教育,,01010000208A11000030E7D69479035E4010299CF6F73F3E40,120.05427277555596,30.24977496643028,"              format_address2
0  浙江省杭州市西湖区留下街道西溪明珠幼儿园百家园幼儿园"
124,383.0,463.0,755.0,14220.0,义乌市北苑街道复兴幼儿园,浙江省金华市义乌市北苑街道复兴一区36幢,120.0522056,29.3145008,金华市,义乌市,北苑街道,幼儿园,330782.0,学前教育,,01010000208A110000E01D535657035E40E090DA1F83503D40,120.05226260720724,29.314491522313226,"          format_address2
0  浙江省金华市义乌市北苑街道复兴幼儿园复兴1区"
125,384.0,465.0,758.0,14285.0,义乌市北苑美洋洋幼儿园,浙江省金华市义乌市北苑街道青莲二区53幢,120.0625641,29.34466303,金华市,义乌市,北苑街道,幼儿园,330782.0,学前教育,,01010000208A110000D8D9DA0C01045E4080FD19D63B583D40,120.06252725750372,29.34475287602764,"           format_address2
0  浙江省金华市义乌市北苑街道美洋洋幼儿园青莲2区"
