,objectid,name,address,point_x,point_y,dsmc,qxmc,xzmc,xxlb,xzqdm,dj,gdb_geomattr_data,shape,verify_point_x,verify_point_y,verify_address
0,85.0,义乌市黄山小学,义乌市上溪镇黄山村,119.9124289,29.3366036,金华市,义乌市,上溪镇,小学,,初等教育,,01010000208A110000D8F6FD3B65FA5D40504E56A72B563D40,119.9123,29.33674,金华市义乌市黄山一村义乌市上溪镇黄山小学
1,127.0,杭州市余杭区运河兴旺幼儿园,杭州市余杭区运河街道东湖北路南栅口社区自强链条,120.2951604,30.45909794,杭州市,余杭区,运河街道,幼儿园,330110.0,学前教育,,01010000208A110000E02B45E8E3125E4080AA497187753E40,120.29528,30.45933,杭州市临平区余杭开发区东湖北路471号西南方向90米兴旺幼儿园
2,149.0,义乌市福田爱德幼儿园,义乌市福田街道下西陶村56-58号,120.1195632,29.37959418,金华市,义乌市,福田街道,幼儿园,330782.0,学前教育,,01010000208A110000C0B65DECA6075E4010AC7B152D613D40,120.11942,29.37964,金华市义乌市荷叶塘下西陶荷叶塘中学后门对面西南方向96米爱德幼儿园
3,180.0,宁波市海曙区集士港镇白岳幼儿园,宁波市海曙区集士港镇岳童村童家横221号,121.4228335,29.88934498,宁波市,海曙区,集士港镇,幼儿园,330203.0,学前教育,,01010000208A11000080812EB40F5B5E404024E51CACE33D40,121.422893,29.889262,宁波市海曙区岳童村203正东方向88米白岳幼儿园
4,222.0,宁波市海曙区石\街道栎社小学,栎社村74号,121.4805655,29.80817883,宁波市,海曙区,石\街道,小学,330203.0,初等教育,,01010000208A110000682FD695C15E5E40F076D0CEE4CE3D40,121.480719,29.808151,宁波市海曙区栎社街74号海曙区栎社小学
5,369.0,宁波市海曙区古林镇张家潭幼儿园,宁波市海曙区古林镇张家潭村1号,121.471022,29.84562605,宁波市,海曙区,古林镇,幼儿园,330203.0,学前教育,,01010000208A110000A0945A39255E5E405065E5F27AD83D40,121.471104,29.845646,宁波市海曙区古林镇张家潭幼儿园
6,482.0,义乌市福田鑫焕幼儿园,义乌市福田银海二区15幢1号,120.1005592,29.34425551,金华市,义乌市,福田街道,幼儿园,330782.0,学前教育,,01010000208A110000907B01906F065E40709F082121583D40,120.10064,29.3443300000001,金华市义乌市银海二区15幢银海鑫焕幼儿园
7,682.0,浙江省级机关北山幼儿园,杭州市西湖区宝石社区,120.146235,30.26479031,杭州市,西湖区,北山街道,幼儿园,330106.0,学前教育,,01010000208A110000A802F4E95B095E4070BF394CC9433E40,120.14616,30.26496,杭州市西湖区保m路45浙江省级机关北山幼儿园
8,795.0,宁波市新芝幼儿园,柳翠街80号；永丰西路98弄54号,121.5265747,29.89031518,宁波市,海曙区,西门街道,幼儿园,,学前教育,,01010000208A110000D05D6666B3615E40001E22B2EBE33D40,121.52641,29.8904,宁波市海曙区柳翠街80宁波市新芝幼儿园
9,886.0,杭州市西湖区紫金港幼儿园,杭州市五常港路与蒋墩路交叉口,120.063774,30.30370152,杭州市,西湖区,三墩镇,幼儿园,330106.0,学前教育,,01010000208A11000050288CDF14045E40408EF761BF4D3E40,120.06369,30.30376,杭州市西湖区五常港路469正西方向145米浙大紫金港幼儿园
10,953.0,义乌市新义中学,义乌市西城路412号,120.056842,29.3139654,金华市,义乌市,北苑街道,十二年一贯制学校,330782.0,中等教育,,01010000208A110000A0A9734CA3035E40D030480960503D40,120.05684,29.31396,金华市义乌市出国留学语言培训中心
11,1026.0,义乌市北苑望道路幼儿园,浙江省金华市义乌市北苑街道柳一村委会,120.0392496,29.34287129,金华市,义乌市,北苑街道,幼儿园,330782.0,学前教育,,01010000208A110000E85D991083025E40102CBE69C6573D40,120.03922,29.34271,金华市义乌市望道路幼儿园
12,1108.0,宁波市海曙区石\街道宸卿小学,浙江省宁波市海曙区石\街道塘西中路111-1,121.5028911,29.83519687,宁波市,海曙区,石\街道,小学,330203.0,初等教育,,01010000208A11000070C6065E2F605E4020C84176CFD53D40,121.502866,29.835146,宁波市海曙区宸卿小学
13,1171.0,义乌市义亭红果果幼儿园,义乌市义亭镇前屋村李宅116号,119.9570079,29.20631777,金华市,义乌市,义亭镇,幼儿园,330782.0,学前教育,,01010000208A11000028291F9E3FFD5D40D0BBCA3DD1343D40,119.957,29.20631,金华市义乌市红果果幼儿园
14,1219.0,义乌市后宅街道洪华凯旋幼儿园,后宅街道洪华村,120.0717659,29.35710862,金华市,义乌市,后宅街道,幼儿园,330782.0,学前教育,,01010000208A110000D0D3CCCF97045E4080B96F786B5B3D40,120.07164,29.35707,金华市义乌市后宅街道洪华新村40幢洪华凯旋幼儿园
15,1380.0,宁波市海曙区横街镇中心幼儿园,浙江省宁波市海曙区横街镇南洋河畔1号,121.3919793,29.85665193,宁波市,海曙区,横街镇,幼儿园,330203.0,学前教育,,01010000208A110000C882663016595E40401C738A4DDB3D40,121.39192,29.85639,宁波市海曙区上阵新村海曙区横街中心幼儿园
16,1392.0,宁波市海曙区石\乐乐幼儿园,宁波市海曙区石\街道建庄村万金路杨家30号,121.5026459,29.81606579,宁波市,海曙区,石\街道,幼儿园,330203.0,学前教育,,01010000208A1100004886C4592B605E40C05114B0E9D03D40,121.50266,29.81615,宁波市海曙区石\乐乐幼儿园
17,1402.0,宁波市海曙区高桥镇灵云幼儿园,宁波市海曙区高桥镇望童路1108号,121.4767326,29.87940383,宁波市,海曙区,高桥镇,幼儿园,330203.0,学前教育,,01010000208A110000908665C9825E5E40305AEC9B20E13D40,121.476749,29.879219,宁波市海曙区望童路1108灵云幼儿园
18,1460.0,义乌市廿三里街道小白鸽幼儿园,义乌市廿三里街道后畈村一号,120.1639641,29.32739935,金华市,义乌市,廿三里街,幼儿园,330782.0,学前教育,,01010000208A110000F0363F637E0A5E40C0818771D0533D40,120.16387,29.32742,金华市义乌市廿三里镇信联街82号小白鸽幼儿园
19,1544.0,宁波市海曙区洞桥镇晨晨幼儿园,宁波市海曙区洞桥镇张家垫村1号,121.4164014,29.76347338,宁波市,海曙区,洞桥镇,幼儿园,330203.0,学前教育,,01010000208A110000189DEF51A65A5E40F02BCAFD72C33D40,121.41653,29.76356,宁波市海曙区张家垫570东北方向86米晨晨幼儿园
20,1589.0,浙江义乌枫叶国际学校,义乌市江东街道塔下洲A3区义乌枫叶国际学校,120.0408104,29.27179893,金华市,义乌市,江东街道,高级中学,330782.0,中等教育,,01010000208A110000086D00A39C025E4010705B9D94453D40,120.0407,29.2719,金华市义乌市塔下州A三区35幢正东方向44米义乌市枫叶国际学校附属学校
21,1682.0,杭州市翠苑中学,西湖区翠苑新村二区37幢,120.1216127,30.29288952,杭州市,西湖区,翠苑街道,初级中学,330106.0,中等教育,,01010000208A11000028829680C8075E40C0EBCECEFA4A3E40,120.12158,30.2928200000001,杭州市西湖区翠苑二区37幢杭州市翠苑中学翠苑校区
22,1698.0,杭州市西湖区政苑幼儿园,杭州市西湖区丰潭路政苑小区73-1,120.09754,30.29928232,杭州市,西湖区,三墩镇,幼儿园,330106.0,学前教育,,01010000208A110000100C37183E065E40508E2DC49D4C3E40,120.09756,30.2992300000001,杭州市西湖区政苑小区73-1政苑幼儿园
23,1778.0,义乌市后宅街道塘下幼儿园,义乌市后宅街道塘下村,120.0109237,29.36474331,金华市,义乌市,后宅街道,幼儿园,330782.0,学前教育,,01010000208A11000020B836F9B2005E40804B43D15F5D3D40,120.01098,29.3646,金华市义乌市塘下519后宅街道塘下幼儿园
24,1869.0,宁波市海曙区集士港镇祝家桥幼儿园,浙江省宁波市海曙区集士港镇祝家桥村1,121.444102,29.87873349,宁波市,海曙区,集士港镇,幼儿园,330203.0,学前教育,,01010000208A11000080FB972A6C5C5E40204580ADF4E03D40,121.444239,29.878633,宁波市海曙区祝家桥幼儿园
25,1900.0,杭州市西湖区转塘幼儿园,杭州市西湖区转塘街道大诸桥新村1号,120.0697482,30.16215738,杭州市,西湖区,转塘街道,幼儿园,330106.0,学前教育,,01010000208A110000D80B21C176045E40A0B9522583293E40,120.06967,30.16231,杭州市西湖区方家路9号杭州市西湖区转塘幼儿园
26,1911.0,宁波市海曙区高桥镇邵家幼儿园,浙江省宁波市海曙区高桥镇石塘村邵家81号,121.4300846,29.91490816,宁波市,海曙区,高桥镇,幼儿园,330203.0,学前教育,,01010000208A11000078199281865B5E403039E36B37EA3D40,121.42996,29.9149200000001,宁波市海曙区邵家幼儿园
27,2001.0,杭州市西湖区莲花港幼儿园,杭州市西斗门路146号,120.1062565,30.29253645,杭州市,西湖区,古荡街道,幼儿园,330106.0,学前教育,,01010000208A11000018C3EDE7CC065E40D0EE39ABE34A3E40,120.1062,30.29244,杭州市西湖区西斗门路146西湖区莲花港学前教育集团莲花港幼儿园
28,2014.0,杭州市余杭区大井幼儿园,杭州市余杭区乔司街道五星村,120.2451414,30.35123003,杭州市,余杭区,乔司街道,幼儿园,330110.0,学前教育,,01010000208A110000787D9565B00F5E4090560736EA593E40,120.24525,30.35103,杭州市临平区乔司泥桥村杭州市大井幼儿园
29,2022.0,宁波市海曙区集士港镇新星幼儿园,宁波市海曙区集士港镇湖山新村13号,121.4199196,29.88547733,宁波市,海曙区,集士港镇,幼儿园,330203.0,学前教育,,01010000208A110000A0B241F6DF5A5E4080D060A4AEE23D40,121.41984,29.8856,宁波市海曙区湖山新村14号新星幼儿园
30,2049.0,杭州市余杭区临平第五小学,杭州市余杭区东湖街道振兴东路46号,120.3200048,30.44354001,杭州市,余杭区,东湖街道,小学,330110.0,初等教育,,01010000208A110000302245F57A145E40608880D68B713E40,120.319981,30.443617,杭州市临平区临平第五小学
31,2075.0,义乌市大陈镇大陈初级中学,义乌市大陈镇丰润路,120.115918,29.456588,金华市,义乌市,大陈镇,初级中学,330782.0,中等教育,,01010000208A11000020C154336B075E4000BF7FF3E2743D40,120.11594,29.45671,金华市义乌市大陈镇初级中学
32,2112.0,义乌市北苑吉尔优幼儿园,浙江省金华市义乌市北苑街道柳三新村7区3幢,120.0415946,29.34714805,金华市,义乌市,北苑街道,幼儿园,330782.0,学前教育,,01010000208A11000028B2917CA9025E4040EAD5B1DE583D40,120.04171,29.34705,金华市义乌市柳三新村7区3幢吉尔优幼儿园
33,2315.0,宁波市海曙区高桥镇绿茵君尚幼儿园,宁波市海曙区蒲秀路15号,121.4568081,29.89081297,宁波市,海曙区,高桥镇,幼儿园,330203.0,学前教育,,01010000208A110000389E1A583C5D5E40A0D28B510CE43D40,121.45681,29.89066,宁波市海曙区蒲秀路15绿茵君尚幼儿园
34,2384.0,宁波市海曙润禾幼儿园,宁波市海曙区段塘丁家街86号1幢,121.5159327,29.83623522,宁波市,海曙区,段塘街道,幼儿园,330203.0,学前教育,,01010000208A11000028717A0A05615E40D0A9E98213D63D40,121.5158,29.8364100000001,宁波市海曙区丁家街86号丁家好又多
35,2462.0,杭州市余杭区启蒙・东方俊园幼儿园,杭州市余杭区南苑街道东方俊园俊景苑1幢,120.3112478,30.42548524,杭州市,余杭区,南苑街道,幼儿园,330110.0,学前教育,,01010000208A11000088240B7CEB135E401052CF99EC6C3E40,120.31115,30.42553,杭州市临平区红丰南路87号启蒙东方俊园幼儿园
36,2506.0,宁波市海曙区古林镇童趣幼儿园,宁波市海曙区古林镇礼嘉桥村方家耷1号,121.4962267,29.84679348,宁波市,海曙区,古林镇,幼儿园,330203.0,学前教育,,01010000208A1100008019782DC25F5E40705C2375C7D83D40,121.49628,29.846818,宁波市海曙区礼嘉桥方家耷村童趣幼儿园
37,2567.0,义乌市后宅街道北站幼儿园,义乌市后宅街道北站一区5栋,120.0453425,29.36967427,金华市,义乌市,后宅街道,幼儿园,330782.0,学前教育,,01010000208A110000A0A10EE4E6025E4010870FF9A25E3D40,120.04524,29.3696600000001,金华市义乌市北站一区5幢北站幼儿园
38,2729.0,宁波市海曙区古林镇包家幸福幼儿园,浙江省宁波市海曙区古林镇包家村1号,121.4833901,29.85030608,宁波市,海曙区,古林镇,幼儿园,330203.0,学前教育,,01010000208A110000886CF5DCEF5E5E4010B7AFA8ADD93D40,121.48331,29.85026,宁波市海曙区汪杨南路1号正东方向164米古林镇包家村幸福幼儿园
39,2754.0,杭州市余杭区天都城蒙特梭利幼儿园,浙江省杭州市余杭区星桥镇留月街122号,120.2466036,30.38230708,杭州市,余杭区,星桥街道,幼儿园,330110.0,学前教育,,01010000208A110000F003655AC80F5E40A08382E0DE613E40,120.24662,30.3823100000001,杭州市临平区留月街122天都城蒙特梭利幼儿园
40,2761.0,宁波市海曙区闻裕顺南苑幼儿园,海曙区南苑街127弄49号,121.5219984,29.85137045,宁波市,海曙区,段塘街道,幼儿园,330203.0,学前教育,,01010000208A11000028520B6C68615E40706AFC69F3D93D40,121.52187,29.85144,宁波市海曙区闻裕顺南苑幼儿园
41,2937.0,杭州普普幼儿园有限公司,杭州市西湖区振华路300号,120.0657446,30.31554728,杭州市,西湖区,三墩镇,幼儿园,330106.0,学前教育,,01010000208A1100004017DC2835045E4010C3CEB4C7503E40,120.0656374,30.3156694,杭州市西湖区振华路200号瑞鼎大厦斜对面西北方向100米普普幼儿园
42,2997.0,义乌市北苑星火幼儿园,浙江省义乌市北苑街道四季二区31幢,120.044735,29.32027157,金华市,义乌市,北苑街道,幼儿园,330782.0,学前教育,,01010000208A11000090743EF0DC025E4080833951FD513D40,120.04477,29.32031,金华市义乌市星火幼儿园
43,3004.0,宁波市海曙区古林镇金太阳幼儿园,宁波市海曙区古林镇薛家村1号,121.4964667,29.85917675,宁波市,海曙区,古林镇,幼儿园,330203.0,学前教育,,01010000208A110000E01A0B1CC65F5E405070E601F3DB3D40,121.49637,29.85905,宁波市海曙区薛家南路478正西方向169米金太阳幼儿园
44,3159.0,义乌市后宅绿泡泡幼儿园,义乌市后宅街道十二山头18栋,120.0499566,29.36417955,金华市,义乌市,后宅街道,幼儿园,330782.0,学前教育,,01010000208A110000A0D81C7D32035E40C06AFDDE3A5D3D40,120.04988,29.36415,金华市义乌市十二山头18幢绿泡泡幼儿园
45,3177.0,浙江育人专修学院,杭州市西湖区西园九路6号,120.0597935,30.32062125,杭州市,西湖区,三墩镇,民办的其他高等教育机构,330106.0,其他教育,,01010000208A1100006006F6A7D3035E4020BEFF3B14523E40,120.05979,30.3207,杭州市西湖区西园九路6号浙江育人专修学院
46,3208.0,义乌市铜溪小学,义乌市义亭镇稠义路170号,119.9483933,29.23795025,金华市,义乌市,义亭镇,小学,330782.0,初等教育,,01010000208A110000580EFF79B2FC5D40B01EC24EEA3C3D40,119.94846,29.23817,金华市义乌市稠义西路170义乌市铜溪小学
47,3250.0,德清县莫干山外国语学校,浙江省湖州市德清县武康镇乐成巷55号,119.9621919,30.5260034,湖州市,德清县,舞阳街道,九年一贯制学校,330521.0,中等教育,,01010000208A110000281F3E8D94FD5D40B0FE9F28A8863E40,119.9622,30.526,湖州市德清县乐成巷55莫干山外国语学校北门
48,3262.0,义乌市稠江街道红五星幼儿园,义乌市稠江街道龙回新村31幢,120.0189398,29.2902845,金华市,义乌市,稠江街道,幼儿园,330782.0,学前教育,,01010000208A1100009001164F36015E40A026B515504A3D40,120.01901,29.2901800000001,金华市义乌市龙回四区71幢龙回红五星幼儿园
49,3299.0,宁波市海曙牡丹幼儿园,海曙区段塘东路107弄8号,121.5180203,29.8451405,宁波市,海曙区,段塘街道,幼儿园,330203.0,学前教育,,01010000208A110000F056B43E27615E4060D8A6205BD83D40,121.517940224,29.8451649020001,宁波市海曙区段塘东路107弄8号牡丹幼儿园
50,3410.0,义乌市江东街道孔村黎明幼儿园,浙江省义乌市江东街道孔村一区65幢,120.0660216,29.26832163,金华市,义乌市,江东街道,幼儿园,330782.0,学前教育,,01010000208A110000A0118AB239045E40D03FFAB9B0443D40,120.065899,29.268391,金华市义乌市孔村一区65黎明幼儿园
51,3448.0,宁波市海曙海光幼儿园,海曙区环城西路南段688弄57号,121.5184183,29.85753255,宁波市,海曙区,段塘街道,幼儿园,330203.0,学前教育,,01010000208A110000B8E91CC42D615E40F0CCD54087DB3D40,121.51829,29.857586,宁波市海曙区宁波市海光幼儿园
52,3468.0,义乌市残联育智学校,义乌市后宅街道银尔路12号,120.0513972,29.3697716,金华市,义乌市,后宅街道,弱智学校,330782.0,特殊教育,,01010000208A110000A0C89F174A035E405066F859A95E3D40,120.0514,29.3697100000001,金华市义乌市银尔路12号义乌市残联育智学校
53,3477.0,杭州财税会计学校（杭州财政税务干部学校）,浙江省杭州市西湖区翠苑街道花园社区文一路139号,120.1298637,30.29009921,杭州市,西湖区,翠苑街道,成人中等专业学校,330106.0,中等教育,,01010000208A1100009095EBAF4F085E40101206F1434A3E40,120.1298,30.2903600000001,杭州市西湖区文一路139号杭州财税会计学校
54,3484.0,杭州市西点幼儿园,杭州市西湖区文一西路雅仕苑内,120.1001804,30.28737665,杭州市,西湖区,文新街道,幼儿园,330106.0,学前教育,,01010000208A11000030340A5B69065E405062218491493E40,120.10017,30.28759,杭州市西湖区文一西路149号雅仕苑西点幼儿园
55,3491.0,义乌市东洲第一幼儿园,义乌市东洲花园眺雨苑10幢,120.1147147,29.31097732,金华市,义乌市,江东街道,幼儿园,330782.0,学前教育,,01010000208A1100007029187C57075E4020E7A6359C4F3D40,120.114735,29.310983,金华市义乌市东洲・眺雨苑10幢1东洲第一幼儿园
56,3520.0,宁波海曙区天天乐幼儿园,宁波市海曙区环城西路北段245弄39号,121.5162249,29.88953101,宁波市,海曙区,望春街道,幼儿园,330203.0,学前教育,,01010000208A110000D87251D409615E4060E8F54DB8E33D40,121.516247,29.889415,宁波市海曙区环城西路北段245弄39号天天乐幼儿园
57,3522.0,宁波市海曙区赫德双语幼儿园,宁波市海曙区解放南路10号,121.5459643,29.8628893,宁波市,海曙区,江厦街道,幼儿园,330203.0,学前教育,,01010000208A11000088AA1814F1625E4000462750E6DC3D40,121.54588,29.86286,宁波市海曙区解放南路10宁波市海曙区赫德双语幼儿园
58,3550.0,宁波市海曙区高桥镇阳光幼儿园,宁波市海曙区高桥镇高峰村马浦路2号,121.4625676,29.90388304,宁波市,海曙区,高桥镇,幼儿园,330203.0,学前教育,,01010000208A11000078B6EAB49A5D5E4000EAFBE064E73D40,121.46258,29.9038,宁波市海曙区马浦路2阳光幼儿园
59,3610.0,宁波市海曙区心爱心幼儿园,浙江省宁波市海曙区徐家漕路211弄39号,121.4912275,29.88497713,宁波市,海曙区,望春街道,幼儿园,330203.0,学前教育,,01010000208A110000E8E99545705F5E40E0A57FDC8DE23D40,121.49123,29.88487,宁波市海曙区徐家漕路211弄39号心爱心幼儿园
60,3623.0,义乌市廿三里街道麻车塘幼儿园,义乌市廿三里街道西田畈村8栋,120.1636016,29.35006914,金华市,义乌市,廿三里街,幼儿园,330782.0,学前教育,,01010000208A11000070F3D172780A5E4090A393219E593D40,120.16356,29.35,金华市义乌市西田畈村8幢1-2号麻车塘幼儿园
61,3630.0,宁波市海曙区集士港镇青垫幼儿园,浙江省宁波市海曙区集士港镇万众村青垫前街105号,121.4184206,29.85107766,宁波市,海曙区,集士港镇,幼儿园,330203.0,学前教育,,01010000208A110000787BFB66C75A5E40E02BAF39E0D93D40,121.418502,29.851111,宁波市海曙区万众村105青垫幼儿园
62,3738.0,宁波市海曙区石\红星学校,浙江省宁波市海曙区石\街道后仓村东边73号,121.4804256,29.82678348,宁波市,海曙区,石\街道,九年一贯制学校,330203.0,中等教育,,01010000208A1100003080D04ABF5E5E40A02D0315A8D33D40,121.4805,29.8269,宁波市海曙区后仓村东边宁波市海曙区石\红星小学
63,3817.0,宁波市海曙区高桥镇半路庵幼儿园,宁波市海曙区高桥镇秀丰路59号,121.472518,29.89430618,宁波市,海曙区,高桥镇,幼儿园,330203.0,学前教育,,01010000208A110000D848EABB3D5E5E4080980040F1E43D40,121.47243,29.8945000000001,宁波市海曙区秀丰路59半路庵幼儿园
64,3818.0,浙江机电技工学校,义乌市城北路60号,120.0799633,29.33630722,金华市,义乌市,稠城街道,职业高中学校,330782.0,中等教育,,01010000208A11000090DB581E1E055E4000B8D63A18563D40,120.080014,29.336167,金华市义乌市浙江省机电高级技工学校
65,3864.0,义乌市江东街道七彩临江幼儿园,义乌市江东街道临江后成一区5幢5号,120.0742894,29.29221082,金华市,义乌市,江东街道,幼儿园,330782.0,学前教育,,01010000208A110000183F1F28C1045E40F041FA53CE4A3D40,120.07429,29.2921200000001,金华市义乌市后成一区5幢七彩临江幼儿园
66,3929.0,杭州市余杭区江南春・闲林山水幼儿园,余杭区闲林街道华丰村闲林山水幼儿园,120.0096901,30.2363345,杭州市,余杭区,闲林街道,幼儿园,330110.0,学前教育,,01010000208A110000D02E07C39E005E401088E76A803C3E40,120.0096,30.2363300000001,杭州市余杭区闲林镇闲林山水江南春・闲林山水幼儿园
67,4040.0,义乌市江东哆哆熊幼儿园,浙江省义乌市江东街道通宝路202号,120.1356489,29.315914,金华市,义乌市,江东街道,幼儿园,330782.0,学前教育,,01010000208A110000404FB978AE085E4040877BBDDF503D40,120.13565,29.3159,金华市义乌市哆哆熊幼儿园
68,4090.0,义乌市廿三里街道畅想幼儿园,义乌市廿三里街道通宝路1745号,120.1743074,29.32780606,金华市,义乌市,廿三里街,幼儿园,330782.0,学前教育,,01010000208A11000088034EDA270B5E4060F30119EB533D40,120.174445,29.327792,金华市义乌市通宝路1745义乌市廿三里畅想幼儿园
69,4157.0,杭州市西湖区紫荆幼儿园,杭州市西湖区紫荆花路290号,120.0884649,30.29264573,杭州市,西湖区,文新街道,幼儿园,330106.0,学前教育,,01010000208A11000028948A68A9055E4080F5A3D4EA4A3E40,120.08849,30.29284,杭州市西湖区杭州市西湖区紫荆幼儿园北门
70,4181.0,杭州市西湖区文苑幼儿园,杭州市西湖区紫荆花路106号,120.089147,30.28103808,杭州市,西湖区,文新街道,幼儿园,330106.0,学前教育,,01010000208A1100007055C995B4055E4050A5851CF2473E40,120.08922,30.28109,杭州市西湖区紫荆花路106号杭州市西湖区文苑幼儿园
71,4184.0,宁波市海曙区高桥镇新安幼儿园,宁波市海曙区高桥镇望江村唐家漕130号,121.4901803,29.91017064,宁波市,海曙区,高桥镇,幼儿园,330203.0,学前教育,,01010000208A11000088365A1D5F5F5E4050FD63F100E93D40,121.4902,29.91017,宁波市海曙区唐家漕130高桥镇新安幼儿园
72,4194.0,义乌市后宅杜元幼儿园,义乌市后宅街道杜元村,120.0596081,29.36473748,金华市,义乌市,后宅街道,幼儿园,330782.0,学前教育,,01010000208A110000A824549ED0035E40B0A2736F5F5D3D40,120.05967,29.36477,金华市义乌市杜元小区65幢义乌市后宅街道杜元幼儿园
73,4237.0,义乌市廿三里新上社幼儿园,义乌市廿三里街道上社村348号,120.1727719,29.33125494,金华市,义乌市,廿三里街,幼儿园,330782.0,学前教育,,01010000208A1100004056E3B10E0B5E40C0A4A91FCD543D40,120.17264,29.33131,金华市义乌市上社村348新上社幼儿园
74,4277.0,宁波市海曙区高桥镇青苹果幼儿园,宁波市海曙区高桥镇望江村王家41号,121.4959358,29.90658813,宁波市,海曙区,高桥镇,幼儿园,330203.0,学前教育,,01010000208A110000987A8269BD5F5E403096E52816E83D40,121.496054,29.906834,宁波市海曙区王家41青苹果幼儿园
75,4290.0,义乌市稠江街道象山幼儿园,义乌市稠江街道象山社区青春路666号,119.9980085,29.27386954,金华市,义乌市,稠江街道,幼儿园,330782.0,学前教育,,01010000208A1100000089F35EDFFF5D40A01465501C463D40,119.99815,29.2738,金华市义乌市象山村象山幼儿园
76,4304.0,义乌市苏溪新岸幼儿园,义乌市苏溪镇朝阳街28号,120.1307172,29.41457608,金华市,义乌市,苏溪镇,幼儿园,330782.0,学前教育,,01010000208A11000010707CAB5D085E40509975A8216A3D40,120.13086,29.41456,金华市义乌市朝阳街28号新岸幼儿园
77,4349.0,义乌市稠城街道太阳人幼儿园,义乌市稠州中路391号,120.0669768,29.29910451,金华市,义乌市,稠城街道,幼儿园,330782.0,学前教育,,01010000208A1100008857D45849045E40305BE71C924C3D40,120.06691,29.29913,金华市义乌市太阳人幼儿园
78,4369.0,宁波市海曙区中原艺术幼儿园,宁波市海曙区郎官巷西弄14号,121.5314289,29.87689598,宁波市,海曙区,南门街道,幼儿园,330203.0,学前教育,,01010000208A110000406779EE02625E4090FA50417CE03D40,121.53134,29.87697,宁波市海曙区郎官巷西弄14海曙区中原艺术幼儿园
79,4388.0,杭州市余杭区万泰幼儿园,杭州市余杭区乔司街道锦良路22号,120.2769639,30.3924571,杭州市,余杭区,乔司街道,幼儿园,330110.0,学前教育,,01010000208A1100008048BEC6B9115E40D077961178643E40,120.27696,30.39246,杭州市临平区世纪大道西1015-51万泰幼儿园
80,4457.0,杭州市西湖区和家园幼儿园,杭州市西湖区杨梅山路305号,120.0588001,30.23824865,杭州市,西湖区,留下街道,幼儿园,330106.0,学前教育,,01010000208A11000020378761C3035E40F0A718DDFD3C3E40,120.05874,30.238,杭州市西湖区留下镇杨梅山路305号名苑学前教育集团和家园幼儿园
81,4496.0,宁波市海曙区集士港镇利华幼儿园,浙江省宁波市海曙区集士港镇翁家桥村153号,121.4389704,29.90157632,宁波市,海曙区,集士港镇,幼儿园,330203.0,学前教育,,01010000208A11000090A63A17185C5E4080D6B1B4CDE63D40,121.4389,29.90152,宁波市海曙区翁家桥村153新利华幼儿园
82,4522.0,义乌市北苑新蕾幼儿园,义乌市北苑街道拥军一区19幢,120.0468041,29.3246585,金华市,义乌市,北苑街道,幼儿园,330782.0,学前教育,,01010000208A11000058868ED6FE025E40E0C0D4D11C533D40,120.04676,29.324723,金华市义乌市拥军一区19幢新蕾幼儿园
83,4549.0,义乌市后宅未来星幼儿园,义乌市后宅街道下畈新村25幢1-2单元,120.0493413,29.38174065,金华市,义乌市,后宅街道,幼儿园,330782.0,学前教育,,01010000208A1100008017646828035E40D07B68C1B9613D40,120.04933,29.38186,金华市义乌市下畈村25幢1单元未来星幼儿园
84,4563.0,义乌市廿三里街道娃哈哈幼儿园,义乌市廿三里街道公园村34号,120.1676617,29.32798843,金华市,义乌市,廿三里街,幼儿园,330782.0,学前教育,,01010000208A1100000854F4F7BA0A5E4000BAB30CF7533D40,120.16773,29.32804,金华市义乌市公园村娃哈哈幼儿园
85,4608.0,义乌市廿三里聪明宝贝幼儿园,义乌市廿三里街道石柱下村38栋,120.156316,29.33726966,金华市,义乌市,廿三里街,幼儿园,330782.0,学前教育,,01010000208A1100003095EA14010A5E401039F84D57563D40,120.156331,29.337122,金华市义乌市廿三里石柱下38幢2单元聪明宝贝幼儿园
86,4641.0,宁波市海曙区古林镇蓝天幼儿园,宁波市海曙区古林镇中心路113号,121.4319829,29.83296846,宁波市,海曙区,古林镇,幼儿园,330203.0,学前教育,,01010000208A110000883CAD9BA55B5E40206AB96B3DD53D40,121.432,29.83314,宁波市海曙区古林中心路113号海曙区古林镇蓝天幼儿园
87,4683.0,义乌市江东街道展苑幼儿园,浙江省义乌市江东街道青口江干村清溪东路31号,120.1316618,29.31727289,金华市,义乌市,江东街道,幼儿园,330782.0,学前教育,,01010000208A11000028127D256D085E409029CACB38513D40,120.13166,29.3173,金华市义乌市清溪东路31号展苑幼儿园
88,4689.0,义乌市宾王小学教育集团,义乌市稠城街道宗泽路489号,120.0934747,29.32315359,金华市,义乌市,稠城街道,小学,330782.0,初等教育,,01010000208A1100001062737DFB055E40201CAA31BA523D40,120.09346,29.32315,金华市义乌市宗泽路489义乌市宾王小学教育集团银苑校区
89,4694.0,义乌市后宅街道神舟幼儿园,义乌市后宅神州路225号,120.0547674,29.35586224,金华市,义乌市,后宅街道,幼儿园,330782.0,学前教育,,01010000208A11000098DD0F4F81035E40F090B7C9195B3D40,120.05489,29.355801,金华市义乌市神舟路225号神舟幼儿园
90,4753.0,义乌市后宅街道曹村幼儿园,义乌市后宅街道曹村,120.015697,29.37659599,金华市,义乌市,后宅街道,幼儿园,330782.0,学前教育,,01010000208A11000048CCC82D01015E40C0AC339868603D40,120.015616,29.376737,金华市义乌市后宅街道曹村正东方向158米曹村幼儿园
91,4761.0,义乌市北苑街道清溪成红幼儿园,浙江省义乌市北苑街道青溪小区78幢,120.0619877,29.34990391,金华市,义乌市,后宅街道,幼儿园,330782.0,学前教育,,01010000208A11000028296F9BF7035E40D013874D93593D40,120.06204,29.34986,金华市义乌市厚富小区78幢成红幼儿园
92,4770.0,义亭镇畈田朱幼儿园,浙江省义乌市义亭畈田朱幼儿园,119.9259603,29.21250902,金华市,义乌市,义亭镇,幼儿园,330782.0,学前教育,,01010000208A110000D87DC3EE42FB5D40C0B5B6FD66363D40,119.92596,29.2125,金华市义乌市畈田朱畈田朱幼儿园
93,4775.0,杭州市西湖区凯乐幼儿园,杭州市西湖区常陇路10号5号楼,120.0793656,30.17491837,杭州市,西湖区,转塘街道,幼儿园,330106.0,学前教育,,01010000208A110000F8C29A5314055E4030815373C72C3E40,120.07951,30.17489,杭州市西湖区常陇路10号5号楼杭州凯乐幼儿园
94,4888.0,宁波市段塘学校,宁波市海曙区段塘街道粮丰街165号,121.5221521,29.84952635,宁波市,海曙区,段塘街道,九年一贯制学校,330203.0,中等教育,,01010000208A1100003896B7F06A615E402057128F7AD93D40,121.52217,29.84955,宁波市海曙区粮丰街165宁波市海曙区段塘学校
95,4943.0,义乌市江东街道青岩刘幼儿园,义乌市江东街道青岩刘B区3幢,120.08475,29.28901678,金华市,义乌市,江东街道,幼儿园,330782.0,学前教育,,01010000208A110000D097268B6C055E4060AFFA00FD493D40,120.08474,29.2890100000001,金华市义乌市青岩刘B区3幢青岩刘幼儿园
96,5022.0,义乌市廿三里街道蓝天幼儿园,义乌市廿三里街道公园村85号,120.1673079,29.32691415,金华市,义乌市,廿三里街,幼儿园,330782.0,学前教育,,01010000208A11000088ED512CB50A5E40807057A5B0533D40,120.16738,29.32681,金华市义乌市公园村85蓝天幼儿园
97,5054.0,宁波市海曙区宝宝慧.郎官幼儿园,宁波市海曙区假山新村24幢101室,121.5292343,29.87720684,宁波市,海曙区,南门街道,幼儿园,330203.0,学前教育,,01010000208A110000E03E68F9DE615E40B037AAA090E03D40,121.529190349,29.877235307,宁波市海曙区假山新村24幢101号宝宝慧・郎官幼儿园
98,5069.0,义乌市佛堂贝贝幼儿园,佛堂镇渡磬北路38号,120.0065277,29.20676763,金华市,义乌市,佛堂镇,幼儿园,330782.0,学前教育,,01010000208A110000F03D33F36A005E40203F1BB9EE343D40,120.006516,29.206477,金华市义乌市渡磬北路38贝贝幼儿园
99,5131.0,义乌市江东街道米朗幼儿园,浙江省义乌市下付小区100栋,120.0632188,29.28165338,金华市,义乌市,江东街道,幼儿园,330782.0,学前教育,,01010000208A110000A08CDCC60B045E40F0CAA46F1A483D40,120.06327,29.28173,金华市义乌市下傅小区100幢3号米朗幼儿园
100,5132.0,杭州市余杭区彭公中心幼儿园,杭州市余杭区石濑村郎家井20号,119.9186855,30.41124228,杭州市,余杭区,瓶窑镇,幼儿园,330110.0,学前教育,,01010000208A110000E8666FBECBFA5D409072822C47693E40,119.91868,30.41124,杭州市余杭区郎家井20彭公中心幼儿园
101,5134.0,义乌市南环幼儿园,义乌市江东街道江南三区92栋,120.0815202,29.28620528,金华市,义乌市,江东街道,幼儿园,330782.0,学前教育,,01010000208A110000102D62A037055E40706DDABF44493D40,120.081429,29.2863110000001,金华市义乌市江南三区92幢1南环幼儿园
102,5136.0,义乌市江东街道金喇叭幼儿园,义乌市江东街道前流新村58号,120.034847,29.24253549,金华市,义乌市,江东街道,幼儿园,330782.0,学前教育,,01010000208A110000E8F2B7EE3A025E40E0F651CE163E3D40,120.0347,29.24247,金华市义乌市前流新村58金喇叭幼儿园
103,5144.0,义乌市商苑幼儿园,义乌市江东街道商苑小区,120.084332,29.292802,金华市,义乌市,江东街道,幼儿园,330782.0,学前教育,,01010000208A11000068800BB265055E4010346612F54A3D40,120.0844,29.2926,金华市义乌市商苑江东商苑幼儿园
104,5165.0,义乌市佛堂镇初级中学,浙江省义乌市佛堂镇建设东路55号,120.02019,29.204348,金华市,义乌市,佛堂镇,初级中学,330782.0,中等教育,,01010000208A110000306DFFCA4A015E40C000892650343D40,120.02013,29.20442,金华市义乌市佛堂镇初级中学
105,5182.0,义乌市大陈镇东塘幼儿园,义乌市大陈镇杜门村委会,120.167599,29.500024,金华市,义乌市,大陈镇,幼儿园,330782.0,学前教育,,01010000208A110000E8F527F1B90A5E401037A79201803D40,120.16762,29.5000000000001,金华市义乌市东塘幼儿园
106,5210.0,杭州市西湖区翠苑第三幼儿园,杭州市西湖区翠苑新村三区63幢,120.1161812,30.29270714,杭州市,西湖区,翠苑街道,幼儿园,330106.0,学前教育,,01010000208A110000D8A437836F075E4020C9FADAEE4A3E40,120.116281,30.292548,杭州市西湖区翠苑新村三区63号杭州市西湖区翠苑第三幼儿园
107,5223.0,杭州市西湖区天虹幼儿园,杭州市西湖区紫荆花北路288号,120.086791,30.31502861,杭州市,西湖区,三墩镇,幼儿园,330106.0,学前教育,,01010000208A110000C851C3FB8D055E401013F8B6A5503E40,120.08676,30.314764,杭州市西湖区紫荆花路288西湖区天虹幼儿园天虹园
108,5267.0,德清县钟管镇中心幼儿园,德清县钟管镇永安街2号,120.1838837,30.64940733,湖州市,德清县,钟管镇,幼儿园,330521.0,学前教育,,01010000208A110000289908C0C40B5E40F08A038F3FA63E40,120.18389,30.6494000000001,湖州市德清县寺前路159钟管镇中心幼儿园
109,5299.0,义乌市福田拨浪鼓幼儿园,义乌市诚信二区30幢,120.112098,29.349085,金华市,义乌市,福田街道,幼儿园,330782.0,学前教育,,01010000208A11000098FC169D2C075E40308672A25D593D40,120.11203,29.3491900000001,金华市义乌市诚信二区30幢1号拨浪鼓幼儿园
110,5328.0,义乌市上溪塘西幼儿园,义乌市上溪镇塘西村18幢1号,119.914991,29.263621,金华市,义乌市,上溪镇,幼儿园,330782.0,学前教育,,01010000208A110000984869368FFA5D40F08975AA7C433D40,119.915103719,29.2638616680001,金华市义乌市塘西社区18幢2单元塘西幼儿园
111,5335.0,义乌市江东蓝星幼儿园,义乌市江东街道许宅村,120.049598,29.244533,金华市,义乌市,江东街道,幼儿园,330782.0,学前教育,,01010000208A11000098FC169D2C035E40F0CAF5B6993E3D40,120.04973,29.24445,金华市义乌市江东街道蓝星幼儿园
112,5349.0,杭州市西湖区蓝精灵幼儿园,杭州市西湖区双浦镇轮渡路16号,120.12295,30.123148,杭州市,西湖区,双浦镇,幼儿园,330106.0,学前教育,,01010000208A110000C042AD69DE075E40609198A0861F3E40,120.12284,30.12334,杭州市西湖区轮渡路16号西湖区蓝精灵幼儿园
113,5362.0,杭州市余杭区小林中心小学,浙江省杭州市余杭区临平镇东湖街道望梅路597号,120.248453,30.430955,杭州市,余杭区,临平街道,小学,330110.0,初等教育,,01010000208A110000F86569A7E60F5E40300C1F11536E3E40,120.248609,30.430856,杭州市临平区小林小学(3组旁)余杭区小林中心小学
114,5373.0,杭州市周浦小学,浙江省杭州市西湖区双浦镇周家埭忖408号,120.0687004,30.1028062,杭州市,西湖区,双浦镇,小学,330106.0,初等教育,,01010000208A110000909B859665045E40703CCA81511A3E40,120.06871,30.10281,杭州市西湖区周家埭408杭州市周浦小学
115,5386.0,杭州市余杭区中泰中心小学,杭州市余杭区中泰街道中泰路37号,119.921249,30.241245,杭州市,余杭区,中泰街道,小学,330110.0,初等教育,,01010000208A110000409E5DBEF5FA5D40D052793BC23D3E40,119.92108,30.24122,杭州市余杭区中泰路37中泰乡中心小学
116,5394.0,德清县雷甸镇初级中学,德清县雷甸镇新大街183号,120.1375005,30.52040473,湖州市,德清县,雷甸镇,初级中学,330521.0,中等教育,,01010000208A1100001045D1CECC085E402054943E39853E40,120.1375,30.52046,湖州市德清县新大街195正西方向25米雷甸镇初级中学
117,5413.0,杭州市余杭区运河中学,浙江省杭州市余杭区运河街道东新村委会,120.29605,30.487136,杭州市,余杭区,运河街道,初级中学,330110.0,中等教育,,01010000208A110000C8FEB27BF2125E4050B4E4F1B47C3E40,120.29598,30.4868300000001,杭州市临平区运溪路站33杭州市余杭区运河中学
118,5434.0,义乌市江东星星幼儿园,浙江省义乌市江东街道西赵村,120.035564,29.257273,金华市,义乌市,江东街道,幼儿园,330782.0,学前教育,,01010000208A110000903A3AAE46025E40D024B1A4DC413D40,120.03568,29.2573,金华市义乌市江东街道九联西赵村99号星星幼儿园
119,5510.0,宁波神舟学校,宁波鄞州区望春工业园区杉杉路2号,121.44992,29.839286,宁波市,海曙区,古林镇,完全中学,330203.0,中等教育,,01010000208A1100004074417DCB5C5E40A0FD8172DBD63D40,121.44988,29.83946,宁波市海曙区杉杉路2号宁波神舟学校
120,5518.0,义乌市江东街道江南幼儿园,义乌市江南一区20幢22号,120.06936,29.288961,金华市,义乌市,江东街道,幼儿园,330782.0,学前教育,,01010000208A110000A0E9EC6470045E40C0D11C59F9493D40,120.069352,29.289191,金华市义乌市江南一区20幢22号江南幼儿园
121,5522.0,义乌市福田前店幼儿园,义乌市福田街道森屋村75号,120.100211,29.383289,金华市,义乌市,福田街道,幼儿园,330782.0,学前教育,,01010000208A110000C0EC65DB69065E40A0EA573A1F623D40,120.10027,29.3833500000001,金华市义乌市森屋村75号前店幼儿园
122,5524.0,义乌市大陈镇中心幼儿园,义乌市大陈镇团结村,120.109604,29.457634,金华市,义乌市,大陈镇,幼儿园,330782.0,学前教育,,01010000208A110000B0E07EC003075E40A089778027753D40,120.10955,29.45763,金华市义乌市团结村大陈镇中心幼儿园
123,5538.0,杭州市星洲小学,杭州市西湖区紫荆花路288号,120.0885092,30.2911747,杭州市,西湖区,文新街道,小学,330106.0,初等教育,,01010000208A110000E8118122AA055E4020BEC46C8A4A3E40,120.08849,30.29128,杭州市西湖区紫荆花路288杭州市星洲小学南门
124,5551.0,杭州市西湖第一实验学校,浙江省杭州市西湖区转塘街道葛衙庄社区34号,120.0511304,30.18490683,杭州市,西湖区,转塘街道,九年一贯制学校,330106.0,中等教育,,01010000208A110000F8209FB845035E40403FDC0D562F3E40,120.05114,30.18495,杭州市西湖区转塘街道葛衙庄社区34号杭州市西湖第一实验学校
125,5585.0,义乌市黄杨梅小学,浙江省义乌市北苑街道三凯路56号,120.042737,29.310215,金华市,义乌市,北苑街道,小学,330782.0,初等教育,,01010000208A1100001055F833BC025E4090BA0F406A4F3D40,120.042763,29.310326,金华市义乌市北苑街道三凯路56号义乌市黄杨梅小学
126,5586.0,义乌市稠城街道蒲公英幼儿园,义乌市稠城街道南陈13幢1单元,120.082959,29.322199,金华市,义乌市,稠城街道,幼儿园,330782.0,学前教育,,01010000208A11000028FA43334F055E40D0CD37A27B523D40,120.08297,29.3221500000001,金华市义乌市南陈13幢蒲公英幼儿园
127,5614.0,义乌市稠江街道颖颖幼儿园,义乌市稠江街道新屋新村一区9,120.031627,29.272819,金华市,义乌市,稠江街道,幼儿园,330782.0,学前教育,,01010000208A110000E8AA402D06025E4040BA4A77D7453D40,120.03167,29.27286,金华市义乌市颖颖幼儿园
128,5753.0,宁波市海曙区石\街道城南公馆幼儿园,宁波市海曙区石\街道石\南路69号,121.504875,29.827889,宁波市,海曙区,石\街道,幼儿园,330203.0,学前教育,,01010000208A11000058643BDF4F605E40E0B79388F0D33D40,121.50484,29.82795,宁波市海曙区石\南路69号石\街道城南公馆幼儿园
129,5756.0,义乌市艺术学校,义乌市江东街道江东新村B226,120.083383,29.30073,金华市,义乌市,江东街道,小学,330782.0,初等教育,,01010000208A110000B882A62556055E4010ED2AA4FC4C3D40,120.083328,29.30084,金华市义乌市江东新村B226浙江省义乌市艺术学校
130,5794.0,义乌市赤岸镇启明星幼儿园,义乌市赤岸镇雪峰路4号,120.027619,29.146829,金华市,义乌市,赤岸镇,幼儿园,330782.0,学前教育,,01010000208A110000E06F7B82C4015E40C01AD99596253D40,120.02762,29.14678,金华市义乌市雪峰路4启明星幼儿园
131,5808.0,义乌市稠城街道新艺幼儿园,义乌市稠城街道兴中小区25幢10号,120.096082,29.32268,金华市,义乌市,稠城街道,幼儿园,330782.0,学前教育,,01010000208A11000000EF1D3526065E40C0120F289B523D40,120.096032,29.322571,金华市义乌市兴中小区25幢10号新艺幼儿园
132,5828.0,杭州市紫荆花学校,浙江省杭州市西湖区竞舟路222号,120.099991,30.28640715,杭州市,西湖区,文新街道,弱智学校,330106.0,特殊教育,,01010000208A11000058ACD14066065E40300096FA51493E40,120.1,30.28635,杭州市西湖区竞舟路222杭州市紫荆花学校
133,5898.0,义乌市夏演小学,浙江省义乌市城西街道夏桥街48号,119.963767,29.294695,金华市,义乌市,城西街道,小学,330782.0,初等教育,,01010000208A110000B07DC85BAEFD5D40704BAB21714B3D40,119.963758,29.294798,金华市义乌市夏桥街48号义乌市夏演小学
134,5911.0,德清县新市镇士林中心幼儿园,浙江省湖州市德清县新市镇士林居委会,120.1954932,30.59420686,湖州市,德清县,新市镇,幼儿园,330521.0,学前教育,,01010000208A11000048E010F6820C5E4050F0E7F01D983E40,120.1955,30.59419,湖州市德清县远景路129正南方向104米新市镇士林中心幼儿园
135,5925.0,杭州市余杭区乾元中心小学,杭州市余杭区东湖街道乾元社区假山前2号,120.268169,30.457634,杭州市,余杭区,临平街道,小学,330110.0,初等教育,,01010000208A11000040334FAE29115E40A089778027753E40,120.268112,30.457529,杭州市临平区假山前2乾元中心小学
136,6063.0,义乌市城西街道新江村幼儿园,浙江省义乌市城西街道西俞下东溪6号,119.995573,29.319082,金华市,义乌市,城西街道,幼儿园,330782.0,学前教育,,01010000208A110000F8F1D077B7FF5D4000BEA25BAF513D40,119.99554,29.319,金华市义乌市新江村新江幼儿园
137,6070.0,杭州市余杭区崇贤中学,杭州市余杭区崇贤街道向阳村骆家塘79号,120.160297,30.388228,杭州市,余杭区,崇贤街道,初级中学,330110.0,中等教育,,01010000208A1100006829594E420A5E40406403E962633E40,120.16044,30.38812,杭州市临平区崇贤镇向阳村崇贤中学
138,6099.0,义乌市上溪镇上溪幼儿园,义乌市上溪镇三村,119.931433,29.287244,金华市,义乌市,上溪镇,幼儿园,330782.0,学前教育,,01010000208A110000905A28999CFB5D40E0F8A1D288493D40,119.93154,29.28741,金华市义乌市文明北路68号义乌市上溪幼儿园
139,6100.0,德清县洛舍镇中心幼儿园,德清县洛舍镇昌达路37号,120.080841,30.6376041,湖州市,德清县,洛舍镇,幼儿园,330521.0,学前教育,,01010000208A1100009801DB7F2C055E40A01DA4053AA33E40,120.080859,30.637601,湖州市德清县复兴南路26洛舍镇中心幼儿园
140,6123.0,宁波市海曙区气象路幼儿园,宁波市海曙区气象路667号,121.506873,29.86253,宁波市,海曙区,段塘街道,幼儿园,330203.0,学前教育,,01010000208A110000708E739B70605E40A0D11DC4CEDC3D40,121.506873009,29.8625299920001,宁波市海曙区宁波市海曙区段塘街道气象路667号宁波市海曙区气象路幼儿园
141,6133.0,义乌市苏溪镇永新幼儿园,义乌市苏溪镇永康路128号,120.128819,29.419545,金华市,义乌市,苏溪镇,幼儿园,330782.0,学前教育,,01010000208A110000A0060C923E085E405033164D676B3D40,120.12894,29.4198000000001,金华市义乌市苏溪永康路128号永新幼儿园
142,6151.0,义乌市上溪镇云门幼儿园,义乌市上溪镇上溪二村社区服务中心旁,119.930156,29.285681,金华市,义乌市,上溪镇,幼儿园,330782.0,学前教育,,01010000208A110000680B08AD87FB5D40B016D86322493D40,119.93016,29.28579,金华市义乌市文明北路15号云门幼儿园
143,6250.0,义乌市福田小天使幼儿园,义乌市福田街道荷叶塘物华路13号,120.106133,29.369829,金华市,义乌市,福田街道,幼儿园,330782.0,学前教育,,01010000208A110000B00111E2CA065E40C01C041DAD5E3D40,120.106,29.36999,金华市义乌市物华路13号小天使幼儿园
144,6255.0,杭州市余杭区星桥中学,杭州市余杭区星桥街道藕花洲大街西段329号,120.254052,30.397805,杭州市,余杭区,星桥街道,初级中学,330110.0,中等教育,,01010000208A110000F0DE516342105E40702F698CD6653E40,120.25414,30.39775,杭州市临平区藕花洲大街西段329号星桥中学
145,6270.0,义乌市上溪镇小叮当幼儿园,义乌市上溪镇百安街21号3-10,119.940225,29.286977,金华市,义乌市,上溪镇,幼儿园,330782.0,学前教育,,01010000208A11000070787AA52CFC5D4040B41D5377493D40,119.940215,29.286984,金华市义乌市百安街21小叮当幼儿园
146,6280.0,德清县新市镇第二幼儿园,德清县新市镇厚皋村,120.274423,30.59500547,湖州市,德清县,新市镇,幼儿园,330521.0,学前教育,,01010000208A110000B0E9552590115E40602E534752983E40,120.274432,30.5950330000001,湖州市德清县新市第二幼儿园
147,6294.0,义乌市北苑路北幼儿园,义乌市北苑街道春晗二区109幢,120.067686,29.335561,金华市,义乌市,北苑街道,幼儿园,330782.0,学前教育,,01010000208A1100006819A9F754045E4020D06053E7553D40,120.06756,29.3355,金华市义乌市春晗二区109幢北苑街道路北幼儿园
148,6407.0,义乌市稠江楼下村幼儿园,义乌市稠江街道楼下村昌德路119号,120.051008,29.285147,金华市,义乌市,稠江街道,幼儿园,330782.0,学前教育,,01010000208A11000068F50EB743035E40708DCF64FF483D40,120.050951,29.285205,金华市义乌市昌德路121稠江楼下村幼儿园
149,6421.0,杭州市余杭区塘栖镇第三中学,杭州市余杭区塘栖镇文苑路33号,120.190934,30.472008,杭州市,余杭区,塘栖镇,初级中学,330110.0,中等教育,,01010000208A110000706C3D43380C5E4050732B84D5783E40,120.19097,30.47222,杭州市临平区杭州市塘栖第三中学
150,6474.0,义乌市塘李小学,浙江省义乌市后宅街道三川塘村79号,120.014053,29.375623,金华市,义乌市,后宅街道,小学,330782.0,初等教育,,01010000208A11000048DA8D3EE6005E4020A034D428603D40,120.01391,29.3757900000001,金华市义乌市川塘村79义乌市塘李小学
151,6529.0,义乌市佛堂镇佛堂小学,义乌市佛堂镇大成路368号。,120.011022,29.197326,金华市,义乌市,佛堂镇,小学,330782.0,初等教育,,01010000208A11000058629E95B4005E4080A6ECF483323D40,120.010991,29.197521,金华市义乌市大成路368佛堂小学
152,6535.0,宁波市海曙区田莘耕中学,宁波市海曙区石\街道塘西中路98号,121.501418,29.835166,宁波市,海曙区,石\街道,初级中学,330203.0,中等教育,,01010000208A11000008E8853B17605E4030BB6070CDD53D40,121.501418,29.835166,宁波市海曙区塘西村宁波市海曙区田莘耕中学
153,6659.0,杭州市余杭区径山镇潘板中心小学,杭州市余杭区径山镇求是村塘东2-1,119.873403,30.376393,杭州市,余杭区,径山镇,小学,330110.0,初等教育,,01010000208A110000A04EB2D5E5F75D408071A94A5B603E40,119.873403,30.376393,杭州市余杭区杭州市余杭区径山镇潘板求塘东2-1号杭州市余杭区径山镇潘板中心小学
154,6674.0,义乌市宾王中学,宗泽路211号,120.088441,29.324881,金华市,义乌市,稠城街道,初级中学,330782.0,中等教育,,01010000208A11000008A87004A9055E408017B6662B533D40,120.088337,29.324861,金华市义乌市宗泽路211义乌市宾王中学
155,6702.0,杭州市竞舟小学,浙江省杭州市西湖区竞舟路221号,120.0983227,30.28661627,杭州市,西湖区,文新街道,小学,330106.0,初等教育,,01010000208A110000D0C518EB4A065E40D05423AF5F493E40,120.09836,30.2866,杭州市西湖区竞舟路221杭州市竞舟小学
156,6710.0,宁波市海曙第二外国语学校,宁波市海曙区乌含巷18号,121.53708,29.878871,宁波市,海曙区,鼓楼街道,九年一贯制学校,330203.0,中等教育,,01010000208A11000078D5CA845F625E4020679AB0FDE03D40,121.537001087,29.8789815870001,宁波市海曙区乌含巷18号宁波市海曙第二外国语学校
157,6720.0,德清县乾元镇清溪小学,德清县乾元镇县东街52号,120.0845384,30.55047986,湖州市,德清县,乾元镇,小学,330521.0,初等教育,,01010000208A110000C0FA871369055E4000837F3FEC8C3E40,120.08454,30.55052,湖州市德清县县街52清溪小学
158,6769.0,杭州市余杭蔚澜学校,余杭区高教路968-6,120.022336,30.276132,杭州市,余杭区,五常街道,九年一贯制学校,330110.0,中等教育,,01010000208A1100008061F9F36D015E4010613596B0463E40,120.022292177,30.2762655060001,杭州市余杭区蔚澜学校文澜未来科技城学校
159,6798.0,杭州市袁浦小学,浙江省杭州市西湖区双浦镇兰溪口村1号,120.1164813,30.11727728,杭州市,西湖区,双浦镇,小学,330106.0,初等教育,,01010000208A11000058CF1C6E74075E40800C4FE2051E3E40,120.11655,30.1171,杭州市西湖区双浦镇兰溪口村1号杭州市袁浦小学
160,6817.0,义乌市福田鑫苑幼儿园,义乌市福田诚信一区53幢1号,120.10947,29.349477,金华市,义乌市,福田街道,幼儿园,330782.0,学前教育,,01010000208A1100002879758E01075E4040B41D5377593D40,120.109584,29.349506,金华市义乌市诚信一区53幢1号鑫苑幼儿园
161,6915.0,杭州市余杭区金成外国语小学,浙江省杭州市余杭区闲林街道华丰社区,120.007659,30.237669,杭州市,余杭区,闲林街道,小学,330110.0,初等教育,,01010000208A11000048A12C7C7D005E40E04526E0D73C3E40,120.00767,30.23751,杭州市余杭区天目山路203金成外国语小学
162,6932.0,义乌市稠江街道快乐天使幼儿园,义乌市稠江街道永祥社区楼下村路48-50号,120.052119,29.287512,金华市,义乌市,稠江街道,幼儿园,330782.0,学前教育,,01010000208A1100000020EEEA55035E402035ED629A493D40,120.05206,29.28755,金华市义乌市楼下村路48~50号快乐天使幼儿园
163,6961.0,宁波荣安实验中学,宁波市海曙区气象路189号,121.514668,29.862147,宁波市,海曙区,段塘街道,完全中学,330203.0,中等教育,,01010000208A11000010130D52F0605E40305871AAB5DC3D40,121.51468,29.8623700000001,宁波市海曙区气象路189号宁波荣安实验中学
164,6979.0,杭州市西溪中学,浙江省杭州市西湖区文三西路668号,120.0858051,30.27776133,杭州市,西湖区,蒋村街道,初级中学,330106.0,中等教育,,01010000208A11000030BD91D47D055E400026D05D1B473E40,120.08579,30.277754,杭州市西湖区文三西路668号杭州市十五中(西溪中学)
165,7052.0,义乌市北苑新思维幼儿园,浙江省金华市义乌市北苑街道丹溪二区32幢,120.054554,29.326152,金华市,义乌市,北苑街道,幼儿园,330782.0,学前教育,,01010000208A11000070770FD07D035E4060868DB27E533D40,120.054659,29.32621,金华市义乌市丹溪二区32幢新思维幼儿园
166,7080.0,义乌市福田下华店幼儿园,义乌市福田下华店村,120.14002,29.342766,金华市,义乌市,福田街道,幼儿园,330782.0,学前教育,,01010000208A11000050327216F6085E40402E3883BF573D40,120.140147,29.342782,金华市义乌市下华店村5号下华店幼儿园
167,7084.0,德清县三合中心学校,浙江省德清县下渚湖街道八字桥集镇校园路38号,120.0300032,30.47778228,湖州市,德清县,下渚湖街,九年一贯制学校,330521.0,中等教育,,01010000208A110000B0D96F92EB015E40D05276F04F7A3E40,120.03006,30.47786,湖州市德清县校园街38德清县三合中心学校
168,7108.0,宁波市海曙区洞桥镇宁锋小学,浙江省宁波市海曙区洞桥镇潘沙路1158号,121.409376,29.759544,宁波市,海曙区,洞桥镇,小学,330203.0,初等教育,,01010000208A11000018F16437335A5E4080DFBF7971C23D40,121.40923,29.7596800000001,宁波市海曙区洞桥镇宁锋小学
169,7126.0,宁波市华天小学,浙江省宁波市国丰街70号,121.5135929,29.86945547,宁波市,海曙区,白云街道,小学,330203.0,初等教育,,01010000208A1100003050C2B4DE605E40F0AE34A294DE3D40,121.5136,29.86946,宁波市海曙区国丰街70宁波市华天小学
170,7133.0,杭州市余杭区塘栖第二中学,浙江省杭州市余杭区塘栖镇东小河社区,120.185057,30.483259,杭州市,余杭区,塘栖镇,初级中学,330110.0,中等教育,,01010000208A11000058B950F9D70B5E40607FA0DCB67B3E40,120.18512,30.48323,杭州市临平区里仁路28塘栖第二中学
171,7206.0,杭州市余杭区仁和中心小学,杭州市余杭区仁和街道求学路2号,120.083216,30.447911,杭州市,余杭区,仁和街道,小学,330110.0,初等教育,,01010000208A11000040A0336953055E40C084984BAA723E40,120.08322,30.44788,杭州市余杭区求学路1号西南方向67米仁和中心小学
172,7216.0,义乌市稠江中心幼儿园,义乌市稠江街道松门里社区枫华路100号,120.040505,29.303252,金华市,义乌市,稠江街道,幼儿园,330782.0,学前教育,,01010000208A110000C89448A297025E4050724EECA14D3D40,120.04051,29.30328,金华市义乌市枫华路100义乌市稠江中心幼儿园
173,7280.0,宁波市尹江岸小学,宁波市海曙区甬水桥路65号,121.5342035,29.85756554,宁波市,海曙区,南门街道,小学,330203.0,初等教育,,01010000208A110000D8DAC86330625E40F04B3B6A89DB3D40,121.53421,29.85757,宁波市海曙区三市路201临尹江岸小学
174,7298.0,德清县新市镇第一幼儿园,浙江省湖州市德清县新市镇南昌社区居委会,120.2894531,30.61630656,湖州市,德清县,新市镇,幼儿园,330521.0,学前教育,,01010000208A110000D8E6246686125E40A0EB3E44C69D3E40,120.28946,30.61626,湖州市德清县德清县新市镇第一幼儿园
175,7340.0,杭州市余杭区良福幼儿园,杭州市余杭区乔司街道良熟村,120.277642,30.384199,杭州市,余杭区,乔司街道,幼儿园,330110.0,学前教育,,01010000208A110000C07FF3E2C4115E40F0279CDD5A623E40,120.277628,30.384221,杭州市临平区良熟村村委旁良福幼儿园
176,7420.0,义乌市江东街道嘉鸿幼儿园,江东二小区嘉鸿路200号,120.091563,29.308938,金华市,义乌市,江东街道,幼儿园,330212.0,学前教育,,01010000208A11000080A10E2BDC055E40E07D8E8F164F3D40,120.0914,29.30908,金华市义乌市嘉鸿路200号嘉鸿幼儿园
177,7473.0,义乌市前洪小学,义乌市北苑街道前洪村前洪小学,120.0188645,29.32725138,金华市,义乌市,北苑街道,小学,330782.0,初等教育,,01010000208A110000C8839C1335015E40C0AB16BFC6533D40,120.01887,29.32725,金华市义乌市北苑街道前洪村前洪小学
178,7490.0,义乌市城西街道益公山幼儿园,义乌市城西街道益公山西区9幢,119.979597,29.294116,金华市,义乌市,城西街道,幼儿园,,学前教育,,01010000208A110000A0909DB7B1FE5D40F03AA92F4B4B3D40,119.97957,29.29421,金华市义乌市益公山西区5幢益公山幼儿园
179,7569.0,义乌市稠江街道启苗幼儿园,义乌市稠江街道宏迪路20号,120.058191,29.302318,金华市,义乌市,稠江街道,幼儿园,330782.0,学前教育,,01010000208A110000F87ABE66B9035E4000FE62B6644D3D40,120.0581,29.30214,金华市义乌市宏迪路20启苗幼儿园东门
180,7600.0,义乌市北苑街道小红花幼儿园,浙江省金华市义乌市北苑街道柳青一区11幢,120.043852,29.344402,金华市,义乌市,北苑街道,幼儿园,330782.0,学前教育,,01010000208A11000050779E78CE025E4050ADBEBA2A583D40,120.0437,29.34446,金华市义乌市小红花幼儿园
181,7624.0,义乌市江湾小学,义乌市富港大道F501号,120.022995,29.265234,金华市,义乌市,稠江街道,小学,330782.0,初等教育,,01010000208A110000303E05C078015E4090C91B60E6433D40,120.0229,29.26532,金华市义乌市江湾小学
182,7631.0,义乌市东河小学,浙江省义乌市城西街道东河工商街61号,119.986635,29.311625,金华市,义乌市,城西街道,小学,330782.0,初等教育,,01010000208A110000B085200725FF5D40B09DEFA7C64F3D40,119.9866,29.31135,金华市义乌市城西街道东河工商街2号正西方向78米东河小学
183,7695.0,义乌市北苑贝斯特幼儿园,浙江省金华市义乌市北苑街道季宅村委会,120.025474,29.312409,金华市,义乌市,北苑街道,幼儿园,330782.0,学前教育,,01010000208A1100008039B35DA1015E40E0F94509FA4F3D40,120.025451,29.312195,金华市义乌市季宅二区45幢贝斯特幼儿园
184,7717.0,杭州市余杭区乔司永西幼儿园,杭州市余杭区乔司街道永西村,120.267692,30.366638,杭州市,余杭区,乔司街道,幼儿园,330110.0,学前教育,,01010000208A110000A859A0DD21115E409078EBFCDB5D3E40,120.26758,30.36646,杭州市临平区永西幼儿园
185,7734.0,宁波市海曙区古林镇布政小学,浙江省宁波市海曙区古林镇张家潭村1号,121.472815,29.843483,宁波市,海曙区,古林镇,小学,330203.0,初等教育,,01010000208A110000B883D899425E5E4060BB7B80EED73D40,121.47293,29.84329,宁波市海曙区古林镇布政小学斜对面忆家香餐馆
186,7808.0,杭州市余杭区东塘中心小学,余杭区仁和街道学德路5号,120.110724,30.455283,杭州市,余杭区,仁和街道,小学,330110.0,初等教育,,01010000208A11000078B81D1A16075E40C06C3B6D8D743E40,120.11069,30.45527,杭州市余杭区学德路5号东塘中心小学
187,7831.0,义乌市稠江街道大水畈幼儿园,义乌市稠江街道大水畈一区7幢,120.041782,29.302989,金华市,义乌市,稠江街道,幼儿园,330782.0,学前教育,,01010000208A110000F0E3688EAC025E40400CE6AF904D3D40,120.04187,29.30309,金华市义乌市大水畈村7幢稠江街道大水畈幼儿园
188,7847.0,义乌市福田尚经幼儿园,义乌市福田尚经工业区尚经信用社对面,120.133363,29.365833,金华市,义乌市,福田街道,幼儿园,330782.0,学前教育,,01010000208A110000C8DFF60489085E4030CC423BA75D3D40,120.13333,29.36591,金华市义乌市稠城街道下骆宅尚经村正北方向78米尚经幼儿园
189,7952.0,义乌市江东街道东苑幼儿园,浙江省义乌市江东街道南下朱D区2栋,120.124678,29.31868,金华市,义乌市,江东街道,幼儿园,330782.0,学前教育,,01010000208A110000F8216FB9FA075E40A0E3310395513D40,120.12467,29.31872,金华市义乌市下朱D区2幢东苑幼儿园
190,7982.0,杭州市西湖区九莲幼儿园,杭州市九莲新村1号,120.1287813,30.2799068,杭州市,西湖区,翠苑街道,幼儿园,330106.0,学前教育,,01010000208A11000050ACCAF33D085E4080BFC6F8A7473E40,120.12879,30.27989,杭州市西湖区九莲新村1号杭州市西湖区九莲幼儿园
191,8021.0,杭州市余杭实验中学,浙江省杭州市余杭区临平街道上环桥社区,120.26892,30.421411,杭州市,余杭区,临平街道,高级中学,330110.0,中等教育,,01010000208A110000604F3BFC35115E40B02C5F97E16B3E40,120.26892,30.421411,杭州市临平区星光街121号杭州市余杭实验中学
192,8039.0,义乌市福田新塘下幼儿园,义乌市福田新塘下村,120.131748,29.344032,金华市,义乌市,福田街道,幼儿园,330782.0,学前教育,,01010000208A11000010D4298F6E085E4010C72C7B12583D40,120.131836,29.34404,金华市义乌市稠城街道下骆宅新塘下幼儿园
193,8062.0,浙江工业大学附属实验学校,杭州市西湖区留下街道杨梅山路388号,120.0516205,30.23550731,杭州市,西湖区,留下街道,九年一贯制学校,330106.0,中等教育,,01010000208A11000068D93DC04D035E40B088F5344A3C3E40,120.051621,30.235507,杭州市西湖区杨梅山路388号浙江工业大学附属实验学校
194,8073.0,义乌市赤岸镇毛店小学,浙江省金华市赤岸镇毛店镇前巷35号,119.9966693,29.10018607,金华市,义乌市,赤岸镇,小学,330782.0,初等教育,,01010000208A110000D8CF036EC9FF5D4020FC44CBA5193D40,119.99666,29.10019,金华市义乌市毛店村毛店小学
195,8092.0,杭州市西湖区留下幼儿园,杭州市西湖区留下街道安乐街33号,120.0528206,30.24370706,杭州市,西湖区,留下街道,幼儿园,330106.0,学前教育,,01010000208A110000B0E1826961035E40B0FA1196633E3E40,120.05283,30.24365,杭州市西湖区杭州市西湖区留下幼儿园
196,8138.0,义乌市赤岸博才幼儿园,义乌市赤岸镇双峰路1号,120.029626,29.148322,金华市,义乌市,赤岸镇,幼儿园,330782.0,学前教育,,01010000208A11000020477364E5015E4000473B6EF8253D40,120.02968,29.14836,金华市义乌市双峰路1号博才幼儿园
197,8182.0,义乌市绣湖幼儿园,浙江省金华市义乌市北苑街道建设二区68幢,120.0645951,29.31528163,金华市,义乌市,北苑街道,幼儿园,330782.0,学前教育,,01010000208A110000B0FA745322045E4030E1014CB6503D40,120.064603,29.31528,金华市义乌市建设二村68绣湖幼儿园
198,8202.0,义乌市江东中心幼儿园,义乌市江南四区55栋1号,120.070165,29.285281,金华市,义乌市,江东街道,幼儿园,330782.0,学前教育,,01010000208A110000B81457957D045E40902BF52C08493D40,120.070042,29.285183,金华市义乌市江南四区55幢义乌市江东中心幼儿园
199,8208.0,义乌市新科花园幼儿园,义乌市稠江街道新科花园B区5幢,120.031267,29.291203,金华市,义乌市,稠江街道,幼儿园,330782.0,学前教育,,01010000208A110000689C4D4700025E40407FA1478C4A3D40,120.03133,29.29136,金华市义乌市新科路新科花园B区5幢新世纪幼教集团新科幼儿园
200,8216.0,杭州市西湖区龙坞幼儿园,杭州市西湖区葛衙庄社区30号,120.0515405,30.18560683,杭州市,西湖区,转塘街道,幼儿园,330106.0,学前教育,,01010000208A11000030A54E704C035E40B0F1F1ED832F3E40,120.05155,30.18555,杭州市西湖区葛衙庄30龙坞幼儿园
201,8267.0,浙江师范大学附属义乌小学,浙江省义乌市稠江街道西江路500号,120.05091,29.283272,金华市,义乌市,稠江街道,小学,330782.0,初等教育,,01010000208A1100008842041C42035E4060DF878384483D40,120.05075,29.28328,金华市义乌市西江路500号浙江师范大学附属义乌小学
202,8297.0,义乌市稠江街道金村幼儿园,义乌市稠江街道中金村376号,120.003979,29.250015,金华市,义乌市,稠江街道,幼儿园,330782.0,学前教育,,01010000208A110000B8B7223141005E407082A8FB00403D40,120.00409,29.2500900000001,金华市义乌市金村幼儿园
203,8316.0,宁波市海曙区阳光艺术幼儿园,宁波市海曙区徐家漕路136-1号,121.495537,29.886138,宁波市,海曙区,望春街道,幼儿园,330203.0,学前教育,,01010000208A110000503DD2E0B65F5E4030BEA1F0D9E23D40,121.49557,29.88632,宁波市海曙区徐家漕路136号-1阳光艺术幼儿园
204,8341.0,义乌市稠江街道艺星幼儿园,义乌市稠江街道童店二区63幢,120.043225,29.286016,金华市,义乌市,稠江街道,幼儿园,330782.0,学前教育,,01010000208A110000A857CA32C4025E400022365838493D40,120.043084,29.286141,金华市义乌市童店二区63幢艺星幼儿园精品园
205,8364.0,余杭区杭州二中树兰实验学校,余杭区临平星光街1号,120.264045,30.418665,杭州市,余杭区,临平街道,九年一贯制学校,330110.0,中等教育,,01010000208A11000008EBFF1CE6105E40D0FA22A12D6B3E40,120.264045,30.418665,杭州市临平区星光街1号余杭区杭州二中树兰实验学校
206,8402.0,义乌市江东第一小学,义乌市江东中路367号,120.086532,29.298874,金华市,义乌市,江东街道,小学,330782.0,初等教育,,01010000208A110000B08383BD89055E40F09FA701834C3D40,120.08649,29.29895,金华市义乌市江东中路367义乌市江东第一小学
207,8427.0,义乌市机关实验幼儿园,义乌市稠城街道江滨社区民主路202号,120.067755,29.298176,金华市,义乌市,稠城街道,幼儿园,330782.0,学前教育,,01010000208A1100000049111956045E40C0732843554C3D40,120.0677,29.29822,金华市义乌市稠州中路408号西北方向97米义乌市机关实验幼儿园
208,8450.0,义乌市江东优凯幼儿园,浙江省义乌市下朱A区36幢,120.121497,29.321392,金华市,义乌市,江东街道,幼儿园,330782.0,学前教育,,01010000208A110000F8635A9BC6075E40303201BF46523D40,120.12167,29.3213,金华市义乌市下朱A区38优凯国际幼儿园
209,8469.0,义乌市佛堂镇江南街幼儿园,佛堂镇江南街村内,120.04325,29.238003,金华市,义乌市,佛堂镇,幼儿园,,学前教育,,01010000208A11000050E3A59BC4025E409059BDC3ED3C3D40,120.04328,29.23784,金华市义乌市佛堂镇江南街村江南街幼儿园
210,8489.0,义乌市义亭镇杭畴小学,义乌市义亭镇缸窑村北30号,119.957512,29.192997,金华市,义乌市,义亭镇,小学,330782.0,初等教育,,01010000208A110000C06169E047FD5D40E0395B4068313D40,119.95763,29.19322,金华市义乌市缸窖村北8东北方向65米义亭镇杭畴小学
211,8513.0,杭州市古荡第一小学,浙江省杭州市西湖区益乐路6-1号,120.1118011,30.2765079,杭州市,西湖区,古荡街道,小学,330106.0,初等教育,,01010000208A1100009883E2BF27075E4000C4D438C9463E40,120.11181,30.27651,杭州市西湖区益乐路6-1杭州市古荡第一小学
212,8540.0,义乌市江东街道下王幼儿园,义乌市江东街道东洲路237号,120.116758,29.313703,金华市,义乌市,江东街道,幼儿园,330782.0,学前教育,,01010000208A110000F8E28BF678075E4030A8FDD64E503D40,120.11672,29.31379,金华市义乌市东洲路237下王幼儿园
213,8542.0,义乌市苏溪信达幼儿园,义乌市苏溪镇工业园区月白塘社区2幢,120.130863,29.395064,金华市,义乌市,苏溪镇,幼儿园,330782.0,学前教育,,01010000208A1100006850340F60085E40B0D30FEA22653D40,120.1307,29.39492,金华市义乌市月白塘村信达幼儿园苏溪园
214,8546.0,义乌市城西双馨幼儿园,浙江省义乌市城西街道求真路660号,119.976996,29.300907,金华市,义乌市,城西街道,幼儿园,330782.0,学前教育,,01010000208A110000A8143B1A87FE5D403023BC3D084D3D40,119.97691,29.30096,金华市义乌市万商华府北81号东南方向39米双馨幼儿园
215,8561.0,义乌市江东街道商博幼儿园,义乌市江东街道下朱新村B区4幢,120.118327,29.318012,金华市,义乌市,江东街道,幼儿园,330782.0,学前教育,,01010000208A110000F8CE68AB92075E4050BC033C69513D40,120.11842,29.31809,金华市义乌市下朱B区4幢商博幼儿园
216,8583.0,杭州市余杭区启蒙铭苑幼儿园,余杭区五常街道横板桥碧水铭苑小区内,120.022244,30.251262,杭州市,余杭区,五常街道,幼儿园,330110.0,学前教育,,01010000208A110000102219726C015E4040BAD8B452403E40,120.02227,30.25135,杭州市余杭区横板桥社区联胜路江南水乡启蒙铭苑幼儿园
217,8608.0,义乌市赤岸镇尚阳小学,浙江省义乌市赤岸镇尚阳村,119.962624,29.097392,金华市,义乌市,赤岸镇,小学,330782.0,初等教育,,01010000208A1100001096B1A19BFD5D4060E49EAEEE183D40,119.96255,29.09752,金华市义乌市赤岸镇尚阳小学
218,8615.0,宁波市海曙区致和学校,海曙区环城西路南段32号,121.517619,29.878709,宁波市,海曙区,白云街道,九年一贯制学校,330203.0,中等教育,,01010000208A110000703271AB20615E4070B3B112F3E03D40,121.51775,29.87872,宁波市海曙区环城西路南段32号宁波市海曙区社区学院
219,8622.0,宁波市孙文英小学,宁波市布政巷20号,121.531667,29.879699,宁波市,海曙区,西门街道,小学,330203.0,初等教育,,01010000208A110000305706D506625E40F05223F433E13D40,121.53173,29.87977,宁波市海曙区布政巷20孙文英小学
220,8658.0,义乌市福田荷叶塘幼儿园,义乌市福田荷叶塘听涛南路9号,120.113515,29.372844,金华市,义乌市,福田街道,幼儿园,330782.0,学前教育,,01010000208A110000C0266BD443075E40808252B4725F3D40,120.11348,29.37282,金华市义乌市听涛南路9号义乌市荷叶塘幼儿园
221,8694.0,义乌市苏溪镇花厅幼儿班,义乌市苏溪镇花厅村,120.152176,29.418173,金华市,义乌市,苏溪镇,幼儿园,330782.0,学前教育,,01010000208A11000020CF6740BD095E400012BF620D6B3D40,120.15223,29.41829,金华市义乌市苏溪花厅花厅幼儿园
222,8700.0,义乌市赤岸镇赤岸小学,义乌市赤岸镇文化路53号,120.033386,29.147442,金华市,义乌市,赤岸镇,小学,330782.0,初等教育,,01010000208A110000388908FF22025E40900E48C2BE253D40,120.033383,29.147287,金华市义乌市文化路53正西方向171米义乌市赤岸镇赤岸小学
223,8829.0,德清县第二实验幼儿园,浙江省湖州市德清县武康街道营盘小区125幢,119.9618309,30.53240746,湖州市,德清县,武康街道,幼儿园,330521.0,学前教育,,01010000208A110000B08DFFA28EFD5D40308DF0DA4B883E40,119.96177,30.53249,湖州市德清县营盘小区125德清县第二实验幼儿园
224,8890.0,义乌市江东中学,义乌市江东街道东洲路36号,120.1038956,29.30759187,金华市,义乌市,江东街道,初级中学,330782.0,中等教育,,01010000208A11000028248239A6065E40E0754257BE4E3D40,120.103791,29.307331,金华市义乌市江东东路2号正西方向154米义乌市江东中学
225,8917.0,杭州市余杭区闲林中心幼儿园,闲林街道方家山路131号,119.977385,30.223024,杭州市,余杭区,闲林街道,幼儿园,330110.0,学前教育,,01010000208A11000078A6D0798DFE5D402039D21918393E40,119.9775,30.22303,杭州市余杭区闲林中心幼儿园
226,8941.0,义乌市北苑街道开心幼儿园,浙江省金华市义乌市北苑街道星火喻宅35幢,120.042715,29.319237,金华市,义乌市,北苑街道,幼儿园,330782.0,学前教育,,01010000208A1100002003B2D7BB025E4050AC1A84B9513D40,120.0426,29.3193000000001,金华市义乌市四季四区37幢开心幼儿园
227,8962.0,义乌市福田下朱幼儿园,义乌市福田江北下朱72幢,120.127634,29.33171,金华市,义乌市,福田街道,幼儿园,330782.0,学前教育,,01010000208A110000E0F6CB272B085E4090C151F2EA543D40,120.12765,29.33164,金华市义乌市江北下朱72幢福田下朱艺馨幼儿园
228,8974.0,义乌市稠城街道安心幼儿园,义乌市稠城街道赵宅2区11栋5号,120.091097,29.319951,金华市,义乌市,稠城街道,幼儿园,330782.0,学前教育,,01010000208A110000E0F08288D4055E409052094FE8513D40,120.091111,29.319973,金华市义乌市赵宅二区11幢3~5号安心幼儿园
229,8978.0,义乌市上溪贝贝幼儿园,义乌市上溪镇上塘自然村5幢,119.927203,29.276086,金华市,义乌市,上溪镇,幼儿园,330782.0,学前教育,,01010000208A1100003070404B57FB5D4030E27492AD463D40,119.92715,29.2761,金华市义乌市上溪上塘村5幢贝贝幼儿园
230,8984.0,杭州师范大学附属中学,杭州市西湖区三墩镇振华路5号,120.0801722,30.31924391,杭州市,西湖区,三墩镇,高级中学,330106.0,中等教育,,01010000208A110000D86EC28A21055E40A0B7F7F7B9513E40,120.08024,30.31915,杭州市西湖区振华路5杭州师范大学附属中学
231,9038.0,义乌市稠州幼儿园,浙江省义乌市稠州幼儿园稠城街道通惠社区居委会,120.0716852,29.31121165,金华市,义乌市,稠城街道,幼儿园,330782.0,学前教育,,01010000208A110000382E827D96045E40D0FF0591AB4F3D40,120.07172,29.31122,金华市义乌市通惠门路16义乌市稠州幼儿园
232,9058.0,义乌市苏溪镇后山坞幼儿园,义乌市苏溪镇里宅村,120.137203,29.391619,金华市,义乌市,苏溪镇,幼儿园,330782.0,学前教育,,01010000208A110000707A17EFC7085E40007E8D2441643D40,120.137246,29.391599,金华市义乌市里宅8幢苏溪镇后山坞幼儿园
233,9146.0,义乌市东洲小学,浙江省义乌市东洲路122号,120.112613,29.31147,金华市,义乌市,江东街道,小学,330782.0,初等教育,,01010000208A110000B006280D35075E4060AF777FBC4F3D40,120.11265,29.31153,金华市义乌市东洲路122东洲小学
234,9184.0,义乌市江滨小学,义乌市稠城街道荷园路62号,120.067284,29.296637,金华市,义乌市,稠城街道,小学,330782.0,初等教育,,01010000208A110000D0E28C614E045E4090C80567F04B3D40,120.067283,29.296719,金华市义乌市荷园路62号江滨小学
235,9193.0,义乌市大陈镇云溪小学,浙江省义乌市大陈镇楂林二村云溪东路195号,120.1445946,29.4781639,金华市,义乌市,大陈镇,小学,330782.0,初等教育,,01010000208A11000078B39A0941095E40C0CE19F3687A3D40,120.1446,29.47816,金华市义乌市楂林二村义乌市大陈镇云溪小学
236,9195.0,义乌市福田阳光幼儿园,义乌市福田街道宗宅B区31栋,120.112334,29.363945,金华市,义乌市,福田街道,幼儿园,330782.0,学前教育,,01010000208A110000A80EF27A30075E40F08AE07F2B5D3D40,120.11223,29.36398,金华市义乌市下沈90号正北方向49米稠城阳光幼儿园
237,9232.0,德清县第三中学,浙江省湖州市德清县新市镇新千路300号,120.2734932,30.62680659,湖州市,德清县,新市镇,高级中学,330521.0,中等教育,,01010000208A110000E81F9BE980115E4020AC886576A03E40,120.273599,30.626771,湖州市德清县新千路300浙江省德清县第三中学
238,9338.0,杭州市余杭区乔司第一幼儿园,杭州市余杭区乔司街道新社区,120.287547,30.355525,杭州市,余杭区,乔司街道,幼儿园,330110.0,学前教育,,01010000208A1100000844882B67125E4010E9B7AF035B3E40,120.28754,30.35552,杭州市临平区乔莫东路88乔司第一幼儿园
239,9367.0,杭州市西湖区大禹路幼儿园,杭州市西湖区大禹路和大公路交叉口,120.0760081,30.33491529,杭州市,西湖区,三墩镇,幼儿园,330106.0,学前教育,,01010000208A110000A0D30351DD045E40702F2502BD553E40,120.07606,30.33481,杭州市西湖区颐景园曲水苑对面大禹路和大公路交叉口大禹路幼儿园
240,9407.0,宁波市海曙区高桥镇望春幼儿园,宁波市海曙区高桥镇长乐新村长兴路8弄10号,121.497744,29.890409,宁波市,海曙区,高桥镇,幼儿园,330203.0,学前教育,,01010000208A110000F071A609DB5F5E4060101FD8F1E33D40,121.49775,29.89041,宁波市海曙区长兴路8弄10望春幼儿园
241,9427.0,浙江师范大学杭州幼儿师范学院附属义乌幼儿园,浙江省金华市义乌市北苑街道北苑路140号,120.044877,29.323261,金华市,义乌市,北苑街道,幼儿园,330782.0,学前教育,,01010000208A110000F0D5C743DF025E4080129F3BC1523D40,120.04499,29.32334,金华市义乌市北苑路140号浙江师范大学杭州幼儿师范学院附属义乌幼儿园
242,9447.0,宁波市海曙区南雅音乐幼儿园,南雅街22号,121.520971,29.864933,宁波市,海曙区,白云街道,幼儿园,330203.0,学前教育,,01010000208A11000088CABF9657615E40303BC43F6CDD3D40,121.52093,29.86486,宁波市海曙区南雅街22南雅音乐幼儿园
243,9469.0,义乌市官塘小学,浙江省义乌市稠江街道象山村昌盛路189号,120.000615,29.271623,金华市,义乌市,稠江街道,小学,330782.0,初等教育,,01010000208A110000C8387F130A005E4060D7BD1589453D40,120.000632,29.271579,金华市义乌市昌盛路189号义乌市官塘小学
244,9479.0,杭州市余杭区云会中心小学,浙江省杭州市余杭区仁和街道西南山北路66号,120.085288,30.422586,杭州市,余杭区,仁和街道,小学,330110.0,初等教育,,01010000208A11000070AFCC5B75055E4060BF99982E6C3E40,120.08525,30.42253,杭州市余杭区西南山北路66号云会中心小学
245,9529.0,杭州市余杭区曙光幼儿园,杭州市余杭区崇贤镇崇杭街111号,120.175334,30.384579,杭州市,余杭区,崇贤街道,幼儿园,330110.0,学前教育,,01010000208A11000020F818AC380B5E4070BAF3C473623E40,120.1755,30.38457,杭州市临平区崇贤镇崇贤一小对面111号曙光幼儿园
246,9573.0,义乌市第二中学,浙江省义乌市江东中路301号,120.08541,29.300532,金华市,义乌市,江东街道,高级中学,330782.0,中等教育,,01010000208A1100001830815B77055E40C06647AAEF4C3D40,120.08526,29.30044,金华市义乌市江东中路301号义乌市第二中学
247,9618.0,杭州市丰潭中学,杭州市西湖区古荡新村西81号,120.1072629,30.2754273,杭州市,西湖区,古荡街道,初级中学,330106.0,中等教育,,01010000208A11000078732F65DD065E40E0BE3C6782463E40,120.10728,30.2752,杭州市西湖区丰潭路2号杭州丰潭中学
248,9708.0,义乌市苏溪镇童星幼儿园,义乌市苏溪镇上西陶村,120.11853,29.38577,金华市,义乌市,苏溪镇,幼儿园,330782.0,学前教育,,01010000208A1100001066DAFE95075E4020C79DD2C1623D40,120.11856,29.38575,金华市义乌市上西陶村委会童星幼儿园
249,9711.0,义乌市义亭镇初级中学,义乌市义亭镇稠义西路2号,119.9642047,29.24131008,金华市,义乌市,义亭镇,初级中学,330782.0,中等教育,,01010000208A110000E8799587B5FD5D4090CB557FC63D3D40,119.96421,29.24131,金华市义乌市义亭镇镇中对面(义亭铜溪小区4号楼)正南方向111米义乌市义亭镇初级中学
250,9760.0,德清县雷甸镇中心小学,浙江省湖州市德清县雷甸镇雷甸村委会,120.1373011,30.52770523,湖州市,德清县,雷甸镇,小学,330521.0,初等教育,,01010000208A110000C8ED758AC9085E40C012A5B017873E40,120.13731,30.52768,湖州市德清县雷甸村德清公安雷甸镇中心小学警务站
251,9767.0,义乌市义亭镇畈田朱小学,浙江省义乌市义亭镇车路村531号,119.9292981,29.21427659,金华市,义乌市,义亭镇,小学,330782.0,初等教育,,01010000208A110000E070E19E79FB5D40B0A4A6D4DA363D40,119.92929,29.21428,金华市义乌市义亭镇畈田朱小学
252,9815.0,义乌市北苑童之梦幼儿园,浙江省金华市义乌市北苑街道拥军五区33幢,120.03683,29.326565,金华市,义乌市,北苑街道,幼儿园,330782.0,学前教育,,01010000208A110000C060376C5B025E40B0048BC399533D40,120.036753,29.326632,金华市义乌市拥军五区33幢童之梦幼儿园
253,9817.0,义乌市苏溪镇第四小学,浙江省义乌市苏溪镇杨梅岗村128号,120.130305,29.403904,金华市,义乌市,苏溪镇,小学,330782.0,初等教育,,01010000208A1100005860C8EA56085E4040B9A64066673D40,120.13034,29.40414,金华市义乌市杨梅岗村义乌市苏溪镇第四小学
254,9856.0,杭州市余杭区美好晨星幼儿园,杭州市余杭区瓶窑镇溪东路68号,119.966197,30.370899,杭州市,余杭区,瓶窑镇,幼儿园,330110.0,学前教育,,01010000208A110000901FF12BD6FD5D40801EA33CF35E3E40,119.96616,30.3709900000001,杭州市余杭区美好晨星幼儿园
255,9867.0,义乌市福田小天鹅幼儿园,义乌市福田长春二区33幢1号,120.092373,29.333759,金华市,义乌市,福田街道,幼儿园,330782.0,学前教育,,01010000208A11000020827170E9055E40E0BED53A71553D40,120.09228,29.33388,金华市义乌市长春二区33幢1小天鹅幼儿园
256,9871.0,杭州市余杭区安吉路良渚实验学校,杭州市余杭区良渚文化村劝学里,120.012874,30.35259,杭州市,余杭区,良渚街道,九年一贯制学校,330110.0,中等教育,,01010000208A110000003E78EDD2005E4090E59656435A3E40,120.0127,30.3526000000001,杭州市余杭区安吉路良渚学校自行车租赁点
257,9895.0,义乌市稠江街道新世纪幼儿园,义乌市稠江街道城店路180号,120.051974,29.297962,金华市,义乌市,稠江街道,幼儿园,330782.0,学前教育,,01010000208A110000808FC18A53035E406073D53C474C3D40,120.05188,29.29801,金华市义乌市城店路180号新世纪幼儿园
258,9934.0,义乌市上溪镇溪华小学,浙江省金华市义乌市上溪镇溪华小学村委会,119.895156,29.315236,金华市,义乌市,上溪镇,小学,330782.0,初等教育,,01010000208A1100006034643C4AF95D40A085764EB3503D40,119.89526,29.315357,金华市义乌市上溪镇溪华村义乌市上溪镇溪华小学
259,10002.0,义乌市稠城街道希星幼儿园,义乌市化工路孝子祠29幢1号,120.079225,29.315895,金华市,义乌市,稠城街道,幼儿园,330782.0,学前教育,,01010000208A110000A001BC0512055E4050F8A57EDE503D40,120.0792,29.31592,金华市义乌市孝子祠29幢1希星幼儿园
260,10008.0,杭州市西湖区石灰桥幼儿园,杭州市石灰桥社区内,120.1402135,30.2876831,杭州市,西湖区,西溪街道,幼儿园,330106.0,学前教育,,01010000208A110000400FFA41F9085E4030688699A5493E40,120.1401,30.28748,杭州市西湖区莫干山路491号西南方向150米杭州市西湖区石灰桥幼儿园
261,10010.0,义乌市苏溪聪聪幼儿园,义乌市苏溪镇胡宅村横街28号,120.122977,29.41776,金华市,义乌市,苏溪镇,幼儿园,330782.0,学前教育,,01010000208A110000404AECDADE075E40B093C151F26A3D40,120.12294,29.41765,金华市义乌市苏溪胡宅横街28幢聪聪幼儿园
262,10025.0,义乌市稠城街道世纪义化幼儿园,义乌市化工路230号,120.079333,29.313996,金华市,义乌市,稠城街道,幼儿园,330782.0,学前教育,,01010000208A110000981FB8CA13055E402013B70A62503D40,120.07938,29.31404,金华市义乌市化工路230号世纪义化幼儿园
263,10049.0,义乌市福田堂阁幼儿园,义乌市福田街道堂阁村,120.105371,29.386663,金华市,义乌市,福田街道,幼儿园,330782.0,学前教育,,01010000208A11000098BC0166BE065E40C092AB58FC623D40,120.10543,29.38685,金华市义乌市稠城街道堂阁村38号堂阁三维幼儿园
264,10058.0,义乌市佛堂镇第三小学,浙江省金华市义乌市佛堂镇佛堂大道1881号,120.036095,29.220178,金华市,义乌市,佛堂镇,小学,330782.0,初等教育,,01010000208A110000282367614F025E40704CDD955D383D40,120.036172,29.220244,金华市义乌市佛堂大道1881义乌市佛堂镇第三小学
265,10087.0,杭州市西子湖小学,杭州市龙井路76号,120.11821,30.2399,杭州市,西湖区,西湖街道,小学,330106.0,初等教育,,01010000208A110000D803ADC090075E40704F1E166A3D3E40,120.118146,30.23958,杭州市西湖区龙井路76号杭州市西子湖小学
266,10102.0,义乌市五爱小学,义乌市江东街道五爱路136号,120.090839,29.307312,金华市,义乌市,江东街道,小学,330782.0,初等教育,,01010000208A110000E08C614ED0055E4020ABCDFFAB4E3D40,120.09073,29.30726,金华市义乌市五爱路136义乌市五爱小学
267,10121.0,德清县钟管镇干山中心学校,德清县钟管镇碧云街508号,120.1539008,30.60350488,湖州市,德清县,钟管镇,九年一贯制学校,330521.0,中等教育,,01010000208A110000E030B682D9095E408065A94B7F9A3E40,120.15391,30.6035,湖州市德清县碧云街508钟管镇干山中心学校
268,10165.0,义乌市福田鑫灿幼儿园,浙江省义乌市福田诚信三区27幢1号,120.113965,29.350807,金华市,义乌市,福田街道,幼儿园,330782.0,学前教育,,01010000208A110000E0F8DA334B075E403035D07CCE593D40,120.11402,29.35091,金华市义乌市诚信三区27幢福田鑫灿幼儿园鑫苑幼儿园分园
269,10177.0,义乌市江东街道望陇幼儿园,义乌市江东街道赤塘新村12栋,120.103993,29.299067,金华市,义乌市,江东街道,幼儿园,330782.0,学前教育,,01010000208A110000D08041D2A7065E401050A8A78F4C3D40,120.103841,29.299096,金华市义乌市江东赤塘新村12幢望陇幼儿园
270,10197.0,义乌市苏溪镇杨梅岗幼儿园,义乌市苏溪杨梅岗村,120.127693,29.403094,金华市,义乌市,苏溪镇,幼儿园,330782.0,学前教育,,01010000208A11000068BB421F2C085E40C0361B2B31673D40,120.12766,29.40308,金华市义乌市苏溪镇杨梅岗幼儿园
271,10219.0,义乌市城西桥头幼儿园,义乌市夏桥街118号,119.966031,29.29248,金华市,义乌市,城西街道,幼儿园,330782.0,学前教育,,01010000208A11000008FBAF73D3FD5D40F0BB22F8DF4A3D40,119.96606,29.29273,金华市义乌市桥头幼儿园
272,10277.0,宁波市海曙区石\街道艺韵幼儿园,宁波市海曙区石\街道商贸路201号,121.506858,29.836732,宁波市,海曙区,石\街道,幼儿园,330203.0,学前教育,,01010000208A110000D06D895C70605E4040847F1134D63D40,121.50687,29.83674,宁波市海曙区陈江岸石\街道艺韵幼儿园
273,10309.0,义乌市荷叶塘小学,义乌市福田街道殿前村,120.124404,29.378196,金华市,义乌市,福田街道,小学,330782.0,初等教育,,01010000208A11000078DF313CF6075E40607AFB73D1603D40,120.12435,29.37816,金华市义乌市荷叶塘小学
274,10393.0,宁波市达敏学校,宁波市海曙区环城西路北段138弄8号,121.520039,29.885411,宁波市,海曙区,望春街道,弱智学校,330203.0,特殊教育,,01010000208A1100004069A85148615E40C084984BAAE23D40,121.52001,29.88545,宁波市海曙区环城西路北段138弄8宁波市达敏学校
275,10451.0,杭州市西湖区西子湖幼儿园,浙江省杭州市之江路42-1号,120.113362,30.188788,杭州市,西湖区,西湖街道,幼儿园,330106.0,学前教育,,01010000208A11000000A7B05241075E4090E00D6954303E40,120.11337,30.18873,杭州市西湖区之江路42-1杭州市西子湖幼儿园
276,10456.0,杭州市余杭区信达外国语学校,浙江省杭州市余杭区南苑街道保障桥社区,120.293586,30.40888,杭州市,余杭区,南苑街道,九年一贯制学校,330110.0,中等教育,,01010000208A1100001024EF1CCA125E4010FD135CAC683E40,120.29367,30.4087700000001,杭州市临平区临平南苑街道新丰路余杭信达外国语学校
277,10457.0,义乌市江东街道群兴幼儿园,浙江省义乌市江东街道塔下洲A一区25幢,120.044791,29.272701,金华市,义乌市,江东街道,幼儿园,330782.0,学前教育,,01010000208A110000F00912DBDD025E40209694BBCF453D40,120.044743782,29.272808604,金华市义乌市塔下洲A一区25幢群兴幼儿园
278,10480.0,杭州市余杭区临平城东中学,杭州市余杭区临平星光街三号桥,120.317491,30.438899,杭州市,余杭区,东湖街道,初级中学,330110.0,中等教育,,01010000208A1100009071C5C551145E40403F53AF5B703E40,120.317342,30.438889,杭州市临平区三号桥余杭区临平城东中学
279,10496.0,德清县新市镇士林中心小学,德清县新市镇士林府前街1号,120.1978332,30.59590629,湖州市,德清县,新市镇,小学,330521.0,初等教育,,01010000208A110000080AC14CA90C5E40D07082508D983E40,120.197842,30.595888,湖州市德清县德桐公路(士林小学向西30米)西北方向64米新市镇士林中心小学
280,10530.0,宁波市翰香小学,海曙区五台巷8号,121.548212,29.866038,宁波市,海曙区,江厦街道,小学,330203.0,初等教育,,01010000208A11000098D1C8E715635E40E01797AAB4DD3D40,121.54822,29.86604,宁波市海曙区宁波市翰香小学
281,10541.0,义乌市廿三里第二小学,浙江省义乌市廿三里银海路1325号,120.16939,29.34062,金华市,义乌市,廿三里街,小学,330782.0,初等教育,,01010000208A11000040912749D70A5E40105D50DF32573D40,120.16945,29.34072,金华市义乌市银海路1325义乌市廿三里第二小学
282,10549.0,宁波市海曙区信谊小学,浙江省宁波市海曙区徐家漕路136号,121.49467,29.886482,宁波市,海曙区,望春街道,小学,330203.0,初等教育,,01010000208A11000000145CACA85F5E40207EFE7BF0E23D40,121.49468,29.8864600000001,宁波市海曙区徐家漕路136号宁波市信谊小学
283,10609.0,义乌市佛堂镇塔山小学,浙江省金华市义乌市佛堂镇云山村,120.051899,29.201108,金华市,义乌市,佛堂镇,小学,330782.0,初等教育,,01010000208A11000080EC2E5052035E40C0F65AD07B333D40,120.051867,29.201073,金华市义乌市塔山小学
284,10632.0,宁波市中原小学,宁波市海曙区郎官巷西弄12号,121.5309631,29.87646586,宁波市,海曙区,南门街道,小学,330203.0,初等教育,,01010000208A110000A06BD24CFB615E403077081160E03D40,121.53097,29.87647,宁波市海曙区郎官巷12号郎官小区宁波市实验小学中原分校
285,10660.0,义乌市城西街道夏演新时代幼儿园,义乌市城西街道夏演村东塘街30号,119.96506,29.298032,金华市,义乌市,城西街道,幼儿园,330782.0,学前教育,,01010000208A11000060AB048BC3FD5D4050293DD34B4C3D40,119.96501,29.29824,金华市义乌市东塘街30夏演新时代幼儿园
286,10680.0,德清县钟管镇干山中心幼儿园,德清县钟管镇干山碧云街508号,120.1535908,30.60350487,湖州市,德清县,钟管镇,幼儿园,330521.0,学前教育,,01010000208A110000984C7B6ED4095E40001AA54B7F9A3E40,120.1536,30.60347,湖州市德清县碧云街508正东方向24米钟管镇干山中心幼儿园
287,10692.0,义乌市赤岸镇毛店初级中学,浙江省义乌市赤岸镇毛店五指山路101号,119.990278,29.101088,金华市,义乌市,赤岸镇,初级中学,330782.0,中等教育,,01010000208A110000B0FCF9B660FF5D40A00436E7E0193D40,119.990322,29.101159001,金华市义乌市五指山路101号义乌市毛店初级中学
288,10696.0,杭州市余杭区天阳幼托园,杭州市余杭区良渚街道勾庄棕榈路天阳棕榈湾二区东侧,120.083635,30.363936,杭州市,余杭区,良渚街道,幼儿园,330110.0,学前教育,,01010000208A11000040739D465A055E4050D6E1E82A5D3E40,120.083752,30.36394,杭州市余杭区棕榈路89西南方向185米西点天阳幼儿园
289,10731.0,德清县第四中学,浙江省湖州市德清县乾元镇广场路71号,120.0845213,30.55300404,湖州市,德清县,乾元镇,初级中学,330521.0,中等教育,,01010000208A11000088FECECB68055E4020F242AC918D3E40,120.084536,30.552961,湖州市德清县广场路71德清县第四中学
290,10747.0,义乌市稠江街道黎明幼儿园,义乌市稠江街道黎明稠明路90号,120.041471,29.29499,金华市,义乌市,稠江街道,幼儿园,330782.0,学前教育,,01010000208A110000E02EFB75A7025E40A0A5F276844B3D40,120.04153,29.29495,金华市义乌市黎明稠明路90号黎明幼儿园
291,10766.0,义乌市梅园幼儿园,稠州中路381号,120.06781,29.298284,金华市,义乌市,稠城街道,幼儿园,330782.0,学前教育,,01010000208A110000E015C1FF56045E4090EB18575C4C3D40,120.0677,29.29822,金华市义乌市稠州中路408号西北方向97米义乌市机关实验幼儿园
292,10823.0,杭州市余杭区塘栖镇第三小学,杭州市余杭区塘栖镇一小区101号,120.189934,30.47666,杭州市,余杭区,塘栖镇,小学,330110.0,初等教育,,01010000208A1100008099EFE0270C5E40B04FC763067A3E40,120.189934,30.47666,杭州市临平区南苑小区101号杭州市余杭区塘栖镇第三小学
293,10836.0,义乌市尚经小学,浙江省义乌市福田街道尚经五区18号,120.135214,29.363998,金华市,义乌市,福田街道,小学,330782.0,初等教育,,01010000208A11000088FD9E58A7085E4030CF11F92E5D3D40,120.13508,29.3642,金华市义乌市尚经中小
294,10846.0,杭州市余杭区中泰武术学校,杭州市余杭区中泰街道八角亭中泰武术学校,119.90642,30.229514,杭州市,余杭区,中泰街道,十二年一贯制学校,330110.0,中等教育,,01010000208A110000301C08C902FA5D4060F9F36DC13A3E40,119.90643,30.22952,杭州市余杭区中泰乡八角亭中泰武术学校
295,10848.0,义乌市上溪水碓幼儿园,义乌市上溪镇水碓村,119.911548,29.250189,金华市,义乌市,上溪镇,幼儿园,330782.0,学前教育,,01010000208A110000002F6CCD56FA5D40A0D1E4620C403D40,119.9116,29.25,金华市义乌市畈吴线上溪镇水碓村村委会水碓社区幼儿园
296,10872.0,宁波市海曙区章水镇中心幼儿园,宁波市海曙区章水镇樟村村徐家1号,121.304847,29.815483,宁波市,海曙区,章水镇,幼儿园,330203.0,学前教育,,01010000208A11000028D2FD9C82535E40A0716F7EC3D03D40,121.30484,29.81546,宁波市海曙区章水镇中心幼儿园
297,10880.0,义乌市稠江向荣幼儿园,义乌市稠江街道松门山东区9栋1-2号,120.046669,29.295645,金华市,义乌市,稠江街道,幼儿园,,学前教育,,01010000208A110000282FF99FFC025E40D0390664AF4B3D40,120.04666,29.29576,金华市义乌市松门山东区9幢义乌市稠江向荣幼儿园
298,10900.0,义乌市商城幼儿园,篁园新村21幢5号,120.07459,29.299763,金华市,义乌市,稠城街道,幼儿园,330782.0,学前教育,,01010000208A110000F0A62215C6045E40008D9944BD4C3D40,120.074491,29.299817,金华市义乌市篁园21幢5义乌市商城幼儿园
299,10930.0,杭州市余杭第二高级中学,浙江省杭州市余杭区南苑街道新安社区,120.3149516,30.42160682,杭州市,余杭区,南苑街道,高级中学,330110.0,中等教育,,01010000208A110000F876A42A28145E4030F7B36CEE6B3E40,120.31496,30.4216000000001,杭州市临平区人民大道1501杭州余杭第二高级中学
300,10966.0,义乌市江东街道下湾幼儿园,浙江省义乌市江东街道下湾三区19幢8-10号,120.147906,29.321265,金华市,义乌市,江东街道,幼儿园,330782.0,学前教育,,01010000208A1100007838BA4A77095E4070594C6C3E523D40,120.147949,29.321298,金华市义乌市下湾三区19幢下湾幼儿园
301,10979.0,杭州市西湖区乐莺幼儿园,杭州市三墩镇长阳路8号,120.0895,30.32709,杭州市,西湖区,三墩镇,幼儿园,330106.0,学前教育,,01010000208A110000803F355EBA055E4040D9942BBC533E40,120.0896,30.32723,杭州市西湖区长阳路93正西方向100米杭州市乐莺幼儿园
302,11021.0,宁波市海曙区翠柏幼儿园,宁波市海曙区翠柏二里74号,121.528208,29.886997,宁波市,海曙区,西门街道,幼儿园,330203.0,学前教育,,01010000208A110000105FED28CE615E4070A6423C12E33D40,121.52821,29.88695,宁波市海曙区翠柏二里74号宁波市海曙区翠柏幼儿园
303,11113.0,义乌市佛堂学峰幼儿园,佛堂镇渡磐北路216号,120.0083333,29.21138889,金华市,义乌市,佛堂镇,幼儿园,330782.0,学前教育,,01010000208A110000E82C888888005E40A0B208951D363D40,120.00846,29.2112,金华市义乌市佛堂镇渡磐北路与湖山路交叉口东北100米学峰幼儿园精品园
304,11120.0,义乌市北苑街道前洪幼儿园,浙江省金华市义乌市北苑街道前洪村,120.019819,29.328426,金华市,义乌市,北苑街道,幼儿园,330782.0,学前教育,,01010000208A110000B835E9B644015E40F027F1B913543D40,120.01994,29.32845,金华市义乌市前洪村前洪幼儿园
305,11152.0,杭州市留下小学,浙江省杭州市西湖区留下大街2号,120.048911,30.241563,杭州市,西湖区,留下街道,小学,330106.0,初等教育,,01010000208A110000885A9A5B21035E4070ECA012D73D3E40,120.04889,30.24153,杭州市西湖区留下大街2号浙江外国语学院附属实验小学西门
306,11155.0,浙江省教育厅教研室附属小学,浙江省杭州市高技街6号,120.1166912,30.28740658,杭州市,西湖区,翠苑街道,小学,330106.0,初等教育,,01010000208A110000188849DE77075E405093347A93493E40,120.1167,30.28739,杭州市西湖区浙江省教育厅教研室附属小学
307,11178.0,义乌市福田商贸幼儿园,义乌市福田二区59幢1号,120.095775,29.336404,金华市,义乌市,福田街道,幼儿园,330782.0,学前教育,,01010000208A1100009031772D21065E40603E92921E563D40,120.09578,29.33642,金华市义乌市福田二区59幢1号商贸幼儿园
308,11305.0,杭州市余杭区五杭小学,浙江省杭州市余杭区运河街道繁荣路2号,120.272478,30.498283,杭州市,余杭区,运河街道,小学,330110.0,初等教育,,01010000208A11000048B8904770115E40202785798F7F3E40,120.27245,30.4983,杭州市临平区繁荣路2杭州市余杭区五杭小学
309,11354.0,杭州市袁浦中学,浙江省杭州市西湖区双浦镇袁浦中学,120.1242476,30.11940984,杭州市,西湖区,双浦镇,初级中学,330106.0,中等教育,,01010000208A110000A89150ACF3075E40F0CCBEA4911E3E40,120.12417,30.1193,杭州市西湖区杭州市袁浦中学
310,11380.0,义乌市国贸幼儿园,义乌市福田街道2区28幢,120.095598,29.339515,金华市,义乌市,福田街道,幼儿园,330782.0,学前教育,,01010000208A11000008E412471E065E4060807D74EA563D40,120.09566,29.33953,金华市义乌市福田二区28幢国贸幼儿园
311,11384.0,义乌市苏溪镇西山下小学,义乌市苏溪镇西山下村449号,120.161113,29.395943,金华市,义乌市,苏溪镇,小学,330782.0,初等教育,,01010000208A110000787DE6AC4F0A5E4080143C855C653D40,120.16098,29.39595,金华市义乌市西山下村449号西山下小学
312,11559.0,义乌市稠江街道佳童幼儿园,义乌市童店新村一区15幢3单元,120.047688,29.287722,金华市,义乌市,稠江街道,幼儿园,330782.0,学前教育,,01010000208A110000581AF8510D035E40F0562426A8493D40,120.04765,29.28784,金华市义乌市童店一区15幢佳童幼儿园
313,11571.0,义乌市上溪镇吴店小学,浙江省金华市义乌市上溪镇荷市村村委会,119.907103,29.261248,金华市,义乌市,上溪镇,小学,330782.0,初等教育,,01010000208A110000A0C6BDF90DFA5D4040252026E1423D40,119.90711,29.26123,金华市义乌市吴店小学
314,11597.0,义乌市福田小学,浙江省金华市义乌市福田街道商城大道55号,120.0939752,29.33681208,金华市,义乌市,福田街道,小学,330782.0,初等教育,,01010000208A110000308B9BB003065E40F061115139563D40,120.09398,29.33681,金华市义乌市商城大道55义乌市福田小学
315,11604.0,义乌市苏溪镇第三小学,浙江省金华市义乌市苏溪镇上楼村,120.132022,29.434819,金华市,义乌市,苏溪镇,小学,330782.0,初等教育,,01010000208A1100009016670C73085E40F0AD484C506F3D40,120.13211,29.434928,金华市义乌市上娄村二区88号苏溪镇第三小学
316,11627.0,义乌市苏溪镇红太阳幼儿园,义乌市苏溪镇胡宅村红旗路8号,120.125896,29.414786,金华市,义乌市,苏溪镇,幼儿园,330782.0,学前教育,,01010000208A110000A0AC18AE0E085E40B0D6506A2F6A3D40,120.12588,29.4149100000001,金华市义乌市红旗路8苏溪镇红太阳幼儿园
317,11644.0,义乌市稠江街道童店幼儿园,义乌市稠江街道童店新村二区10栋1号,120.046872,29.286944,金华市,义乌市,稠江街道,幼儿园,330782.0,学前教育,,01010000208A11000048C66AF3FF025E4090C8772975493D40,120.04684,29.28686,金华市义乌市童店二区10幢童店幼儿园
318,11672.0,杭州市余杭区国泰西园幼儿园,杭州市余杭区余杭街道禹航路凤都苑,119.943109,30.26551,杭州市,余杭区,余杭街道,幼儿园,330110.0,学前教育,,01010000208A11000010E4D9E55BFC5D40D0C29E76F8433E40,119.94314,30.26534,杭州市余杭区余杭镇禹航路凤都苑国泰西园幼儿园
319,11692.0,义乌市城镇职业技术学校,浙江省义乌市经发大道330号,120.038405,29.29960126,金华市,义乌市,稠江街道,职业高中学校,330782.0,中等教育,,01010000208A11000050A7113A75025E40602116ABB24C3D40,120.03841,29.2996,金华市义乌市经发大道330浙江商业职业技术学院教学站南门
320,11701.0,杭州市余杭区博陆小学,杭州市余杭区运河街道育士路2号,120.303914,30.501518,杭州市,余杭区,运河街道,小学,330110.0,初等教育,,01010000208A110000F8B2B45373135E40F05AD07B63803E40,120.30399,30.50178,杭州市临平区天顺路27余杭区运河镇博陆中心小学
321,11747.0,杭州市西湖区文新绿城育华幼儿园,杭州市西湖区文一西路563号,120.086525,30.28904,杭州市,西湖区,文新街道,幼儿园,330106.0,学前教育,,01010000208A110000585227A089055E40603C8386FE493E40,120.08645,30.2888,杭州市西湖区文一西路563杭州市西湖区文新绿城育华幼儿园
322,11754.0,义乌市福田天之蓝幼儿园,义乌市福田北下朱46幢,120.126185,29.329757,金华市,义乌市,福田街道,幼儿园,330782.0,学前教育,,01010000208A110000B80F406A13085E4080A06AF46A543D40,120.1262,29.32975,金华市义乌市江北下朱46幢天之蓝幼儿园蓝天分园
323,11783.0,义乌市赤岸镇中心幼儿园,义乌市赤岸镇四村居委会,120.031664,29.153831,金华市,义乌市,赤岸镇,幼儿园,330782.0,学前教育,,01010000208A110000781D71C806025E40701CEA7761273D40,120.03163,29.15394,金华市义乌市赤岸镇石城路10号义乌市赤岸镇中心幼儿园
324,11791.0,义乌市苏溪镇聪明泉幼儿园,义乌市苏溪镇立塘村,120.106385,29.408684,金华市,义乌市,苏溪镇,幼儿园,330782.0,学前教育,,01010000208A11000040F20703CF065E400066BE839F683D40,120.106405,29.4087,金华市义乌市立塘村社区服务站正北方向48米苏溪镇聪明泉幼儿园
325,11806.0,义乌市大陈镇东塘小学,义乌市大陈镇杜门村越王路1号,120.1662044,29.50151424,金华市,义乌市,大陈镇,小学,330782.0,初等教育,,01010000208A110000104FE017A30A5E40B064AE3C63803D40,120.1662,29.50152,金华市义乌市大陈镇东塘小学
326,11812.0,杭州市紫金港中学,浙江省杭州市西湖区三墩镇团园巷8号,120.094203,30.300762,杭州市,西湖区,三墩镇,初级中学,330106.0,中等教育,,01010000208A110000D80B056C07065E4030E109BDFE4C3E40,120.094203006,30.300761928,杭州市西湖区古墩路萍水路口杭州市紫金港中学
327,11831.0,德清县培康学校,浙江省湖州市德清县武康街道牌楼路48号,119.9584319,30.54340405,湖州市,德清县,武康街道,弱智学校,330521.0,特殊教育,,01010000208A110000D89387F256FD5D40108F23871C8B3E40,119.95843,30.54327,湖州市德清县牌楼路48德清县培康学校
328,11847.0,德清县新市镇育秀学校,德清县新市镇士林白彪村,120.2114333,30.61610685,湖州市,德清县,新市镇,小学,330521.0,初等教育,,01010000208A110000A0FFB11F880D5E407000AB2DB99D3E40,120.21144,30.61609,湖州市德清县新市镇育秀学校
329,11863.0,义乌市稠城第三小学,浙江省义乌市义东路30号,120.0748852,29.31712173,金华市,义乌市,稠城街道,小学,330782.0,初等教育,,01010000208A11000068D636EBCA045E4070CACBE32E513D40,120.07489,29.31723,金华市义乌市城中北路9号正东方向123米义乌市稠城第三小学警务室
330,11865.0,杭州市西湖区蒋村花园幼儿园,杭州市晴川街92号,120.074471,30.28644992,杭州市,西湖区,蒋村街道,幼儿园,330106.0,学前教育,,01010000208A11000008600322C4045E40F0DD18C854493E40,120.07453,30.28643,杭州市西湖区晴川街92西湖区蒋村花园幼儿园
331,11952.0,杭州市余杭区塘栖镇第一小学,杭州市余杭区塘栖镇圣堂漾路18-1号,120.184856,30.47778,杭州市,余杭区,塘栖镇,小学,330110.0,初等教育,,01010000208A110000089E42AED40B5E40D0AE42CA4F7A3E40,120.184856,30.47778,杭州市临平区圣堂漾路18-1号杭州市余杭区塘栖镇第一小学
332,11965.0,杭州市余杭区瓶窑镇北湖中心小学,浙江省杭州市余杭区瓶窑镇南山村李王堂36号,119.948677,30.390565,杭州市,余杭区,瓶窑镇,小学,330110.0,初等教育,,01010000208A110000E85DBC1FB7FC5D4050F65D11FC633E40,119.948588,30.390855,杭州市余杭区北湖中心小学
333,12007.0,义乌市佛堂镇第二幼儿园,佛堂镇道院路46号,120.01946,29.202846,金华市,义乌市,佛堂镇,幼儿园,330782.0,学前教育,,01010000208A11000020E527D53E015E40E01F28B7ED333D40,120.0195,29.20298,金华市义乌市道院路46佛堂镇第二幼儿园
334,12023.0,杭州市余杭区乔司中学,浙江省杭州市余杭区乔司街道永玄路135号,120.279812,30.357778,杭州市,余杭区,乔司街道,初级中学,330110.0,中等教育,,01010000208A110000D0419770E8115E40703AC956975B3E40,120.279813,30.357806,杭州市临平区永玄路135号杭州市余杭区乔司中学
335,12028.0,杭州市西湖区翠苑第二幼儿园,杭州市翠苑新村二区11-2,120.1229712,30.29200713,杭州市,西湖区,翠苑街道,幼儿园,330106.0,学前教育,,01010000208A11000040AFC5C2DE075E4080F5A8FAC04A3E40,120.12298,30.292,杭州市西湖区翠苑新村二区11-2翠苑第二幼儿园
336,12053.0,义乌市稠江街道摇篮幼儿园,浙江省义乌市稠江街道戚继光路36-38号,120.048096,29.303992,金华市,义乌市,稠江街道,幼儿园,330782.0,学前教育,,01010000208A11000060C43E0114035E40E03E726BD24D3D40,120.048136,29.304045,金华市义乌市戚继光路36-3摇篮幼儿园
337,12079.0,杭州市余杭区临平第五中学,浙江省杭州市余杭区临平大道668号,120.271263,30.439643,杭州市,余杭区,临平街道,初级中学,330110.0,中等教育,,01010000208A11000058677C5F5C115E4050EA92718C703E40,120.271263,30.439643,杭州市临平区临平大道668号临平第五中学
338,12088.0,杭州市余杭区瓶窑镇长命中心小学,杭州市余杭区瓶窑镇长命中心小学,120.000991,30.387199,杭州市,余杭区,瓶窑镇,小学,330110.0,初等教育,,01010000208A110000C8258E3C10005E40400B42791F633E40,120.000933,30.387265,杭州市余杭区瓶窑镇长命村瓶窑镇长命中心小学
339,12130.0,杭州市西湖区大樟树幼儿园,杭州市西湖区板桥村,120.08868,30.101364,杭州市,西湖区,双浦镇,幼儿园,330106.0,学前教育,,01010000208A110000C8F3E0EEAC055E40E0FDB8FDF2193E40,120.08873,30.1015,杭州市西湖区大樟树幼儿园
340,12152.0,杭州市余杭文昌高级中学,杭州市余杭区余杭街道太炎路67号,119.9261096,30.2768077,杭州市,余杭区,余杭街道,高级中学,330110.0,中等教育,,01010000208A110000C8B10F6145FB5D408041A8DEDC463E40,119.926127,30.276787,杭州市余杭区余杭镇杭州市余杭文昌高级中学
341,12153.0,义乌市苏溪学苑幼儿园,义乌市苏溪镇胡宅村学苑小区3幢,120.120494,29.414955,金华市,义乌市,苏溪镇,幼儿园,330782.0,学前教育,,01010000208A1100005057772CB6075E40D04FAA7D3A6A3D40,120.12057,29.4147,金华市义乌市苏溪镇镇中路23号东南方向117米学苑幼儿园红太阳分园
342,12196.0,宁波市海曙区江厦幼儿园,宁波市海曙区小沙泥街11号,121.549782,29.865893,宁波市,海曙区,江厦街道,幼儿园,330203.0,学前教育,,01010000208A110000807BD7A02F635E40E0D5E429ABDD3D40,121.549624902,29.8657556910001,宁波市海曙区江厦幼儿园
343,12215.0,杭州市余杭区临平米夏幼儿园,临平新颜路2号,120.311785,30.433262,杭州市,余杭区,东湖街道,幼儿园,,学前教育,,01010000208A11000088981249F4135E4080992842EA6E3E40,120.31193,30.43331,杭州市临平区星光街1082号西北方向197米杭州余杭米夏幼儿园
344,12253.0,杭州市余杭区仁和中学,杭州市余杭区仁和街道仁河大道1-3,120.083613,30.45101,杭州市,余杭区,仁和街道,初级中学,330110.0,中等教育,,01010000208A110000502157EA59055E40402B306475733E40,120.083625,30.450953,杭州市余杭区仁河大道1-3仁和中学
345,12298.0,义乌市北苑街道时代花园幼稚园,浙江省金华市义乌市北苑街道丹溪三区12幢,120.054093,29.324023,金华市,义乌市,北苑街道,幼儿园,330782.0,学前教育,,01010000208A110000507C7C4276035E40E026DC2BF3523D40,120.05399,29.32415,金华市义乌市时代花园幼稚园
346,12315.0,义乌市义亭镇义亭小学,浙江省义乌市义亭镇甘塘东路255号,119.959105,29.242347,金华市,义乌市,义亭镇,小学,330782.0,初等教育,,01010000208A110000881BF0F961FD5D40A048F7730A3E3D40,119.95913,29.2423,金华市义乌市义亭镇深塘路37号西北方向142米义亭镇成人文化技校
347,12327.0,义乌市苏溪镇初级中学,浙江省义乌市苏溪镇为民路1号,120.118917,29.414236,金华市,义乌市,苏溪镇,初级中学,330782.0,中等教育,,01010000208A110000107C0C569C075E4070D3D85E0B6A3D40,120.118924,29.414315,金华市义乌市苏溪镇初级中学
348,12394.0,义乌市大陈镇第一幼儿园,义乌市大陈镇原大陈镇小,120.093637,29.465348,金华市,义乌市,大陈镇,幼儿园,330782.0,学前教育,,01010000208A110000802C0B26FE055E405042E90B21773D40,120.09359,29.46553,金华市义乌市镇中北路33号大陈第一幼儿园
349,12455.0,杭州市余杭区中泰中学,浙江省杭州市余杭区中泰街道石鸽社区,119.922431,30.241534,杭州市,余杭区,中泰街道,初级中学,330110.0,中等教育,,01010000208A1100004074081C09FB5D4040DF162CD53D3E40,119.92241,30.24134,杭州市余杭区中泰路39中泰中学
350,12499.0,义乌市保联小学,浙江省金华市义乌市稠城街道春江路88号,120.0739253,29.30015155,金华市,义乌市,稠城街道,小学,330782.0,初等教育,,01010000208A110000380D3731BB045E40909178BBD64C3D40,120.07393,29.30015,金华市义乌市春江路88义乌市保联小学
351,12525.0,宁波市海曙区竹福园幼儿园,环城西路北段68弄76号,121.520225,29.882441,宁波市,海曙区,望春街道,幼儿园,,学前教育,,01010000208A110000F063CC5D4B615E4040A643A7E7E13D40,121.52033,29.88248,宁波市海曙区环城西路北段68弄76竹福园幼儿园
352,12535.0,义乌市后宅街道鹤田小学,义乌市后宅街道鹤田村,120.057575,29.409805,金华市,义乌市,后宅街道,小学,330782.0,初等教育,,01010000208A11000050840D4FAF035E40C0BC00FBE8683D40,120.05761,29.41012,金华市义乌市后宅街道鹤田村义乌市鹤田小学
353,12570.0,杭州市余杭区临平第一幼儿园,杭州市余杭区南苑街道平吴街3号,120.308919,30.422258,杭州市,余杭区,南苑街道,幼儿园,330110.0,学前教育,,01010000208A11000038873254C5135E407079AC19196C3E40,120.308891,30.422371,杭州市临平区平吴街3余杭区临平第一幼儿园
354,12602.0,义乌市稠江街道育才幼儿园,义乌市稠江街道稠州西路230巷1―5号,120.053932,29.300795,金华市,义乌市,稠江街道,幼儿园,330782.0,学前教育,,01010000208A110000500D349F73035E40E0CCAFE6004D3D40,120.054,29.30084,金华市义乌市稠州西路230巷1-5号育才幼儿园
355,12621.0,杭州市余杭区小珠弄幼儿园,余杭区余杭街道小珠弄2号,119.932723,30.275799,杭州市,余杭区,余杭街道,幼儿园,330110.0,学前教育,,01010000208A110000884ECFBBB1FB5D40004565C39A463E40,119.9328,30.2758600000001,杭州市余杭区小珠弄2余杭区小珠弄商业幼儿园
356,12651.0,杭州市翠苑第二小学,杭州市翠苑三区165号,120.1173234,30.28618181,杭州市,西湖区,翠苑街道,小学,330106.0,初等教育,,01010000208A1100001860E23982075E4000A90A3643493E40,120.117323,30.286182,杭州市西湖区翠苑三区165号杭州市翠苑第二小学
357,12676.0,义乌市北苑布谷鸟幼儿园,浙江省金华义乌市北苑街道复兴湖塘西1幢,120.057521,29.315402,金华市,义乌市,北苑街道,幼儿园,330782.0,学前教育,,01010000208A11000050758F6CAE035E40D0177B2FBE503D40,120.05766,29.31544,金华市义乌市复兴湖塘西1幢布谷鸟幼儿园
358,12682.0,杭州市西湖区金太阳幼儿园,杭州市西湖区老东岳10号,120.086105,30.258276,杭州市,西湖区,留下街道,幼儿园,330106.0,学前教育,,01010000208A11000068C18BBE82055E4080573D601E423E40,120.08625,30.25829,杭州市西湖区西溪路643正北方向145米杭州市西湖区金太阳幼儿园
359,12712.0,杭州市上泗中学,浙江省杭州市西湖区转塘街道沈横路30号,120.077042,30.139446,杭州市,西湖区,转塘街道,初级中学,330106.0,中等教育,,01010000208A110000C89A9141EE045E40E08EA9BBB2233E40,120.0769,30.13944,杭州市西湖区凌家桥319号杭州市上泗中学
360,12723.0,德清县第五中学,浙江省德清县钟管镇环城北路968号,120.1750337,30.65110683,湖州市,德清县,钟管镇,高级中学,330521.0,中等教育,,01010000208A11000058B3A0C0330B5E40703BFEEFAEA63E40,120.17508,30.6511,湖州市德清县环城北路968德清县第五中学
361,12729.0,德清县千秋外国语学校,德清县武康街道中兴北路188号,119.9657718,30.5452046,湖州市,德清县,武康街道,初级中学,330521.0,中等教育,,01010000208A11000070C38F34CFFD5D40F0A05687928B3E40,119.96578,30.5452,湖州市德清县中兴北路188德清县千秋外国语学校警务站
362,12730.0,杭州市余杭区南苑中心小学,浙江省杭州市余杭区南苑街道高地社区,120.304885,30.37606,杭州市,余杭区,南苑街道,小学,330110.0,初等教育,,01010000208A110000A002603C83135E407055D97745603E40,120.30499,30.376348,杭州市临平区高地社区金家角48号杭州市余杭区南苑中心小学
363,12759.0,德清县禹越镇高桥中心幼儿园,德清县禹越镇高桥新兴街52号,120.2811227,30.55590682,湖州市,德清县,禹越镇,幼儿园,330521.0,学前教育,,01010000208A11000070A4E4E9FD115E40001DD4E84F8E3E40,120.28113,30.55591,湖州市德清县新兴街52高桥中心幼儿园
364,12771.0,杭州市余杭区瓶窑镇第一幼儿园,杭州市余杭区瓶窑镇凤溪路349号,119.966986,30.392995,杭州市,余杭区,瓶窑镇,幼儿园,330110.0,学前教育,,01010000208A110000286C3F19E3FD5D40D07D00529B643E40,119.96705,30.393,杭州市余杭区凤溪路349瓶窑镇第一幼儿园
365,12782.0,义乌市稠江街道成才幼儿园,义乌市稠江街道香山小区52幢,120.057161,29.295537,金华市,义乌市,稠江街道,幼儿园,330782.0,学前教育,,01010000208A110000D0669C86A8035E4010C21550A84B3D40,120.057,29.29557,金华市义乌市香山52幢新世纪幼教集团成才幼儿园
366,12787.0,德清县新安镇勾里中心学校,德清县新安镇新安集镇育才路1号,120.2240927,30.53410631,湖州市,德清县,新安镇,九年一贯制学校,330521.0,中等教育,,01010000208A110000F0BCEC88570E5E409037FF30BB883E40,120.2241,30.53407,湖州市德清县育才路1勾里中心学校
367,12799.0,宁波市海曙区横街镇中心小学,浙江省宁波市海曙区横街镇育才路车站南路12号,121.395466,29.855084,宁波市,海曙区,横街镇,小学,330203.0,初等教育,,01010000208A110000882BA0504F595E403055F7C8E6DA3D40,121.395466,29.855084,"宁波市海曙区育才路,车站南路12号宁波市海曙区横街镇中心小学"
368,12844.0,义乌市江东街道毛店幼儿园,义乌市江东街道毛店村9号,120.038515,29.256565,金华市,义乌市,江东街道,幼儿园,330782.0,学前教育,,01010000208A110000F0599E0777025E40604C6C3EAE413D40,120.038574,29.256682,金华市义乌市毛店村9毛店幼儿园
369,12848.0,杭州市余杭区星桥第一小学,余杭区星桥街道学成街10号,120.255642,30.393972,杭州市,余杭区,星桥街道,小学,330110.0,初等教育,,01010000208A110000F85E43705C105E40308A5759DB643E40,120.25568,30.39404,杭州市临平区学成街10号杭州市余杭区星桥第一小学
370,12865.0,德清县武康英溪小学,德清县武康镇居仁街102号,119.9592919,30.54250379,湖州市,德清县,武康街道,小学,330521.0,初等教育,,01010000208A110000F078A00965FD5D40806A3B87E18A3E40,119.9593,30.54248,湖州市德清县居仁街102武康英溪小学
371,12872.0,杭州市余杭区绿苑幼儿园,浙江省杭州市余杭区瓶窑镇绿园村63号,119.965231,30.40212,杭州市,余杭区,瓶窑镇,幼儿园,330110.0,学前教育,,01010000208A11000078853E58C6FD5D4050111956F1663E40,119.96535,30.4018800000001,杭州市余杭区绿园村63杭州市余杭区绿苑幼儿园
372,12921.0,义乌市稠江街道下沿塘小天使幼儿园,义乌市稠江街道下沿塘小天使幼儿园,120.006462,29.276247,金华市,义乌市,稠江街道,幼儿园,330782.0,学前教育,,01010000208A110000B0AA97DF69005E40409E961FB8463D40,120.00653,29.27636,金华市义乌市下沿塘316-317小天使幼儿园
373,12930.0,义乌市佛堂三之三江滨幼儿园,佛堂镇江滨小区沿街商住房2号楼5-17号,120.00915,29.19658,金华市,义乌市,佛堂镇,幼儿园,,学前教育,,01010000208A11000088B0E1E995005E40300C1F1153323D40,120.00921,29.19662,金华市义乌市大成路江滨小区旁(中心小学隔壁)3之3江滨幼儿园
374,12962.0,德清县第二中学,浙江省德清县武康街道千秋街528号,119.9685637,30.54387768,湖州市,德清县,武康街道,初级中学,330521.0,中等教育,,01010000208A110000C8CA89F2FCFD5D40601966913B8B3E40,119.968539,30.543768,湖州市德清县千秋街528德清县第二中学
375,13005.0,德清县育才学校,浙江省湖州市德清县阜溪街道星华路43号,119.956359,30.576019,湖州市,德清县,阜溪街道,九年一贯制学校,330521.0,中等教育,,01010000208A110000100F61FC34FD5D40E0DF2EFB75933E40,119.95624,30.57595,湖州市德清县武康镇三桥小南山脚西南方向165米德清县育才学校
376,13007.0,杭州市闲林职业高级中学,杭州市余杭区闲林街道闲富路12号,119.978616,30.22562,杭州市,余杭区,闲林街道,职业高中学校,330110.0,中等教育,,01010000208A110000E8D500A5A1FE5D40D052793BC2393E40,119.97849,30.22544,杭州市余杭区闲富南路(闲林中路口)杭州市闲林职业高级中学杭州市闲林职业高级中学校园警务室
377,13060.0,义乌市上溪镇信达幼儿园,义乌市上溪镇信达路8号,119.919725,29.273254,金华市,义乌市,上溪镇,幼儿园,330782.0,学前教育,,01010000208A11000010143FC6DCFA5D40508061F9F3453D40,119.9199,29.2732800000001,金华市义乌市上溪镇信达路8号信达幼儿园
378,13072.0,杭州市余杭区运河第一幼儿园,杭州市余杭区运河街道湖潭路312号,120.297233,30.467315,杭州市,余杭区,运河街道,幼儿园,330110.0,学前教育,,01010000208A110000B0928FDD05135E4020EEB1F4A1773E40,120.297281,30.467285,杭州市临平区湖潭路312运河第一幼儿园
379,13098.0,杭州市九莲小学,杭州市九莲新村55号,120.1284238,30.28125381,杭州市,西湖区,翠苑街道,小学,330106.0,初等教育,,01010000208A11000048F6701838085E40D0B5F83F00483E40,120.12842,30.28127,杭州市西湖区影业路55杭州市文三教育集团九莲小学
380,13143.0,义乌市徐江小学,江东街道徐中路31号,120.048503,29.256806,金华市,义乌市,江东街道,小学,,初等教育,,01010000208A11000080B053AC1A035E40A06ABB09BE413D40,120.04859,29.25661,金华市义乌市江东街道徐中路30号义乌市徐江小学
381,13196.0,杭州市余杭区国泰幼儿园,世纪大道253号,120.313018,30.415751,杭州市,余杭区,南苑街道,幼儿园,,学前教育,,01010000208A110000D043A67C08145E40804754A86E6A3E40,120.31301,30.4157200000001,杭州市临平区世纪大道253国泰幼儿教育集团
382,13204.0,宁波市尹江岸幼儿园,海曙区甬水桥路46号,121.535986,29.859209,宁波市,海曙区,南门街道,幼儿园,330203.0,学前教育,,01010000208A110000484739984D625E40D06DFB1EF5DB3D40,121.53587,29.85899,宁波市海曙区甬水桥路46宁波市尹江岸幼儿园
383,13206.0,义乌市福田开心幼儿园,义乌市福田街道陶界岭小区20幢,120.090909,29.341682,金华市,义乌市,福田街道,幼儿园,330782.0,学前教育,,01010000208A110000607AFB73D1055E40C0A1B77878573D40,120.09098,29.34175,金华市义乌市陶界岭小区20幢开心幼儿园
384,13218.0,义乌市北苑街道小太阳幼儿园,浙江省金华市义乌市北苑街道建设社区居委会,120.063304,29.313696,金华市,义乌市,北苑街道,幼儿园,330782.0,学前教育,,01010000208A110000306D382C0D045E40D0E28C614E503D40,120.06328,29.3135100000001,金华市义乌市建设二村19幢1-2号义乌市北苑街道小太阳幼儿园
385,13237.0,杭州市西湖区新蕾幼儿园,杭州市西湖区良浮路171号,120.09377,30.125675,杭州市,西湖区,双浦镇,幼儿园,330106.0,学前教育,,01010000208A11000020D6E25300065E40C0EC9E3C2C203E40,120.09382,30.12551,杭州市西湖区转塘街道南村225号杭州市西湖区新蕾幼儿园
386,13245.0,杭州市余杭区开心幼儿园,临平东湖街道星光街378号,120.285309,30.429556,杭州市,余杭区,临平街道,幼儿园,,学前教育,,01010000208A1100004810AE8042125E40F0CCCB61F76D3E40,120.2853,30.4295900000001,杭州市临平区星光街378杭州市余杭区开心幼儿园
387,13257.0,杭州市西湖区申花路幼儿园,杭州市竟舟北路191号,120.094311,30.31290808,杭州市,西湖区,三墩镇,幼儿园,330106.0,学前教育,,01010000208A110000C82F2D3109065E4010D87ABE1A503E40,120.09425,30.31303,杭州市西湖区竞舟北路191申花路幼儿园申花路园
388,13267.0,义乌市江东街道永胜幼儿园,义乌市江东街道永胜幼儿园,120.103076,29.307822,金华市,义乌市,江东街道,幼儿园,330782.0,学前教育,,01010000208A110000284014CC98065E4040FD2E6CCD4E3D40,120.10299,29.3078,金华市义乌市永胜小区106幢1号永胜幼儿园
389,13276.0,杭州市余杭区聪明树早教园,杭州市余杭区狮山路284号（紫竹人家小区）,119.945355,30.267834,杭州市,余杭区,余杭街道,幼儿园,330110.0,学前教育,,01010000208A110000080742B280FC5D40C0C1DEC490443E40,119.94547,30.26788,杭州市余杭区狮山路284聪明树快乐启智学堂
390,13308.0,义乌市北苑街道爱咪儿幼儿园,浙江省金华市义乌市北苑街道建设三村58幢,120.060074,29.310397,金华市,义乌市,北苑街道,幼儿园,330782.0,学前教育,,01010000208A110000C0559E40D8035E40D0C6832D764F3D40,120.06002,29.31039,金华市义乌市建设三村58幢爱咪儿幼儿园
391,13312.0,德清县第一中学,浙江省德清县武康镇千秋东街245号,119.9805818,30.54340411,湖州市,德清县,武康街道,高级中学,330521.0,中等教育,,01010000208A110000D89AF1D9C1FE5D40508D29881C8B3E40,119.980592,30.543385,湖州市德清县千秋东街245德清县第一中学
392,13329.0,杭州市余杭区荷花幼儿园,杭州市余杭区临平街道荷花塘社区荷花小区41幢,120.287257,30.431771,杭州市,余杭区,临平街道,幼儿园,330110.0,学前教育,,01010000208A11000000232F6B62125E40805C548B886E3E40,120.28729,30.43147,杭州市临平区荷花小区41幢杭州市余杭区荷花幼儿园
393,13333.0,杭州市余杭区阳光宝贝方汇幼儿园,杭州市余杭区城南路322号方汇花苑,119.942851,30.25883,杭州市,余杭区,余杭街道,幼儿园,330110.0,学前教育,,01010000208A1100001080B8AB57FC5D404039D1AE42423E40,119.94286,30.25881,杭州市余杭区城南路322方汇花苑杭州市阳光宝贝方汇幼儿园
394,13347.0,杭州市余杭区理想湾幼儿园,东湖街道众安理想湾小区红墅32幢,120.267055,30.437174,杭州市,余杭区,临平街道,幼儿园,,学前教育,,01010000208A110000F0CEDA6D17115E4060A9A0A2EA6F3E40,120.26718,30.4373000000001,杭州市临平区理想湾幼儿园
395,13378.0,义乌市北苑街道丹溪幼儿园,浙江省金华市义乌市北苑街道复兴社区居委会,120.058787,29.320909,金华市,义乌市,北苑街道,幼儿园,330782.0,学前教育,,01010000208A110000889B8C2AC3035E40F0FD9B1727523D40,120.058918,29.321136,金华市义乌市丹溪一区3幢丹溪幼儿园
396,13380.0,杭州市余杭区径山镇中学,浙江省杭州市余杭区径山镇求是村委会,119.873596,30.378978,杭州市,余杭区,径山镇,初级中学,330110.0,中等教育,,01010000208A110000A87A32FFE8F75D4050E7C3B304613E40,119.87363,30.379049,杭州市余杭区径山镇径山中学
397,13382.0,杭州市西湖区三墩镇中心幼儿园,杭州市三墩镇庙前街55号,120.0776909,30.32210733,杭州市,西湖区,三墩镇,幼儿园,330106.0,学前教育,,01010000208A110000481355E3F8045E40E0BD48A075523E40,120.07765,30.32218,杭州市西湖区庙前街55三墩镇中心幼儿园
398,13407.0,德清县筏头中心学校,浙江省德清县莫干山镇筏头集镇334号,119.8506129,30.55545492,湖州市,德清县,莫干山镇,九年一贯制学校,330521.0,中等教育,,01010000208A110000A813E17070F65D4060CD2B4B328E3E40,119.850613,30.555455,湖州市德清县筏头乡筏头新区德清县筏头中心学校
399,13415.0,浙江青年专修学院,杭州西湖区文二路188号,120.1309735,30.28647583,杭州市,西湖区,西溪街道,民办的其他高等教育机构,330106.0,其他教育,,01010000208A11000020C9ACDE61085E40C0F1E07A56493E40,120.13105,30.28651,杭州市西湖区教工路186浙江省团校西门
400,13457.0,德清县上柏幼儿园,浙江省湖州市德清县上柏正兴路87号,119.9494198,30.49261466,湖州市,德清县,舞阳街道,幼儿园,330521.0,学前教育,,01010000208A11000050BE6E4BC3FC5D40F03A8EFE1B7E3E40,119.94946,30.49265,湖州市德清县正兴路87号德清公安德清县上柏幼儿园警务站
401,13515.0,德清县金蓓蕾幼儿园,浙江省德清县武康中利达花园西门,119.9594071,30.52686867,湖州市,德清县,舞阳街道,幼儿园,330521.0,学前教育,,01010000208A110000004014ED66FD5D40E0EF7ADDE0863E40,119.9594,30.52684,湖州市德清县中利达花园内华侨国际德清金蓓蕾幼儿园
402,13516.0,德清县鑫盛小区幼儿园,浙江省湖州市德清县鑫盛小区31幢,119.9473338,30.53486634,湖州市,德清县,武康街道,幼儿园,330521.0,学前教育,,01010000208A110000F822D21DA1FC5D4000081E00ED883E40,119.94723,30.53485,湖州市德清县鑫盛小区114幢18东南方向56米德清县武康街道城西村股份经济合作社
403,13563.0,杭州英才高级中学,杭州市西湖区西溪路大龙驹坞705号,120.0797618,30.25392443,杭州市,西湖区,留下街道,高级中学,330106.0,中等教育,,01010000208A110000882427D11A055E406081023101413E40,120.079762,30.253924,杭州市西湖区杭州英才高级中学
404,13570.0,宁波市海曙段塘育苗幼儿园,宁波市海曙丽园南路799弄2号,121.5104231,29.85075901,宁波市,海曙区,段塘街道,幼儿园,330203.0,学前教育,,01010000208A11000018AB9BC5AA605E4030BAAC57CBD93D40,121.51044,29.85085,宁波市海曙区段塘吴家工业区3号799弄宁波海曙段塘育苗幼儿园
405,13587.0,杭州市西湖区象山幼儿园,杭州市西湖区转塘街道安埠街东狮路口,120.0809597,30.15587826,杭州市,西湖区,转塘街道,幼儿园,330106.0,学前教育,,01010000208A110000E84262712E055E4080DB3CA3E7273E40,120.08104,30.1559,杭州市西湖区东环路与转之路交叉口西南100米象山幼儿园
406,13591.0,德清县三桥小学,德清县阜溪街道三桥集镇,119.9527918,30.57750346,湖州市,德清县,阜溪街道,小学,330521.0,初等教育,,01010000208A110000D8BF5F8AFAFC5D40E0064A44D7933E40,119.952792,30.577503,湖州市德清县三桥集镇德清县三桥小学
407,13610.0,宁波市海曙区洞桥镇新欣幼儿园,浙江省宁波市海曙区洞桥镇周公宅村216号,121.40202,29.78422001,宁波市,海曙区,洞桥镇,幼儿园,330203.0,学前教育,,01010000208A11000068D222B2BA595E40A0D17FA4C2C83D40,121.40202,29.78422,宁波市海曙区祖望路55正东方向173米宁波市海曙区洞桥镇新欣幼儿园
408,13628.0,宁波市第十五中学,宁波市海曙区布政巷19号,121.531403,29.879616,宁波市,海曙区,西门街道,初级中学,330203.0,中等教育,,01010000208A11000050F9CF8102625E40D009A1832EE13D40,121.53141,29.87962,宁波市海曙区布政巷19宁波市第十五中学
409,13635.0,杭州市之江实验中学,西湖区方家畈244号,120.0696955,30.16188961,杭州市,西湖区,转塘街道,初级中学,330106.0,中等教育,,01010000208A110000C0813DE475045E402083F49871293E40,120.06972,30.16202,杭州市西湖区方家路正南方向70米杭州市之江实验中学
410,13715.0,德清县武康幼儿园,浙江省湖州市德清县武康街道兴康北路66-1号,119.9547519,30.54000516,湖州市,德清县,武康街道,幼儿园,330521.0,学前教育,,01010000208A110000785C96A71AFD5D4010DF35C73D8A3E40,119.95465,30.54006,湖州市德清县兴康北路130东北方向120米德清县武康幼儿园
411,13730.0,德清县振兴幼儿园,浙江省湖州市德清县武康街道安平街120-136号,119.949841,30.541804,湖州市,德清县,武康街道,幼儿园,330521.0,学前教育,,01010000208A11000098D9E731CAFC5D4090D7BCAAB38A3E40,119.94988,30.5417,湖州市德清县顺达路220号德清县振兴幼儿园
412,13737.0,杭州市西湖区闻裕顺学前教育集团（总园）,杭州市西湖区里东山弄16号,120.1249012,30.2607072,杭州市,西湖区,灵隐街道,幼儿园,330106.0,学前教育,,01010000208A110000900BA561FE075E40F0D401B5BD423E40,120.12491,30.26073,杭州市西湖区里东山弄西湖区闻裕顺学前教育集团闻裕顺幼儿园
413,13748.0,德清县三合幼儿园,德清县下渚湖街道校园街58号,120.02941,30.47916,湖州市,德清县,下渚湖街,幼儿园,330521.0,学前教育,,01010000208A110000380B7BDAE1015E40208DD13AAA7A3E40,120.0294,30.47887,湖州市德清县校园街38东南方向174米德清公安德清县三合幼儿园警务站
414,13818.0,宁波市海曙区高桥镇中心幼儿园,宁波市海曙区高桥镇高桥路569号,121.4647417,29.90446533,宁波市,海曙区,高桥镇,幼儿园,330203.0,学前教育,,01010000208A110000F0DB1854BE5D5E4040B7340A8BE73D40,121.46472,29.9045,宁波市海曙区高桥镇中心幼儿园
415,13823.0,宁波市海曙卓越国际幼儿园,宁波市海曙区维科上院30号,121.5192373,29.90336524,宁波市,海曙区,望春街道,幼儿园,330203.0,学前教育,,01010000208A1100004097152F3B615E40B024C2F142E73D40,121.51938,29.90337,宁波市海曙区上院30号海曙卓越国际幼儿园
416,13830.0,宁波市海曙区高桥镇岐阳小学,浙江省宁波市海曙区高桥镇岐阳村岐山路67号,121.424234,29.92265408,宁波市,海曙区,高桥镇,小学,330203.0,初等教育,,01010000208A110000087072A6265B5E40F01ECB0E33EC3D40,121.424234,29.922654,宁波市海曙区岐阳村岐山路67号宁波市海曙区高桥镇岐阳小学
417,13838.0,德清县东风小学,德清县武康街道对河口集镇,119.8932922,30.53480367,湖州市,德清县,武康街道,小学,330521.0,初等教育,,01010000208A11000010FBEBB22BF95D40406EB0E4E8883E40,119.893301,30.534814,湖州市德清县武康镇对河口集镇东风小学
418,13874.0,德清县机关幼儿园,浙江省湖州市德清县武康街道广场西弄47号,119.9665301,30.53884428,湖州市,德清县,武康街道,幼儿园,330521.0,学前教育,,01010000208A110000B8BC30A1DBFD5D40903CE0B2F1893E40,119.96644,30.53866,湖州市德清县广场西弄47德清县机关幼儿园
419,13888.0,杭州市经纶体育幼儿园,杭州市西湖区曙光路126号,120.1335585,30.2674496,杭州市,西湖区,灵隐街道,幼儿园,330106.0,学前教育,,01010000208A11000008EDDD388C085E401054B59377443E40,120.13362,30.2672600000001,杭州市西湖区曙光路126陈经纶游泳馆
420,13896.0,浙江省级机关府苑幼儿园,杭州市西湖区府苑新村,120.0879192,30.26826903,杭州市,西湖区,蒋村街道,幼儿园,330106.0,学前教育,,01010000208A1100001039AF77A0055E4030617647AD443E40,120.088,30.26803,杭州市西湖区府苑新村浙江省级机关府苑幼儿园
421,13936.0,德清县上柏小学,德清县舞阳街道邮电路15号,119.950252,30.49180476,湖州市,德清县,舞阳街道,小学,330521.0,初等教育,,01010000208A110000B0F3E3EDD0FC5D409037B0EAE67D3E40,119.95026,30.49182,湖州市德清县邮电路15上柏小学
422,13938.0,杭州市文三教育集团（总校）,杭州市西湖区上宁巷3号,120.1397192,30.27916379,杭州市,西湖区,西溪街道,小学,330106.0,初等教育,,01010000208A110000A864D728F1085E400047344777473E40,120.13968,30.27919,杭州市西湖区杭州市文三街小学
423,13959.0,宁波市德财幼儿园,海曙区江厦街道小梁街37号,121.5464808,29.87342389,宁波市,海曙区,江厦街道,幼儿园,330203.0,学前教育,,01010000208A110000682FBB8AF9625E40601843B598DF3D40,121.54646,29.87331,宁波市海曙区宁波市德财幼儿园
424,13960.0,宁波外事学校,启运路298号,121.5070157,29.84735541,宁波市,海曙区,段塘街道,职业高中学校,330203.0,中等教育,,01010000208A110000684DDAF172605E40E009BE48ECD83D40,121.50701564,29.8473554070001,宁波市海曙区槐树路1号宁波外事学校
425,14025.0,义乌市幸福湖小学,后宅街道群英路和渠成街交叉口,120.062589,29.364564,金华市,义乌市,后宅街道,小学,330782.0,初等教育,,01010000208A110000B8054B7501045E40804CF910545D3D40,120.062589,29.364564,金华市义乌市群英路义乌市幸福湖小学
426,14038.0,德清县五龙爱心幼儿园,德清县武康街道五龙小区16幢,119.9875217,30.54020361,湖州市,德清县,武康街道,幼儿园,330521.0,学前教育,,01010000208A11000058DF4C8E33FF5D409021A6C84A8A3E40,119.98753,30.54021,湖州市德清县五龙小区16五龙爱心幼儿园
427,14061.0,宁波市海曙区高桥镇望春小学,宁波市海曙区高桥镇长乐村博爱路88号,121.4984979,29.89321946,宁波市,海曙区,高桥镇,小学,330203.0,初等教育,,01010000208A110000185BE763E75F5E40D0D9D007AAE43D40,121.498664,29.893242,宁波市海曙区博爱路88望春小学
428,14080.0,杭州市余杭区塘栖镇第三幼儿园,杭州市余杭区朱家角康乐小区,120.2280646,30.45928671,杭州市,余杭区,塘栖镇,幼儿园,330110.0,学前教育,,01010000208A11000020E80D9C980E5E4000F056D093753E40,120.22802,30.45917,杭州市临平区康乐小区杭州市余杭区塘栖镇第三幼儿园
429,14102.0,宁波市海曙区高桥镇清沁家园幼儿园,宁波市海曙区高桥镇芦港村清沁家园119号,121.4884676,29.89612425,宁波市,海曙区,高桥镇,幼儿园,330203.0,学前教育,,01010000208A110000101A660D435F5E4010E71A6668E53D40,121.48841,29.8964,宁波市海曙区高桥镇芦港村东北方向51米高桥镇清沁家园幼儿园
430,14104.0,杭州市陈经纶体育学校,杭州市曙光路126号,120.1336663,30.26730832,杭州市,西湖区,灵隐街道,中等技术学校,330127.0,中等教育,,01010000208A11000028080EFD8D085E4040596C516E443E40,120.13362,30.2672600000001,杭州市西湖区曙光路126陈经纶游泳馆
431,14132.0,义乌市实验幼儿园,义乌市宾王商贸区五街169号,120.0824263,29.3114748,金华市,义乌市,稠城街道,幼儿园,330782.0,学前教育,,01010000208A11000008C2CA7846055E403087FFCFBC4F3D40,120.08249,29.31142,金华市义乌市宾王商贸区五街169义乌市实验幼儿园
432,14171.0,杭州市西湖区景汇幼儿园,杭州市西湖区汇周街108号,120.061394,30.35221,杭州市,西湖区,三墩镇,幼儿园,330106.0,学前教育,,01010000208A110000E88A19E1ED035E4000533F6F2A5A3E40,120.0614,30.352,杭州市西湖区汇周街108杭州市西湖区景汇幼儿园
433,14190.0,宁波市海曙区集士港镇格兰春晨幼儿园,宁波市海曙区集士港镇格兰春晨2期工贸四路198号,121.453113,29.86157063,宁波市,海曙区,集士港镇,幼儿园,330203.0,学前教育,,01010000208A110000380CD6CDFF5C5E40500B8FE48FDC3D40,121.45307,29.8617,宁波市海曙区兰缘路67西北方向78米格兰春晨幼儿园
434,14204.0,宁波第二技师学院,宁波市新典路1000号,121.51044,29.86122,宁波市,海曙区,段塘街道,中等技术学校,330203.0,中等教育,,01010000208A11000080A4880CAB605E4040A9F6E978DC3D40,121.51044,29.86122,宁波市海曙区新典路1000宁波第二技师学院
435,14475.0,杭州市余杭区舟枕小学,浙江省杭州市余杭区余杭街道义桥村西杨梅岭11号,119.888306,30.29392,杭州市,余杭区,余杭街道,小学,330110.0,初等教育,,01010000208A110000C8B56801DAF85D40F0A353573E4B3E40,119.888306,30.29392,杭州市余杭区义桥村西杨梅岭11号杭州市余杭区舟枕小学(中心校区)
