,Unnamed: 0,Unnamed: 0.1,Unnamed: 0.1.1,objectid,name,address,point_x,point_y,dsmc,qxmc,xzmc,xxlb,xzqdm,dj,gdb_geomattr_data,shape
0,0.0,0.0,0.0,6.0,义乌中未摇篮幼儿园有限公司,义乌市稠江街道童,120.048096,29.303992,金华市,义乌市,稠江街道,幼儿园,330782.0,学前教育,,01010000208A11000060C43E0114035E40E03E726BD24D3D40
1,1.0,1.0,1.0,19.0,义乌市河畔幼儿园,浙江省金华市义乌市北苑街道建设社区居委会,120.0675311,29.31759667,金华市,义乌市,北苑街道,幼儿园,330782.0,学前教育,,01010000208A11000058121C6E52045E40807104044E513D40
2,2.0,2.0,3.0,26.0,宁波市海曙区清林闲庭幼儿园,清林闲庭85号,121.526459,29.903905,宁波市,海曙区,望春街道,幼儿园,330203.0,学前教育,,01010000208A110000D8EB1681B1615E40E0B06D5166E73D40
3,5.0,6.0,11.0,220.0,义乌市后宅金色摇篮中天幼儿园,义乌市后宅街道北站四区123-125号,120.0383829,29.36607289,金华市,义乌市,后宅街道,幼儿园,330782.0,学前教育,,01010000208A110000B0EEB6DD74025E40009EE5F3B65D3D40
4,6.0,7.0,12.0,281.0,杭州市余杭区小博士银领时代幼儿园,浙江省杭州市余杭区星桥街道银领时代1号楼,120.2592261,30.39804681,杭州市,余杭区,星桥街道,幼儿园,330110.0,学前教育,,01010000208A110000208A3E2997105E40A0574265E6653E40
5,9.0,10.0,17.0,376.0,义乌市雪峰初中,浙江省义乌市佛堂镇蟠龙西路388号,120.002208,29.208511,金华市,义乌市,佛堂镇,初级中学,330782.0,中等教育,,01010000208A11000088F2052D24005E4030DB15FA60353D40
6,10.0,11.0,18.0,379.0,义乌市义亭镇王阡幼儿园,浙江省义乌市义亭镇王阡一村,119.9424861,29.23380239,金华市,义乌市,义亭镇,幼儿园,330782.0,学前教育,,01010000208A110000705A67B151FC5D40404D1D79DA3B3D40
7,11.0,12.0,19.0,383.0,杭州明路蔚蓝幼儿园有限公司,杭州市余杭区五常街道三维智汇中心6幢1单元101室、6幢2单元101室、7幢1单元101室,120.0121874,30.28829627,杭州市,余杭区,五常街道,幼儿园,330110.0,学前教育,,01010000208A110000181BA9ADC7005E40F0E9C6C8CD493E40
8,13.0,15.0,24.0,543.0,宁波市海曙区石\街道栎社幼儿园,浙江省宁波 市海曙区石\街道联丰工业区12号,121.4790015,29.80800952,宁波市,海曙区,石\街道,幼儿园,330203.0,学前教育,,01010000208A110000D00BF3F5A75E5E40B0413FB6D9CE3D40
9,14.0,17.0,28.0,648.0,义乌市福田街道中心幼儿园,义乌市商博路612号,120.1140806,29.33292995,金华市,义乌市,福田街道,幼儿园,330782.0,学前教育,,01010000208A110000587CC5184D075E40D0ED9DE53A553D40
10,16.0,20.0,34.0,744.0,义乌市后宅街道湖门幼儿园,义乌市后宅街道湖门村,120.040129,29.39915292,金华市,义乌市,后宅街道,幼儿园,330782.0,学前教育,,01010000208A110000A01D067991025E4050FAD6E22E663D40
11,17.0,21.0,37.0,786.0,杭州初阳幼儿园有限公司,杭州市西湖区蒋村街道双龙街199号,120.0628519,30.29332784,杭州市,西湖区,蒋村街道,幼儿园,330106.0,学前教育,,01010000208A1100000833E3C305045E4070CE8788174B3E40
12,18.0,22.0,38.0,793.0,杭州市余杭区良渚古墩路小学,余杭区良渚街道金汇南路7号古墩路小学,120.073622,30.3510443,杭州市,余杭区,良渚街道,小学,330110.0,初等教育,,01010000208A1100001022E938B6045E4000A7070ADE593E40
13,20.0,25.0,44.0,912.0,宁波市海曙区高桥镇宝宝幼儿园,浙江省宁波市海曙区高桥镇严家村117号,121.4690238,29.87813937,宁波市,海曙区,高桥镇,幼儿园,330205.0,学前教育,,01010000208A110000E8EB5D7C045E5E406098D6BDCDE03D40
14,22.0,27.0,47.0,982.0,义乌华溪小学,浙江省金华市义乌市廿三里街道华溪村委会,120.2004588,29.3505325,金华市,义乌市,廿三里街,小学,330782.0,初等教育,,01010000208A11000090BA3651D40C5E4070DD887FBC593D40
15,24.0,29.0,51.0,1107.0,杭州市余杭区仓前中心小学,杭州市余杭区仓前街道仓兴街348-2号,119.9903222,30.29261889,杭州市,余杭区,仓前街道,小学,330110.0,初等教育,,01010000208A110000388E6E7061FF5D4060724E12E94A3E40
16,25.0,30.0,53.0,1163.0,杭州市西湖区山水学前教育集团（总园）,杭州市西湖区莲花街97号山水人家小区内,120.1028131,30.27288429,杭州市,西湖区,古荡街道,幼儿园,330106.0,学前教育,,01010000208A11000028155F7D94065E406024ADBEDB453E40
17,26.0,31.0,54.0,1181.0,杭州市余杭区五常文福幼儿园,杭州市余杭区五常街道文一社区西溪北苑西区64幢,120.0314067,30.29160411,杭州市,余杭区,五常街道,幼儿园,330110.0,学前教育,,01010000208A11000030734F9102025E40D0B63091A64A3E40
18,27.0,32.0,55.0,1183.0,义乌市绣湖中学教育集团,义乌市北苑街道秀禾路16号,120.0604804,29.31281598,金华市,义乌市,北苑街道,初级中学,330782.0,中等教育,,01010000208A110000A0B72AE9DE035E40904A2EB514503D40
19,29.0,34.0,59.0,1198.0,杭州市西湖小学教育集团（总校）,曙光路143号,120.1262284,30.25585827,杭州市,西湖区,北山街道,小学,330326.0,初等教育,,01010000208A110000A0FD152014085E40202D69ED7F413E40
20,32.0,37.0,65.0,1266.0,义乌市稠城第一小学教育集团,义乌市稠城街道城中中路57号,120.0753316,29.30862141,金华市,义乌市,稠城街道,小学,330782.0,初等教育,,01010000208A110000F048BA3BD2045E40A06217D0014F3D40
21,33.0,39.0,69.0,1306.0,杭州市余杭区径山镇长乐幼儿园,杭州市余杭区径山镇径山中路17号,119.8487489,30.33813595,杭州市,余杭区,径山镇,幼儿园,330110.0,学前教育,,01010000208A11000038ADD4E651F65D4010DADE1390563E40
22,34.0,40.0,70.0,1314.0,义乌市北苑街道现代城市花园幼儿园,义乌市北苑街道春晗南路358号,120.0375169,29.31664659,金华市,义乌市,北苑街道,幼儿园,330782.0,学前教育,,01010000208A110000103A51AD66025E40205349C00F513D40
23,35.0,41.0,71.0,1325.0,义乌市廿三里街道埠头幼儿园,义乌市廿三里街道埠头村6幢1-2号,120.1929863,29.3313819,金华市,义乌市,廿三里街,幼儿园,330782.0,学前教育,,01010000208A110000504B20E3590C5E40F082A171D5543D40
24,36.0,44.0,75.0,1399.0,杭州市余杭区英特西溪外国语学校,闲林街道上和路125号,119.9786624,30.24753803,杭州市,余杭区,闲林街道,九年一贯制学校,330110.0,中等教育,,01010000208A110000209F6667A2FE5D40D08B10A75E3F3E40
25,37.0,45.0,76.0,1428.0,杭州西溪伟才幼儿园有限公司,杭州市西湖区天目山路363号,120.0835248,30.26246229,杭州市,西湖区,留下街道,幼儿园,330106.0,学前教育,,01010000208A11000000DF807858055E4030B083BA30433E40
26,39.0,47.0,78.0,1459.0,浙江省广播电视中等专业学校,浙江省杭州市西湖区教工路42号,120.1318291,30.27770517,杭州市,西湖区,西溪街道,成人中等专业学校,330106.0,中等教育,,01010000208A110000B83F60E36F085E4010F7ABAF17473E40
27,40.0,48.0,79.0,1461.0,杭州市余杭区塘栖镇宏畔幼儿园,杭州市余杭区塘栖镇莫家桥村委往东100米,120.1571608,30.44443605,杭州市,余杭区,塘栖镇,幼儿园,330110.0,学前教育,,01010000208A110000C8FA2AEC0E0A5E40E080A48FC6713E40
28,41.0,49.0,81.0,1504.0,义乌市廿三里安博幼儿园,义乌市廿三里街道麻车塘二区6幢,120.1668843,29.34917626,金华市,义乌市,廿三里街,幼儿园,330782.0,学前教育,,01010000208A110000B0BA513BAE0A5E40E0888D9D63593D40
29,42.0,50.0,82.0,1523.0,宁波市海曙区洞桥镇百梁天成希望小学,宁波市海曙区洞桥镇蕙江村桥北38号,121.3857417,29.76967903,宁波市,海曙区,洞桥镇,小学,330203.0,初等教育,,01010000208A11000078190BFEAF585E4050AD4DAF09C53D40
30,43.0,51.0,83.0,1546.0,义乌市廿三里街道金桥人家幼儿园,义乌市廿三里街道金桥小区22幢1号,120.1612389,29.33243678,金华市,义乌市,廿三里街,幼儿园,330782.0,学前教育,,01010000208A110000F09B22BD510A5E40607FA1931A553D40
31,44.0,52.0,84.0,1547.0,杭州市余杭区昂立天都城幼儿园,杭州市余杭区星桥街道天月苑内,120.243687,30.389117,杭州市,余杭区,星桥街道,幼儿园,330110.0,学前教育,,01010000208A11000078DD5B91980F5E405051F52B9D633E40
32,46.0,55.0,87.0,1640.0,义乌市佛堂镇石北幼儿园,佛堂镇石北村,120.089069,29.219266,金华市,义乌市,佛堂镇,幼儿园,330782.0,学前教育,,01010000208A1100009885764EB3055E40F01F0BD121383D40
33,47.0,56.0,88.0,1642.0,浙江远大专修学院,浙江省杭州市西湖区翠苑街道黄姑山社区,120.117062,30.27849482,杭州市,西湖区,翠苑街道,民办的其他高等教育机构,330106.0,其他教育,,01010000208A110000B894AEF17D075E40F07AD56F4B473E40
34,48.0,57.0,89.0,1643.0,杭州市学军中学海创园学校,余杭区荆余路379号,119.9613054,30.2510239,杭州市,余杭区,余杭街道,高级中学,330110.0,中等教育,,01010000208A11000070B5DC0686FD5D40B003311A43403E40
35,50.0,60.0,95.0,1743.0,宁波市海曙区古林镇藕池小学,宁波市海曙区古林镇藕池新村1号,121.5058082,29.84227933,宁波市,海曙区,古林镇,小学,330203.0,初等教育,,01010000208A110000582385295F605E40E0263C9E9FD73D40
36,51.0,61.0,97.0,1782.0,宁波市海曙区集士港镇科创幼儿园,浙江省宁波市集士港镇科创北路247号科创幼儿园,121.4502736,29.85981881,宁波市,海曙区,集士港镇,幼儿园,330203.0,学前教育,,01010000208A11000098B37B48D15C5E4010BBE9151DDC3D40
37,53.0,63.0,102.0,1881.0,杭州市余杭区乔司杭海路小学,杭州市余杭区乔司街道胜桑路6号,120.2805872,30.32711295,杭州市,余杭区,乔司街道,小学,330110.0,初等教育,,01010000208A1100003826EA23F5115E40A00D9AACBD533E40
38,54.0,64.0,104.0,1887.0,义乌市江东梅湖幼儿园,义乌市江东街道梅湖篮球馆东侧,120.10417,29.315459,金华市,义乌市,江东街道,幼儿园,330782.0,学前教育,,01010000208A11000058CEA5B8AA065E40903AC8EBC1503D40
39,55.0,65.0,105.0,1888.0,义乌市后宅街道全备幼儿园,义乌市后宅街道全备村,120.0649489,29.373033,金华市,义乌市,后宅街道,幼儿园,330782.0,学前教育,,01010000208A110000A0F3591F28045E40C0CD4C177F5F3D40
40,56.0,67.0,108.0,1943.0,义乌市城西街道五星幼儿园,浙江省义乌市城西街道西站三区24幢,119.9851083,29.31701066,金华市,义乌市,城西街道,幼儿园,330782.0,学前教育,,01010000208A110000E0D273030CFF5D40E000409C27513D40
41,57.0,68.0,109.0,1951.0,杭州市余杭区人大附中学校,余杭区中泰街道国文路1号,119.9156135,30.24793582,杭州市,余杭区,中泰街道,十二年一贯制学校,330110.0,中等教育,,01010000208A110000E871876999FA5D404096DFB8783F3E40
42,58.0,69.0,110.0,1953.0,杭州市余杭区仁和东风小学,浙江省杭州市余杭区仁和街道树东路15号,120.0748688,30.43748269,杭州市,余杭区,仁和街道,小学,330110.0,初等教育,,01010000208A110000F0BB62A6CA045E40C04BA7DDFE6F3E40
43,59.0,70.0,112.0,1971.0,义乌市上溪永晟幼儿园,义乌市上溪镇馨苑南区40幢,119.9371921,29.28613189,金华市,义乌市,上溪镇,幼儿园,330782.0,学前教育,,01010000208A11000028D657F4FAFB5D4080E485F03F493D40
44,60.0,71.0,114.0,1991.0,杭州市余杭区星运幼儿园,杭州市余杭区星桥街道宝旋路99号,120.2617301,30.39375945,杭州市,余杭区,星桥街道,幼儿园,330110.0,学前教育,,01010000208A110000982EBB2FC0105E40C06B696BCD643E40
45,63.0,74.0,117.0,2024.0,义乌市上溪镇陶启智幼儿园,义乌市上溪镇吴店吴萧路西17号,119.9066427,29.26186942,金华市,义乌市,上溪镇,幼儿园,330782.0,学前教育,,01010000208A110000E0B7016F06FA5D40F0B8D2DF09433D40
46,64.0,75.0,119.0,2040.0,杭州市余杭区文正小学,杭州市余杭区南苑街道耕读路108号,120.2973926,30.36824937,杭州市,余杭区,南苑街道,小学,330110.0,初等教育,,01010000208A1100005025E17A08135E4030553097455E3E40
47,65.0,76.0,122.0,2104.0,宁波市海曙区石\街道雅悦幼儿园,宁波市海曙区石\街道雅戈尔大道51号大悦雅园27号,121.51168,29.83642924,宁波市,海曙区,石\街道,幼儿园,330203.0,学前教育,,01010000208A11000038D76E5DBF605E4050EC023A20D63D40
48,66.0,77.0,123.0,2109.0,义乌市江东街道叮叮幼儿园,义乌市江东街道桥东三区5幢3号,120.08768,29.30468763,金华市,义乌市,江东街道,幼儿园,330782.0,学前教育,,01010000208A1100001064888C9C055E4000762102004E3D40
49,67.0,78.0,124.0,2116.0,杭州仁和实验学校,杭州西湖风景名胜区梅灵南路5号,120.092825,30.179154,杭州市,西湖区,西湖街道,十二年一贯制学校,330106.0,中等教育,,01010000208A11000010D044D8F0055E4090F25A09DD2D3E40
50,68.0,79.0,125.0,2141.0,杭州师范大学幼儿园,杭州市西湖区教工路142号,120.1322934,30.28354823,杭州市,西湖区,西溪街道,幼儿园,330106.0,学前教育,,01010000208A110000E8FCC17E77085E40C036D19D96483E40
51,70.0,81.0,128.0,2164.0,义乌市廿三里米兰幼儿园,义乌市廿三里衬托新村11栋,120.166953,29.35345753,金华市,义乌市,廿三里街,幼儿园,330782.0,学前教育,,01010000208A110000D074815BAF0A5E4080944F317C5A3D40
52,73.0,84.0,132.0,2248.0,宁波市海曙区鄞江镇梅园幼儿园,宁波市海曙区鄞江镇大桥村车站中174号,121.3686,29.80510231,宁波市,海曙区,鄞江镇,幼儿园,330203.0,学前教育,,01010000208A1100007066752497575E40E044682F1BCE3D40
53,74.0,85.0,133.0,2251.0,杭州市西湖区文新学前教育集团（总园）,杭州市西湖区古墩路580-2,120.094461,30.29080745,杭州市,西湖区,文新街道,幼儿园,330106.0,学前教育,,01010000208A110000989528A60B065E40E0975E5B724A3E40
54,76.0,87.0,135.0,2304.0,浙江新世纪经贸专修学院,杭州市余杭区天目山西路355号,119.9683002,30.24055365,杭州市,余杭区,闲林街道,民办的其他高等教育机构,330110.0,其他教育,,01010000208A110000B02A30A1F8FD5D4000DD9CEC943D3E40
55,77.0,88.0,136.0,2307.0,义乌市荷塘月色幼儿园,义乌市福田街道西城北路荷塘月色小区内,120.0987628,29.36223802,金华市,义乌市,福田街道,幼儿园,330782.0,学前教育,,01010000208A110000E0DB4F2152065E40A07292A1BB5C3D40
56,79.0,90.0,142.0,2443.0,中国美术学院附属中等美术学校,杭州市西湖区转塘象山352号,120.0700387,30.15954613,杭州市,西湖区,转塘街道,中等技术学校,330106.0,中等教育,,01010000208A1100001814A2837B045E40A05FD103D8283E40
57,80.0,91.0,143.0,2527.0,宁波市海曙区高桥镇藕缆桥幼儿园,宁波市海曙区高桥镇藕缆桥村1号,121.4924476,29.86992308,宁波市,海曙区,高桥镇,幼儿园,330203.0,学前教育,,01010000208A110000E841D342845F5E4030C05D47B3DE3D40
58,83.0,94.0,148.0,2631.0,杭州市余杭区梧桐树幼儿园,杭州市余杭区梧桐树幼儿园,120.2731694,30.36771442,杭州市,余杭区,乔司街道,幼儿园,330110.0,学前教育,,01010000208A1100006842889B7B115E4060483388225E3E40
59,84.0,97.0,152.0,2706.0,杭州市余杭区良渚杭行路小学,杭州市余杭区良渚街道杭行路与郁宅路交叉口向东200米杭行路小学,120.1115615,30.35945038,杭州市,余杭区,良渚街道,小学,330110.0,初等教育,,01010000208A11000078BABED223075E401085B7F0045C3E40
60,85.0,98.0,153.0,2707.0,宁波市海曙区石\冯家幼儿园,宁波市海曙区石\街道冯家村2号,121.4844587,29.82395636,宁波市,海曙区,石\街道,幼儿园,330213.0,学前教育,,01010000208A1100007069135F015F5E40700EBECDEED23D40
61,86.0,99.0,155.0,2724.0,宁波市海曙艾迪幼儿园,宁波市海曙区集士港镇广盛路585号,121.4376471,29.85698327,宁波市,海曙区,集士港镇,幼儿园,330203.0,学前教育,,01010000208A1100007833F868025C5E400093694163DB3D40
62,87.0,100.0,156.0,2738.0,义乌市稠江米德幼儿园,义乌市稠江街道米德幼儿园,120.039039,29.28537462,金华市,义乌市,稠江街道,幼儿园,330782.0,学前教育,,01010000208A110000F0993C9D7F025E40206B9B4F0E493D40
63,89.0,104.0,161.0,2844.0,义乌市廿三里蒙正幼儿园,义乌市廿三里街道王店东区6-8号,120.1845662,29.34125268,金华市,义乌市,廿三里街,幼儿园,330782.0,学前教育,,01010000208A110000304186EECF0B5E4030FAE7555C573D40
64,90.0,105.0,162.0,2881.0,杭州应用声学研究所,杭州市西湖区留下街道屏峰715号,120.0461603,30.22756827,杭州市,西湖区,留下街道,培养研究生的科研机构,330106.0,其他教育,,01010000208A11000038576C4AF4025E40F06F16EA413A3E40
65,91.0,106.0,163.0,2916.0,宁波市鄞州区重竞技学校,宁波市鄞州区鄞江镇朱节岭路100号,121.3566056,29.78617955,宁波市,海曙区,鄞江镇,完全中学,330203.0,中等教育,,01010000208A110000200C72A0D2565E40C09F281043C93D40
66,94.0,110.0,170.0,3067.0,义乌市赤岸双峰幼儿园,义乌市赤岸镇双峰路99号,120.0313399,29.14821752,金华市,义乌市,赤岸镇,幼儿园,330782.0,学前教育,,01010000208A110000183E0F7901025E4010EA4795F1253D40
67,95.0,111.0,171.0,3090.0,义乌市稠城一朵幼儿园,义乌市稠城街道城中北路280巷-9,120.080959,29.32546548,金华市,义乌市,稠城街道,幼儿园,330782.0,学前教育,,01010000208A110000E88CAB6E2E055E40B093A8B451533D40
68,96.0,112.0,172.0,3105.0,杭州市广播电视中等专业学校,杭州市文一西路37号,120.1122199,30.28937833,杭州市,西湖区,古荡街道,成人中等专业学校,330106.0,中等教育,,01010000208A110000C8BC779C2E075E4070B3D0B2144A3E40
69,97.0,113.0,173.0,3126.0,浙江大学幼儿园实验园,杭州市西湖区求是村内,120.1257567,30.26523628,杭州市,西湖区,灵隐街道,幼儿园,330106.0,学前教育,,01010000208A110000389EE5650C085E4010E76486E6433E40
70,98.0,115.0,175.0,3141.0,杭州市余杭区贝尔乐幼儿园,杭州市余杭区良渚街道南庄兜东苑小区内,120.1174608,30.38603063,杭州市,余杭区,良渚街道,幼儿园,330110.0,学前教育,,01010000208A11000098DC507A84075E40A0EC31E7D2623E40
71,99.0,116.0,176.0,3166.0,杭州市西湖区之江幼儿园,杭州市西湖区珊瑚沙家园22幢,120.0964717,30.16659346,杭州市,西湖区,转塘街道,幼儿园,330106.0,学前教育,,01010000208A110000081168972C065E40F02172DEA52A3E40
72,100.0,117.0,177.0,3168.0,义乌市佛堂镇倍磊学校,义乌市佛堂镇倍磊八宝西路23号,119.9779408,29.16915652,金华市,义乌市,佛堂镇,小学,330782.0,初等教育,,01010000208A110000C0F6D09496FE5D4090D463D74D2B3D40
73,102.0,119.0,179.0,3185.0,义乌市廿三里街道和平幼儿园,义乌市廿三里街道华溪村,120.2015456,29.35350784,金华市,义乌市,廿三里街,幼儿园,330782.0,学前教育,,01010000208A110000B0D38D1FE60C5E408090707D7F5A3D40
74,103.0,120.0,180.0,3187.0,宁波市海曙区石\博娃幼儿园,宁波市海曙区石\街道塘西中路100号,121.4998694,29.83583422,宁波市,海曙区,石\街道,幼儿园,330203.0,学前教育,,01010000208A110000008410DCFD5F5E40A0A94C3BF9D53D40
75,104.0,121.0,181.0,3197.0,义乌市福田心连心幼儿园,九如堂村16号,120.131743,29.344062,金华市,义乌市,福田街道,幼儿园,330782.0,学前教育,,01010000208A110000881E317A6E085E40E0CB7D7214583D40
76,106.0,123.0,183.0,3237.0,义乌市廿三里金桥智慧树幼儿园,义乌市廿三里街道商源路8号,120.1657827,29.3250036,金华市,义乌市,廿三里街,幼儿园,330782.0,学前教育,,01010000208A11000018C0282F9C0A5E4090609D6F33533D40
77,107.0,124.0,185.0,3248.0,杭州市余杭区人和幼儿园,杭州市余杭区五常路口荆长路一号,120.0377622,30.24204948,杭州市,余杭区,五常街道,幼儿园,330110.0,学前教育,,01010000208A110000183C4DB26A025E40B07F75F4F63D3E40
78,108.0,126.0,188.0,3310.0,宁波市海曙区石\立星学校,宁波市海曙区石\街道星光村沈家西113号,121.4806085,29.80478757,宁波市,海曙区,石\街道,九年一贯制学校,330203.0,中等教育,,01010000208A1100001876194AC25E5E409032D48E06CE3D40
79,110.0,128.0,190.0,3346.0,杭州市余杭区树兰高级中学,余杭区兴国路535号,120.2296736,30.47216248,杭州市,余杭区,塘栖镇,高级中学,330110.0,中等教育,,01010000208A1100000022ABF8B20E5E409096F2A3DF783E40
80,112.0,130.0,192.0,3366.0,义乌市廿三里博哈幼儿园,义乌市廿三里街道下朱宅祥云路122号,120.1664801,29.32214352,金华市,义乌市,廿三里街,幼儿园,330782.0,学前教育,,01010000208A110000C0DF039CA70A5E40C0327CFF77523D40
81,113.0,131.0,193.0,3397.0,杭州市余杭区长乐金舟城幼儿园,杭州市余杭区径山镇长乐径东路43号,119.8520183,30.34005297,杭州市,余杭区,径山镇,幼儿园,330110.0,学前教育,,01010000208A1100003038DC7787F65D40402C14B60D573E40
82,114.0,132.0,194.0,3398.0,杭州市余杭区金城英特西溪海幼儿园,杭州市余杭区上和路123号,119.9772838,30.2477236,杭州市,余杭区,闲林街道,幼儿园,330110.0,学前教育,,01010000208A110000480086D18BFE5D40105565D06A3F3E40
83,115.0,133.0,197.0,3427.0,义乌市稠江龙回智慧幼儿园,义乌市稠江街道龙回村二区39幢1-2号,120.015655,29.29330014,金华市,义乌市,稠江街道,幼儿园,330782.0,学前教育,,01010000208A11000030B0F77D00015E40E018DAB7154B3D40
84,117.0,135.0,199.0,3463.0,杭州市第十五中学教育集团,浙江省杭州市西湖区玉古路165号,120.122649,30.26964624,杭州市,西湖区,灵隐街道,初级中学,330106.0,中等教育,,01010000208A1100004010F87AD9075E4010B32D8907453E40
85,120.0,138.0,202.0,3483.0,宁波市海曙区高桥镇中心初级中学,宁波市海曙区高桥镇芦港村1号,121.4773567,29.89544927,宁波市,海曙区,高桥镇,初级中学,330203.0,中等教育,,01010000208A110000602832038D5E5E4080E0D1293CE53D40
86,121.0,139.0,203.0,3499.0,义乌稠城乐乐幼儿园,义乌市稠城街道义驾山34幢1号,120.087138,29.313949,金华市,义乌市,稠城街道,幼儿园,330782.0,学前教育,,01010000208A110000480F43AB93055E40A09C2FF65E503D40
87,122.0,140.0,204.0,3526.0,宁波市海曙区柳锦幼儿园,浙江省宁波市海曙区常青路98弄,121.5250143,29.87303654,宁波市,海曙区,南门街道,幼儿园,330203.0,学前教育,,01010000208A110000C86B5ED599615E4050839B527FDF3D40
88,124.0,142.0,206.0,3558.0,义乌市北苑街道现代名人花园幼儿园,浙江省金华市义乌市北苑街道望道路179-2号,120.046551,29.315936,金华市,义乌市,北苑街道,幼儿园,330782.0,学前教育,,01010000208A11000028A60BB1FA025E4010A1832EE1503D40
89,125.0,143.0,207.0,3566.0,杭州市余杭区万佳宝贝幼儿园,余杭街道禹航路1068号,119.9364727,30.28327113,杭州市,余杭区,余杭街道,幼儿园,330110.0,学前教育,,01010000208A110000F0942A2BEFFB5D40C08BF37484483E40
90,126.0,144.0,208.0,3579.0,宁波市海曙区石\洪渡幼儿园,宁波市海曙区石\街道石源路8号,121.4952374,29.82720642,宁波市,海曙区,石\街道,幼儿园,330203.0,学前教育,,01010000208A11000048DA3EF8B15F5E4080D3D5CCC3D33D40
91,127.0,145.0,209.0,3592.0,义乌市柳青学校教育集团,浙江省义乌市北苑街道常青路6号,120.0507555,29.34523967,金华市,义乌市,北苑街道,九年一贯制学校,330782.0,中等教育,,01010000208A110000A84B01943F035E4090858CA061583D40
92,128.0,146.0,211.0,3620.0,杭州市西湖区自在城幼儿园,杭州市西湖区嘉仁路与欣然街交叉口,120.0677529,30.33664339,杭州市,西湖区,三墩镇,幼儿园,330106.0,学前教育,,01010000208A1100007095271056045E40E048CD422E563E40
93,129.0,147.0,212.0,3626.0,杭州市育才教育集团（总校）,杭州市西湖区黄姑山横路70号,120.1268049,30.27745564,杭州市,西湖区,翠苑街道,小学,330106.0,初等教育,,01010000208A11000058FA6E921D085E40905D495507473E40
94,132.0,151.0,220.0,3832.0,杭州市西湖区乐迪幼儿园,杭州市周坪路137号,120.0643388,30.34394532,杭州市,西湖区,三墩镇,幼儿园,330106.0,学前教育,,01010000208A1100002890A9201E045E40B0E5F9CC0C583E40
95,133.0,152.0,221.0,3868.0,义乌市香山小学教育集团,稠城街道胜利路35号,120.0616006,29.30649581,金华市,义乌市,稠城街道,小学,330782.0,初等教育,,01010000208A11000028648443F1035E40B07D7982764E3D40
96,134.0,153.0,222.0,3877.0,杭州市保m塔实验学校,浙江省杭州市西湖区天目山路81号,120.144894,30.27284348,杭州市,西湖区,北山街道,十二年一贯制学校,330106.0,中等教育,,01010000208A110000A0EB7CF145095E40500DEA11D9453E40
97,135.0,154.0,223.0,3895.0,杭州云谷幼儿园,杭州市西湖区桃源坞基金小镇5-7号楼,120.1007556,30.25810601,杭州市,西湖区,留下街道,幼儿园,330106.0,学前教育,,01010000208A1100001802BFC772065E4050F73A3C13423E40
98,136.0,155.0,224.0,3908.0,义乌市江东街道彩虹幼儿园,义乌市江东街道徐村后山巷8号,120.0489413,29.25560596,金华市,义乌市,江东街道,幼儿园,330782.0,学前教育,,01010000208A11000088B0BEDA21035E40E00A78646F413D40
99,138.0,157.0,228.0,3954.0,宁波市海曙区江湾城幼儿园,宁波市海曙区中湾广场63号,121.5382786,29.85590209,宁波市,海曙区,南门街道,幼儿园,330203.0,学前教育,,01010000208A1100008051E32773625E40403E30661CDB3D40
100,139.0,158.0,229.0,3956.0,义乌市绣湖小学教育集团,浙江省义乌市县前街65号,120.066264,29.30967492,金华市,义乌市,稠城街道,小学,330782.0,初等教育,,01010000208A110000702B21AB3D045E40A0610EDB464F3D40
101,140.0,159.0,230.0,3992.0,郧逑啬干山镇中心幼儿园,浙江省德清县莫干山镇,119.897047,30.60185702,湖州市,德清县,莫干山镇,幼儿园,330521.0,学前教育,,01010000208A11000050A2AF3769F95D40A0C4394D139A3E40
102,141.0,160.0,231.0,3994.0,杭州市西湖区东方幼儿园,杭州市紫荆花路282号,120.0879673,30.29037869,杭州市,西湖区,文新街道,幼儿园,330106.0,学前教育,,01010000208A11000060A9BD41A1055E40F07A1642564A3E40
103,144.0,163.0,234.0,4007.0,宁波市海曙区西成幼儿园,宁波市海曙区澄波华庭12号,121.5120525,29.8894678,宁波市,海曙区,望春街道,幼儿园,330203.0,学前教育,,01010000208A1100000866F777C5605E40E0BA7429B4E33D40
104,145.0,164.0,236.0,4018.0,宁波市鄞州少林文武学校,宁波市海曙区集士港镇童家横村7号,121.4242636,29.8879984,宁波市,海曙区,集士港镇,成人中等专业学校,330203.0,中等教育,,01010000208A110000A0084E22275B5E40704FEEDC53E33D40
105,146.0,165.0,241.0,4058.0,杭州西湖风景名胜区龙井幼儿园,杭州西湖风景名胜区龙井路3-1号,120.1182606,30.24659962,杭州市,西湖区,灵隐街道,幼儿园,330106.0,学前教育,,01010000208A11000018D8C39491075E40B0FD2327213F3E40
106,147.0,167.0,244.0,4089.0,义乌市廿三里大风车幼儿园,义乌市廿三里街道下娄小区60栋,120.1667557,29.34016533,金华市,义乌市,廿三里街,幼儿园,330782.0,学前教育,,01010000208A11000040EC1F20AC0A5E4040FE2E1315573D40
107,148.0,168.0,245.0,4095.0,杭州市求是教育集团（总校）,浙江省杭州市西湖区浙大路18号,120.1243428,30.26333071,杭州市,西湖区,灵隐街道,小学,330106.0,初等教育,,01010000208A11000058965F3BF5075E4000C737A469433E40
108,154.0,175.0,261.0,4322.0,宁波市海曙区蜜蜂王国伟才幼儿园有限公司,宁波市海曙区古林镇气象路827号,121.5036486,29.86235187,宁波市,海曙区,古林镇,幼儿园,330203.0,学前教育,,01010000208A110000300F34C73B605E407079A817C3DC3D40
109,155.0,176.0,263.0,4326.0,宁波市二轻工业管理局第一幼儿园,海曙区安丰街37号,121.5076847,29.86970761,宁波市,海曙区,白云街道,幼儿园,330203.0,学前教育,,01010000208A11000030C3E8E77D605E4040716528A5DE3D40
110,156.0,177.0,265.0,4347.0,义乌市福田下骆宅第二幼儿园,义乌市福田下骆宅振兴西路16号,120.1335817,29.3344969,金华市,义乌市,福田街道,幼儿园,330782.0,学前教育,,01010000208A11000020860C9A8C085E4080D1B996A1553D40
111,157.0,179.0,267.0,4374.0,宁波市海曙区莓茜伊顿幼儿园有限公司,宁波市海曙区雅戈尔大道211号,121.500346,29.82856712,宁波市,海曙区,石\街道,幼儿园,330203.0,学前教育,,01010000208A110000E07054AB05605E4070D397F91CD43D40
112,158.0,182.0,272.0,4472.0,杭州市保m塔申花实验学校,杭州市西湖区竞舟北路189号,120.0942282,30.31091959,杭州市,西湖区,三墩镇,九年一贯制学校,330106.0,中等教育,,01010000208A110000D04EA8D507065E40508E0D6D984F3E40
113,159.0,183.0,274.0,4497.0,杭州市余杭区社区学院（杭州市余杭区商贸职业高级中学）,浙江省杭州市余杭区临平街道平吴街2号,120.3096931,30.42322419,杭州市,余杭区,南苑街道,职业高中学校,330110.0,中等教育,,01010000208A110000487EDC02D2135E4010BF956B586C3E40
114,160.0,184.0,275.0,4511.0,杭州市余杭区良山学校,余杭区良渚镇良渚街道蒋家塘路28号,120.0809703,30.35345127,杭州市,余杭区,良渚街道,九年一贯制学校,330110.0,中等教育,,01010000208A1100009074289E2E055E40B07E40C87B5A3E40
115,163.0,189.0,282.0,4588.0,宁波华茂幼儿园,宁波市鄞州区鄞县大道中段2号,121.5074164,29.82423838,宁波市,海曙区,石\街道,幼儿园,330203.0,学前教育,,01010000208A110000385B7E8279605E40D017634901D33D40
116,165.0,192.0,288.0,4674.0,义乌市江东街道世纪阳光幼儿园,义乌市江东街道塔下洲A区新街7幢,120.0421677,29.2716619,金华市,义乌市,江东街道,幼儿园,330782.0,学前教育,,01010000208A110000780117E0B2025E4040F46CA28B453D40
117,166.0,193.0,290.0,4706.0,国家海洋局第二海洋研究所,浙江省杭州市西湖区保m北路36号,120.1352466,30.28207176,杭州市,西湖区,西溪街道,培养研究生的科研机构,330106.0,其他教育,,01010000208A110000B88571E1A7085E404053D8DA35483E40
118,167.0,194.0,291.0,4708.0,宁波市海曙区集士港镇爱心幼儿园,浙江省宁波市海曙区集士港镇卖面桥村菜场西60号,121.4666552,29.879393,宁波市,海曙区,集士港镇,幼儿园,330203.0,学前教育,,01010000208A11000048C09BADDD5D5E40D0BD46E61FE13D40
119,168.0,196.0,293.0,4756.0,杭州市余杭区马荣凯瑞幼儿园,杭州市余杭区仓前街道青枫墅园56幢,119.9774438,30.26176462,杭州市,余杭区,仓前街道,幼儿园,330110.0,学前教育,,01010000208A11000020343E708EFE5D40E071960103433E40
120,169.0,197.0,294.0,4779.0,宁波市海曙区高桥镇东星幼儿园,宁波市海曙区高桥镇芦港村望春路1498号,121.4777817,29.89538179,宁波市,海曙区,高桥镇,幼儿园,330203.0,学前教育,,01010000208A11000040FBDCF9935E5E40E0E4A8BD37E53D40
121,170.0,198.0,295.0,4782.0,宁波市海曙区集士港镇广德学校,浙江省海曙区集士港镇集士港万众村集士西路152号,121.425544,29.86815319,宁波市,海曙区,集士港镇,小学,330203.0,初等教育,,01010000208A110000107B0E1D3C5B5E40D0608E493FDE3D40
122,171.0,200.0,297.0,4842.0,浙江求智专修学院,浙江省杭州市文三路140号,120.1381229,30.27999922,杭州市,西湖区,西溪街道,民办的其他高等教育机构,330106.0,其他教育,,01010000208A11000008956E01D7085E40C0B07107AE473E40
123,172.0,201.0,299.0,4866.0,义乌市新丝路学校,义乌市宾王路D66号,120.066741,29.33053794,金华市,义乌市,北苑街道,小学,330782.0,初等教育,,01010000208A110000E0F5177C45045E40A0AE6E229E543D40
124,174.0,203.0,301.0,4881.0,义乌市城西街道于宅幼儿园,浙江省义乌市城西街道于宅村8号,120.0059411,29.30008508,金华市,义乌市,城西街道,幼儿园,330782.0,学前教育,,01010000208A11000008E9E95661005E4090BB2760D24C3D40
125,175.0,204.0,302.0,4886.0,杭州市余杭区南安幼儿园,杭州市余杭区余杭街道南安路58号,119.9362295,30.2715725,杭州市,余杭区,余杭街道,幼儿园,330110.0,学前教育,,01010000208A11000098C4F32EEBFB5D40C07793C685453E40
126,176.0,205.0,307.0,4994.0,义乌市德胜小学,义乌市后宅街道净居东路86号,120.0577718,29.37416001,金华市,义乌市,后宅街道,小学,330782.0,初等教育,,01010000208A11000030366588B2035E40C03D3DF3C85F3D40
127,181.0,211.0,321.0,5262.0,义乌市佛堂华诗丽娃幼儿园,佛堂镇双林路102号后,120.020329,29.207121,金华市,义乌市,佛堂镇,幼儿园,330782.0,学前教育,,01010000208A110000408A01124D015E409050C1E105353D40
128,182.0,212.0,322.0,5275.0,义乌市北苑街道佳爱幼儿园,浙江省金华市义乌市北苑街道望道路259号,120.046515,29.321769,金华市,义乌市,北苑街道,幼儿园,330782.0,学前教育,,01010000208A11000080F10C1AFA025E40E0DD03745F523D40
129,183.0,213.0,323.0,5311.0,杭州市十三中教育集团(总校),杭州市教工路155号,120.1302993,30.2894872,杭州市,西湖区,翠苑街道,初级中学,330106.0,中等教育,,01010000208A110000E0A7AED256085E4060CA59D51B4A3E40
130,184.0,215.0,325.0,5372.0,杭州市余杭区良渚荀梓幼儿园,余杭区良渚街道良渚路178号,120.044131,30.384654,杭州市,余杭区,良渚街道,幼儿园,330110.0,学前教育,,01010000208A110000586FD40AD3025E4090463EAF78623E40
131,185.0,221.0,338.0,5596.0,义乌市稠江萌芽幼儿园,义乌市稠江街道宏迪路25号,120.057982,29.301766,金华市,义乌市,稠江街道,幼儿园,330782.0,学前教育,,01010000208A110000707022FAB5035E40700B5D89404D3D40
132,188.0,224.0,343.0,5701.0,义乌市福田新希望幼儿园,义乌市福田尚经罗店村东21号,120.130622,29.359943,金华市,义乌市,福田街道,幼儿园,330782.0,学前教育,,01010000208A110000D888601C5C085E40906C7539255C3D40
133,189.0,225.0,344.0,5798.0,义乌市佛堂镇启明幼儿园,佛堂镇倍磊一村西溪路27号,119.981239,29.167736,金华市,义乌市,佛堂镇,幼儿园,330782.0,学前教育,,01010000208A110000D0A3A99ECCFE5D40A05C1ABFF02A3D40
134,192.0,229.0,349.0,5950.0,义乌市江东南洲幼儿园,浙江省义乌市江东街道东山头86幢,120.056539,29.263211,金华市,义乌市,江东街道,幼儿园,330782.0,学前教育,,01010000208A110000B8FCC0559E035E4090F2CCCB61433D40
135,195.0,232.0,353.0,5970.0,德清县禹越镇高桥中心小学,德清县禹越镇高桥集镇新兴街2号,120.2844627,30.55970622,湖州市,德清县,禹越镇,小学,330521.0,初等教育,,01010000208A110000B083EFA234125E4090DB2EE8488F3E40
136,197.0,234.0,357.0,6015.0,杭州市余杭区汀洲学校,杭州市余杭区星桥街道郁桥路1号,120.303099,30.425456,杭州市,余杭区,东湖街道,弱智学校,330110.0,特殊教育,,01010000208A110000D01C59F965135E4010E335AFEA6C3E40
137,198.0,235.0,358.0,6061.0,义乌市苏溪镇小机灵幼儿园,义乌市苏溪镇人民南路100号,120.122205,29.410312,金华市,义乌市,苏溪镇,幼儿园,330782.0,学前教育,,01010000208A110000189AEB34D2075E4000280D350A693D40
138,199.0,236.0,359.0,6069.0,宁波市海曙区古林镇西湖花园幼儿园,宁波市海曙区古林镇西湖花园小区27号,121.507416,29.856366,宁波市,海曙区,古林镇,幼儿园,330203.0,学前教育,,01010000208A110000E85DF58079605E4000685BCD3ADB3D40
139,201.0,238.0,363.0,6125.0,宁波市海曙区东方幼儿园,宁波市海曙区三市路228弄21号,121.532838,29.858227,宁波市,海曙区,南门街道,幼儿园,330203.0,学前教育,,01010000208A11000038048E041A625E40508BC1C3B4DB3D40
140,202.0,239.0,365.0,6204.0,义乌市福田起点幼儿园,义乌市福田街道兴港小区62幢,120.085813,29.337487,金华市,义乌市,福田街道,幼儿园,330782.0,学前教育,,01010000208A1100009824CFF57D055E4040D34B8C65563D40
141,203.0,240.0,367.0,6267.0,义乌市稠江街道福颖幼儿园,义乌市稠江街道贝村路308号1栋,120.053884,29.297324,金华市,义乌市,稠江街道,幼儿园,330782.0,学前教育,,01010000208A110000C871E0D572035E40E050F86C1D4C3D40
142,207.0,244.0,375.0,6454.0,德清县绿城庆安幼儿园,德清县武康街道舞阳街688号桂花城内,119.9711772,30.53252298,湖州市,德清县,武康街道,幼儿园,330521.0,学前教育,,01010000208A110000105E8AC427FE5D40E049FE6C53883E40
143,209.0,246.0,381.0,6573.0,杭州市余杭区东方未来学校,杭州市余杭区良渚镇好运西路168号,120.080105,30.348825,杭州市,余杭区,良渚街道,九年一贯制学校,330110.0,中等教育,,01010000208A110000C0CFB87020055E40F0065F984C593E40
144,210.0,247.0,382.0,6583.0,义乌市大陈镇楂林小学,浙江省义乌市大陈镇楂林一村群幸路116号,120.136169,29.474382,金华市,义乌市,大陈镇,小学,330782.0,初等教育,,01010000208A110000A86E2EFEB6085E40A0CF471971793D40
145,212.0,249.0,388.0,6743.0,杭州市余杭区运河五洋幼儿园,杭州市余杭区运河五杭繁荣路57号,120.267659,30.498645,杭州市,余杭区,运河街道,幼儿园,330110.0,学前教育,,01010000208A110000B8DE365321115E406050DF32A77F3E40
146,213.0,250.0,391.0,6762.0,义乌市城西街道新苗幼儿园,浙江省义乌市城西街道上杨村41幢,119.948886,29.28792,金华市,义乌市,城西街道,幼儿园,330782.0,学前教育,,01010000208A1100007868588CBAFC5D4040DD0720B5493D40
147,214.0,253.0,397.0,6928.0,义乌市江东街道宗塘幼儿园,义乌市江东街道宗塘二区88幢,120.099868,29.298799,金华市,义乌市,江东街道,幼儿园,330782.0,学前教育,,01010000208A110000B07AC03C64065E40D0135D177E4C3D40
148,215.0,254.0,398.0,6944.0,杭州市余杭区实验小学,杭州市余杭区南苑街道广和街57号,120.301967,30.418128,杭州市,余杭区,南苑街道,小学,330110.0,初等教育,,01010000208A110000285E656D53135E40C08AC56F0A6B3E40
149,219.0,259.0,406.0,7039.0,义乌市义亭万嘉幼儿园,义乌市义亭镇陈家新村118-120号,119.955634,29.236824,金华市,义乌市,义亭镇,幼儿园,330782.0,学前教育,,01010000208A110000883C821B29FD5D4070E8667FA03C3D40
150,220.0,260.0,407.0,7061.0,义乌市稠城街道保联幼儿园,义乌市稠城街道春江路126号,120.072262,29.298971,金华市,义乌市,稠城街道,幼儿园,330782.0,学前教育,,01010000208A11000098AFCBF09F045E40D0730B5D894C3D40
151,221.0,261.0,408.0,7103.0,义乌市苏溪镇江北幼儿园,义乌市苏溪镇永康路221号对面,120.129635,29.41864,金华市,义乌市,苏溪镇,幼儿园,330782.0,学前教育,,01010000208A110000B05A99F04B085E4020CCB4FD2B6B3D40
152,222.0,262.0,410.0,7140.0,义乌市大陈一一幼儿园,义乌市大陈镇三村,120.090135,29.474375,金华市,义乌市,大陈镇,幼儿园,330782.0,学前教育,,01010000208A110000684E97C5C4055E40400AD7A370793D40
153,223.0,263.0,411.0,7160.0,德清县新市镇完全小学,德清县新市镇文昌路157号,120.2837632,30.62061202,湖州市,德清县,新市镇,小学,330521.0,初等教育,,01010000208A110000E80E302D29125E4090FEF16DE09E3E40
154,224.0,265.0,415.0,7223.0,杭州市余杭区苕溪幼儿园,浙江省杭州市余杭区余杭街道学和路2号,119.947727,30.26337,杭州市,余杭区,余杭街道,幼儿园,330110.0,学前教育,,01010000208A11000050A2258FA7FC5D4060BF60376C433E40
155,225.0,266.0,416.0,7240.0,义乌市稠江阳光幼儿园,义乌市稠江街道东畈村东畈路45号,120.028515,29.283398,金华市,义乌市,稠江街道,幼儿园,330782.0,学前教育,,01010000208A110000801C9430D3015E4070C075C58C483D40
156,226.0,267.0,419.0,7320.0,杭州市余杭区三之三闲湖城幼儿园,杭州市余杭区闲林街道闲林东路158号,119.986869,30.22394,杭州市,余杭区,闲林街道,幼儿园,330110.0,学前教育,,01010000208A110000E81B98DC28FF5D403044C02154393E40
157,227.0,268.0,422.0,7411.0,义乌市北苑街道万里幼儿园,浙江省金华市义乌市北苑街道留雅居委会,120.029948,29.3057,金华市,义乌市,北苑街道,幼儿园,330782.0,学前教育,,01010000208A110000282504ABEA015E402063EE5A424E3D40
158,228.0,269.0,423.0,7415.0,德清县雷甸镇第二幼儿园,浙江省湖州市德清县雷甸镇塘北村村委,120.15657,30.48214286,湖州市,德清县,雷甸镇,幼儿园,330521.0,学前教育,,01010000208A1100005849003E050A5E40B0FEEBB66D7B3E40
159,231.0,273.0,431.0,7599.0,义乌市大陈镇婷婷幼儿园,义乌市大陈镇八里桥头村,120.124528,29.446394,金华市,义乌市,大陈镇,幼儿园,330782.0,学前教育,,01010000208A110000F0DB4944F8075E4070218FE046723D40
160,232.0,274.0,432.0,7633.0,宁波市海曙区启新幼托园,浙江省宁波市海曙区启文路9号,121.52841,29.855282,宁波市,海曙区,段塘街道,幼儿园,330203.0,学前教育,,01010000208A11000048382D78D1615E4080DBDAC2F3DA3D40
161,233.0,277.0,440.0,7887.0,杭州市余杭区崇贤第一幼儿园,杭州市余杭区崇贤街道众望街136号,120.167824,30.390222,杭州市,余杭区,崇贤街道,幼儿园,330110.0,学前教育,,01010000208A110000F8DEDFA0BD0A5E40002EC896E5633E40
162,234.0,278.0,441.0,7893.0,杭州市余杭区绿城育华翡翠城幼儿园,杭州市余杭区五常大道高教路口,120.013988,30.246311,杭州市,余杭区,闲林街道,幼儿园,330110.0,学前教育,,01010000208A11000058A2EC2DE5005E4020A5D93C0E3F3E40
163,235.0,279.0,446.0,7969.0,杭州市余杭区星桥天童幼儿园,杭州市余杭区星桥街道天韵路星桥天童幼儿园,120.250517,30.38585,杭州市,余杭区,星桥街道,幼儿园,330110.0,学前教育,,01010000208A110000E085747808105E406029CB10C7623E40
164,236.0,280.0,447.0,7977.0,宁波市海曙区早教中心,浙江省宁波市海曙区高塘路29弄30号,121.536827,29.884971,宁波市,海曙区,西门街道,幼儿园,330203.0,学前教育,,01010000208A1100000827A25F5B625E4090E89E758DE23D40
165,239.0,283.0,450.0,8014.0,杭州市余杭区仓前中心幼儿园,杭州市余杭区仓前街道仓兴街232号,119.990744,30.292517,杭州市,余杭区,仓前街道,幼儿园,330110.0,学前教育,,01010000208A11000050AD855968FF5D402086E464E24A3E40
166,240.0,284.0,451.0,8023.0,义乌市江东街道大元幼儿园,江东街道大元村尚书府58号,120.141018,29.297195,金华市,义乌市,江东街道,幼儿园,330203.0,学前教育,,01010000208A11000070895C7006095E40E088B5F8144C3D40
167,241.0,285.0,452.0,8029.0,义乌市稠城绣川幼儿园,义乌市稠城街道迎恩门二街金鲤坊1号,120.067595,29.305306,金华市,义乌市,稠城街道,幼儿园,330782.0,学前教育,,01010000208A110000E097FA7953045E40C045B588284E3D40
168,242.0,286.0,454.0,8107.0,义乌市稠江街道扬帆幼儿园,义乌市稠江街道龙回新村B区30幢,120.000953,29.272452,金华市,义乌市,稠江街道,幼儿园,330782.0,学前教育,,01010000208A11000050F52B9D0F005E40D0BA0D6ABF453D40
169,244.0,289.0,457.0,8160.0,义乌市北苑街道希望幼儿园,浙江省金华市义乌市北苑街道幸福居委会,120.047672,29.306926,金华市,义乌市,北苑街道,幼儿园,330782.0,学前教育,,01010000208A110000D83BDC0E0D035E40C04ACCB3924E3D40
170,245.0,292.0,460.0,8207.0,义乌市赤岸镇山盘幼儿园,义乌市赤岸镇山盘村,120.014289,29.112534,金华市,义乌市,赤岸镇,幼儿园,330782.0,学前教育,,01010000208A11000050EC681CEA005E4020B03907CF1C3D40
171,247.0,294.0,463.0,8285.0,德清县高级中学,浙江省德清县武康镇群益街410号,119.9678518,30.53310444,湖州市,德清县,武康街道,高级中学,330521.0,中等教育,,01010000208A110000F886D048F1FD5D4080725B8879883E40
172,248.0,295.0,464.0,8290.0,义乌市赤岸镇烈兰幼儿园,义乌市赤岸镇南青口村,120.049619,29.166532,金华市,义乌市,赤岸镇,幼儿园,330782.0,学前教育,,01010000208A110000A8902BF52C035E40D0BC55D7A12A3D40
173,249.0,296.0,469.0,8397.0,杭州市余杭区良渚未来星幼儿园,杭州市余杭区良渚街道通运街418号,120.094734,30.345569,杭州市,余杭区,良渚街道,幼儿园,330110.0,学前教育,,01010000208A11000070F4311F10065E40F082C13577583E40
174,250.0,297.0,472.0,8422.0,浙江工商职业技术学院,宁波市机场路1988号,121.5020227,29.86800527,宁波市,海曙区,古林镇,专科院校：高等职业学校,330203.0,高等学校,,01010000208A110000E04ACD2321605E40E0FEEF9735DE3D40
175,252.0,299.0,475.0,8526.0,义乌市江东街道七彩山口幼儿园,义乌市江东街道山口新村82幢,120.109604,29.295763,金华市,义乌市,江东街道,幼儿园,330782.0,学前教育,,01010000208A110000B0E07EC003075E40F05DBC1FB74B3D40
176,253.0,301.0,478.0,8560.0,杭州市余杭区橄榄树绿野幼儿园,杭州市余杭区闲林街道里东路绿野春天东区,119.997343,30.210621,杭州市,余杭区,闲林街道,幼儿园,330110.0,学前教育,,01010000208A11000040F9BB77D4FF5D40D0D90242EB353E40
177,254.0,302.0,479.0,8610.0,浙江省义乌中学,浙江省义乌市南门街888号,120.077434,29.268404,金华市,义乌市,江东街道,高级中学,330782.0,中等教育,,01010000208A1100005066BCADF4045E40901DE21FB6443D40
178,255.0,303.0,480.0,8621.0,德清县新市镇中心小学,德清县新市镇高林路78号,120.277003,30.60530701,湖州市,德清县,新市镇,小学,330521.0,初等教育,,01010000208A110000A89CE96ABA115E40D01A6766F59A3E40
179,257.0,306.0,484.0,8701.0,杭州市余杭高级中学,杭州市余杭区临平街道振兴西路18号,120.289,30.436302,杭州市,余杭区,临平街道,高级中学,330110.0,中等教育,,01010000208A110000D022DBF97E125E40F02DE57CB16F3E40
180,258.0,308.0,488.0,8779.0,义乌市北苑街道启智幼儿园,浙江省金华市义乌市北苑街道下里角塘村委会,120.062751,29.33628,金华市,义乌市,北苑街道,幼儿园,330782.0,学前教育,,01010000208A110000A832C51C04045E40804C327216563D40
181,260.0,310.0,491.0,8858.0,义乌市北苑街道季宅幼儿园,义乌市北苑街道季宅村,120.028875,29.307146,金华市,义乌市,北苑街道,幼儿园,330782.0,学前教育,,01010000208A110000002B8716D9015E40E018C91EA14E3D40
182,261.0,312.0,493.0,8913.0,义乌市稠江巧巧幼儿园,义乌市稠江街道童店一区47幢1-2单元,120.049056,29.288478,金华市,义乌市,稠江街道,幼儿园,330782.0,学前教育,,01010000208A11000008EBC6BB23035E40909DB7B1D9493D40
183,262.0,313.0,495.0,8999.0,杭州市余杭区鸬鸟镇中心幼儿园,杭州市余杭区鸬鸟镇雅城村236号,119.754775,30.455212,杭州市,余杭区,鸬鸟镇,幼儿园,330110.0,学前教育,,01010000208A110000A835CD3B4EF05D4030BF0CC688743E40
184,263.0,314.0,496.0,9002.0,德清县禹越镇初级中学,浙江省湖州市德清县禹越镇育英路66号,120.2607847,30.52076807,湖州市,德清县,禹越镇,初级中学,330521.0,中等教育,,01010000208A11000060A343B2B0105E400056720E51853E40
185,265.0,316.0,498.0,9078.0,义乌市北苑柳青幼儿园,浙江省义乌市北苑街道柳二村村委会,120.041669,29.347154,金华市,义乌市,北苑街道,幼儿园,330782.0,学前教育,,01010000208A110000701074B4AA025E40F0ACA415DF583D40
186,266.0,317.0,499.0,9100.0,宁波市海曙区高桥镇晴园幼儿园,宁波市海曙区高桥镇宋晴路63号,121.491677,29.880667,宁波市,海曙区,高桥镇,幼儿园,330203.0,学前教育,,01010000208A11000080CCCEA2775F5E40A0AA7B6473E13D40
187,268.0,319.0,501.0,9153.0,义乌市江东街道小太阳幼儿园,义乌市江东九联村综合楼二楼,120.053819,29.272368,金华市,义乌市,江东街道,幼儿园,330782.0,学前教育,,01010000208A110000D0393FC571035E40107AC4E8B9453D40
188,271.0,323.0,507.0,9334.0,义乌市大陈镇楂林幼儿园,义乌市大陈镇楂林市场东路1号,120.142407,29.473958,金华市,义乌市,大陈镇,幼儿园,330782.0,学前教育,,01010000208A11000030EE3F321D095E4070ADBD4F55793D40
189,272.0,324.0,509.0,9365.0,义乌市苏溪镇百合幼儿园,义乌市苏溪镇西山下村,120.161783,29.392788,金华市,义乌市,苏溪镇,幼儿园,330782.0,学前教育,,01010000208A110000208315A75A0A5E40E0421EC18D643D40
190,273.0,325.0,510.0,9390.0,义乌市稠江街道稠关幼儿园,义乌市稠江街道稠关一区19幢3-5号,120.051132,29.303396,金华市,义乌市,稠江街道,幼儿园,330782.0,学前教育,,01010000208A110000E0F126BF45035E40C0BC395CAB4D3D40
191,275.0,328.0,514.0,9456.0,义乌市北苑街道快乐宝贝幼儿园,义乌市北苑街道何麻车二区57-58幢,120.047473,29.340008,金华市,义乌市,北苑街道,幼儿园,330782.0,学前教育,,01010000208A110000589C31CC09035E40E060A8C30A573D40
192,277.0,330.0,516.0,9477.0,杭州市余杭区巴巴幼儿园,杭州市余杭区文一西路1218号恒生科技园29号楼,120.000346,30.281035,杭州市,余杭区,仓前街道,幼儿园,330110.0,学前教育,,01010000208A110000D0AB3AAB05005E400008E6E8F1473E40
193,279.0,332.0,519.0,9508.0,杭州市余杭区金都夏宫艺术幼儿园,浙江省杭州市余杭区临平北沙西路156号,120.262876,30.430273,杭州市,余杭区,临平街道,幼儿园,330110.0,学前教育,,01010000208A110000D0B9DBF5D2105E40105A0F5F266E3E40
194,280.0,333.0,521.0,9532.0,义乌市稠江小青青幼儿园,义乌市稠江街道柯村华夏路1号,119.994215,29.265116,金华市,义乌市,稠江街道,幼儿园,330782.0,学前教育,,01010000208A110000588CF337A1FF5D4070A565A4DE433D40
195,287.0,340.0,535.0,9810.0,义乌市大陈镇大陈小学,浙江省金华市义乌市大陈镇大陈二村委会,120.094149,29.468368,金华市,义乌市,大陈镇,小学,330782.0,初等教育,,01010000208A110000E0FC868906065E40307E1AF7E6773D40
196,288.0,341.0,536.0,9819.0,杭州市余杭区瓶窑镇彭公中心小学,杭州市余杭区瓶窑镇彭公中心小学,119.899484,30.41849,杭州市,余杭区,瓶窑镇,小学,330110.0,初等教育,,01010000208A110000A0D1562591F95D4000B41F29226B3E40
197,290.0,344.0,541.0,9930.0,杭州市余杭区良渚文化村英联幼儿园,浙江省杭州市余杭区良渚街道白鹭郡南55幢,120.04213,30.373473,杭州市,余杭区,良渚街道,幼儿园,330110.0,学前教育,,01010000208A110000900B0742B2025E4060F030ED9B5F3E40
198,291.0,347.0,545.0,10078.0,杭州市余杭区五常中心小学,杭州市余杭区五常街道荆长路38号,120.035612,30.269201,杭州市,余杭区,五常街道,小学,330110.0,初等教育,,01010000208A11000018D68D7747025E40F00C535BEA443E40
199,292.0,348.0,546.0,10089.0,义乌市福田下西陶幼儿园,义乌市福田下西陶村,120.118707,29.375269,金华市,义乌市,福田街道,幼儿园,330782.0,学前教育,,01010000208A11000098B33EE598075E40E03312A111603D40
200,293.0,349.0,549.0,10126.0,杭州市余杭区黄湖镇中学,余杭区黄湖镇兴黄路1号,119.805393,30.446892,杭州市,余杭区,黄湖镇,初级中学,330110.0,中等教育,,01010000208A11000058DB148F8BF35D4010D89C8367723E40
201,295.0,351.0,554.0,10226.0,义乌市佛堂镇星光幼儿园,佛堂镇三角潭6号,120.0152778,29.20333333,金华市,义乌市,佛堂镇,幼儿园,330782.0,学前教育,,01010000208A1100008824A44FFA005E40F06B3FA70D343D40
202,296.0,352.0,557.0,10240.0,义乌市义亭荷店塘幼儿园,义乌市义亭镇矿机一路4号5-10地块,119.971733,29.247336,金华市,义乌市,义亭镇,幼儿园,330782.0,学前教育,,01010000208A11000068DC9BDF30FE5D40A01F7F69513F3D40
203,298.0,355.0,562.0,10327.0,杭州市余杭区良渚通运幼儿园,杭州市余杭区通运街360号,120.114736,30.346401,杭州市,余杭区,良渚街道,幼儿园,330110.0,学前教育,,01010000208A11000020EBA9D557075E40404D66BCAD583E40
204,300.0,357.0,564.0,10387.0,义乌市江东蓝蓝幼儿园,浙江省义乌市江东街道候儿村32栋,120.14075,29.308412,金华市,义乌市,江东街道,幼儿园,330782.0,学前教育,,01010000208A11000060BA490C02095E40A0B1BD16F44E3D40
205,301.0,358.0,565.0,10392.0,杭州市余杭区良渚文化村玉鸟幼儿园,杭州市余杭区良渚街道良渚文化村玉鸟流苏,120.022277,30.370496,杭州市,余杭区,良渚街道,幼儿园,330110.0,学前教育,,01010000208A110000009D82FC6C015E40804C6BD3D85E3E40
206,302.0,359.0,567.0,10506.0,义乌市稠江永祥幼儿园,义乌市凤栖街A58号,120.052591,29.28703,金华市,义乌市,稠江街道,幼儿园,330782.0,学前教育,,01010000208A1100001844A4A65D035E4090F84ECC7A493D40
207,304.0,361.0,571.0,10571.0,义乌市佛堂镇田心一村幼儿园,佛堂镇田心一村,120.016998,29.181254,金华市,义乌市,佛堂镇,幼儿园,330782.0,学前教育,,01010000208A1100003886C77E16015E40F04482A9662E3D40
208,306.0,363.0,573.0,10619.0,宁波市爱菊艺术学校,宁波市西巷66号,121.527277,29.881441,宁波市,海曙区,西门街道,小学,330203.0,初等教育,,01010000208A110000B8BB07E8BE615E40805A0C1EA6E13D40
209,307.0,364.0,574.0,10703.0,义乌市稠江街道行知幼儿园,义乌市稠江街道大水畈新村20幢2单元,120.041363,29.302973,金华市,义乌市,稠江街道,幼儿园,330782.0,学前教育,,01010000208A110000F010FFB0A5025E40309276A38F4D3D40
210,309.0,366.0,577.0,10849.0,义乌市稠江飞翔幼儿园,义乌市稠江街道下金村号,120.003539,29.248019,金华市,义乌市,稠江街道,幼儿园,330782.0,学前教育,,01010000208A110000B050A4FB39005E4060C9552C7E3F3D40
211,310.0,367.0,578.0,10851.0,杭州市余杭区康乔岸上蓝山幼儿园,杭州市余杭区闲林街道岸上蓝山星河苑23幢,120.003619,30.235909,杭州市,余杭区,闲林街道,幼儿园,330110.0,学前教育,,01010000208A11000038A92F4B3B005E4000D53F88643C3E40
212,311.0,368.0,579.0,10865.0,杭州市江干区三卫幼儿园,杭州市江干区九堡街道三卫社区过渡房四号楼边,120.270803,30.339217,杭州市,余杭区,乔司街道,幼儿园,330104.0,学前教育,,01010000208A110000282A1BD654115E40503FE1ECD6563E40
213,312.0,369.0,580.0,10924.0,杭州市余杭区东湖街道中心幼儿园,余杭区临平振兴东路151号,120.319508,30.437139,杭州市,余杭区,东湖街道,幼儿园,330110.0,学前教育,,01010000208A110000E0B3AED172145E4060CE6C57E86F3E40
214,317.0,374.0,589.0,11016.0,义乌市北苑街道稠山幼儿园,浙江省义乌市北苑街道稠山一区103幢,120.054383,29.340532,金华市,义乌市,北苑街道,幼儿园,330782.0,学前教育,,01010000208A110000589DD5027B035E40D03DEB1A2D573D40
215,322.0,380.0,602.0,11267.0,义乌市佛堂镇塘下洋幼儿园,佛堂镇塘下洋村,120.00924,29.173823,金华市,义乌市,佛堂镇,幼儿园,330782.0,学前教育,,01010000208A11000028745E6397005E40F04A04AA7F2C3D40
216,323.0,381.0,603.0,11292.0,义乌市苏溪齐山楼幼儿园,义乌市苏溪镇齐山楼新村11栋1-3号,120.138245,29.419354,金华市,义乌市,苏溪镇,幼儿园,330782.0,学前教育,,01010000208A11000078758E01D9085E406072A3C85A6B3D40
217,324.0,382.0,604.0,11306.0,义乌市稠江锦都幼儿园,义乌市稠江街道锦都社区锦都豪苑小区,120.059334,29.290398,金华市,义乌市,稠江街道,幼儿园,330782.0,学前教育,,01010000208A110000A062D520CC035E40E0D2F885574A3D40
218,325.0,383.0,609.0,11449.0,杭州市和苑幼儿园,杭州市西湖区竞舟北路118号,120.09682,30.305268,杭州市,西湖区,三墩镇,幼儿园,330106.0,学前教育,,01010000208A1100005066834C32065E40F0832C0B264E3E40
219,326.0,384.0,611.0,11545.0,德清金都诺亚舟幼儿园,武康志远南路368号（金都阳光田园内）,119.9483742,30.54234236,湖州市,德清县,武康街道,幼儿园,330521.0,学前教育,,01010000208A110000383AC029B2FC5D4000BBEFF2D68A3E40
220,328.0,386.0,618.0,11776.0,义乌市江东晨润幼儿园,浙江省义乌市江东街道黎明湖路327号,120.06259,29.270647,金华市,义乌市,江东街道,幼儿园,330782.0,学前教育,,01010000208A110000A0C37C7901045E40B0C22D1F49453D40
221,331.0,389.0,625.0,11876.0,义乌市义亭镇白塘幼儿班,义乌市义亭镇白塘村35号一楼,119.972768,29.227895,金华市,义乌市,义亭镇,幼儿园,330782.0,学前教育,,01010000208A11000018A6B6D441FE5D4000ECA353573A3D40
222,333.0,392.0,629.0,11913.0,义乌市稠城街道育优幼儿园,孝子祠22幢5号,120.079445,29.317827,金华市,义乌市,稠城街道,幼儿园,330782.0,学前教育,,01010000208A11000028357BA015055E4030C93A1C5D513D40
223,334.0,393.0,630.0,11923.0,杭州市余杭区吉的堡连城幼儿园,杭州市余杭区乔司街道连城社区,120.284367,30.33982,杭州市,余杭区,乔司街道,幼儿园,330110.0,学前教育,,01010000208A110000F043A51133125E40D0868A71FE563E40
224,335.0,394.0,632.0,11937.0,义乌市福田新丝路幼儿园,义乌市福田街道楼西塘村委会,120.121915,29.337299,金华市,义乌市,福田街道,幼儿园,330782.0,学前教育,,01010000208A11000010799274CD075E4030F92D3A59563D40
225,337.0,397.0,636.0,12011.0,德清县雷甸镇第一幼儿园,浙江省湖州市德清县雷甸镇东港欣苑42幢,120.1331037,30.52307636,湖州市,德清县,雷甸镇,幼儿园,330521.0,学前教育,,01010000208A11000000EA65C584085E4050FC2855E8853E40
226,339.0,399.0,639.0,12046.0,德清县华盛达外语学校,浙江省德清县武康街道舞阳街1199号,119.9691818,30.53520443,湖州市,德清县,武康街道,九年一贯制学校,330521.0,中等教育,,01010000208A110000A844301307FE5D403058422803893E40
227,341.0,401.0,641.0,12075.0,义乌市赤岸镇赤岸初级中学,浙江省金华市义乌市赤岸镇赤岸四村委会,120.0310162,29.14825305,金华市,义乌市,赤岸镇,初级中学,330782.0,中等教育,,01010000208A110000E8A2742BFC015E40507682E9F3253D40
228,344.0,407.0,650.0,12248.0,杭州市余杭区双溪中心幼儿园,杭州市余杭区径山镇双溪羽泉路58号,119.82348,30.407065,杭州市,余杭区,径山镇,幼儿园,330110.0,学前教育,,01010000208A110000403A75E5B3F45D40A0586E6935683E40
229,345.0,409.0,655.0,12357.0,杭州市余杭区新星幼儿园,杭州市余杭区临平街道沿山路99号,120.291865,30.429087,杭州市,余杭区,临平街道,幼儿园,330110.0,学前教育,,01010000208A110000387689EAAD125E40802348A5D86D3E40
230,346.0,410.0,657.0,12369.0,义乌市江东博雅幼儿园,浙江省义乌市江东街道后园村150号,120.046234,29.246807,金华市,义乌市,江东街道,幼儿园,330782.0,学前教育,,01010000208A110000A87D737FF5025E40806C59BE2E3F3D40
231,347.0,411.0,658.0,12399.0,义乌市佛堂镇雅西幼儿园,佛堂镇雅西村一排8号,120.02557,29.178802,金华市,义乌市,佛堂镇,幼儿园,330782.0,学前教育,,01010000208A11000090705AF0A2015E40A075C6F7C52D3D40
232,351.0,416.0,666.0,12709.0,义乌市稠城海关路幼儿园,义乌市城北路60号,120.081156,29.335213,金华市,义乌市,稠城街道,幼儿园,330782.0,学前教育,,01010000208A110000F077EFA831055E40B031E884D0553D40
233,352.0,417.0,667.0,12745.0,义乌市江东雪贝尔幼儿园,浙江省义乌市江东街道大湖头村76幢,120.152326,29.323459,金华市,义乌市,江东街道,幼儿园,330782.0,学前教育,,01010000208A11000028158DB5BF095E40D0988235CE523D40
234,353.0,418.0,669.0,12801.0,杭州市余杭区星桥中心幼儿园,杭州市余杭区星桥街道星源路71号,120.253242,30.396193,杭州市,余杭区,星桥街道,幼儿园,330110.0,学前教育,,01010000208A11000050FEEE1D35105E4070E789E76C653E40
235,354.0,421.0,672.0,12827.0,宁波市海曙锦华幼儿园,宁波市海曙区联丰小区民丰街5号,121.514431,29.870093,宁波市,海曙区,白云街道,幼儿园,330203.0,学前教育,,01010000208A11000018430070EC605E40807A336ABEDE3D40
236,356.0,423.0,675.0,12859.0,杭州市余杭区国泰盛世嘉园幼儿园,杭州市余杭区五常街道景盛社区盛世嘉园小区内,120.021569,30.236053,杭州市,余杭区,五常街道,幼儿园,330110.0,学前教育,,01010000208A110000E066F16261015E40701F2BF86D3C3E40
237,357.0,424.0,676.0,12916.0,义乌市稠江安安幼儿园,义乌市稠江街道后申塘二区14幢,120.048074,29.304013,金华市,义乌市,稠江街道,幼儿园,330782.0,学前教育,,01010000208A1100007072F8A413035E40108FC4CBD34D3D40
238,359.0,428.0,681.0,13028.0,杭州市余杭区仓前中学,杭州市余杭区仓前街道仓兴街348-1号,119.988642,30.292091,杭州市,余杭区,仓前街道,初级中学,330110.0,中等教育,,01010000208A110000F05C18E945FF5D40C074CC79C64A3E40
239,360.0,429.0,684.0,13045.0,杭州市省府路小学,浙江省杭州市西湖区莲花街108号,120.1023157,30.27494801,杭州市,西湖区,古荡街道,小学,330106.0,初等教育,,01010000208A11000040E61F578C065E40D0DE15FE62463E40
240,361.0,430.0,686.0,13071.0,义乌市苏溪镇红苹果幼儿园,义乌市苏溪人民北路146号,120.127795,29.421381,金华市,义乌市,苏溪镇,幼儿园,330782.0,学前教育,,01010000208A110000E86514CB2D085E40E0270EA0DF6B3D40
241,362.0,431.0,690.0,13134.0,义乌市北苑街道胜于蓝幼儿园,浙江省金华市义乌市北苑街道幸福社区居委会,120.036192,29.306148,金华市,义乌市,北苑街道,幼儿园,330782.0,学前教育,,01010000208A110000201840F850025E4060BC1FB75F4E3D40
242,363.0,432.0,691.0,13140.0,杭州市余杭区良渚荀山幼儿园,杭州市余杭区良渚街道莫干山路2859号,120.036803,30.382296,杭州市,余杭区,良渚街道,幼儿园,330110.0,学前教育,,01010000208A1100004059F8FA5A025E4040649126DE613E40
243,364.0,433.0,693.0,13164.0,义乌市稠城大塘下幼儿园,浙江省金华市义乌市稠城街道大塘下二区15栋,120.075218,29.338233,金华市,义乌市,稠城街道,幼儿园,330782.0,学前教育,,01010000208A1100008084285FD0045E40906D197096563D40
244,367.0,440.0,703.0,13456.0,浙江师范大学杭州幼儿师范学院附属幼儿园,杭州市文二路125号,120.1348302,30.28510548,杭州市,西湖区,西溪街道,幼儿园,330106.0,学前教育,,01010000208A110000F8D3030FA1085E40B08238ACFC483E40
245,368.0,442.0,705.0,13485.0,中国人民解放军第一一七医院幼儿园,杭州市灵隐路14号,120.1110956,30.24845979,杭州市,西湖区,灵隐街道,幼儿园,330106.0,学前教育,,01010000208A110000C87E82301C075E40D06B900F9B3F3E40
246,369.0,444.0,713.0,13621.0,德清县塔山小区幼儿园,德清县舞阳街道曲园南路塔山小区会馆一楼,119.971186,30.52554,湖州市,德清县,舞阳街道,幼儿园,330521.0,学前教育,,01010000208A110000501553E927FE5D4060BD18CA89863E40
247,370.0,447.0,721.0,13721.0,宁波工程学院,浙江省宁波市江北区风华路201号,121.5269396,29.88343727,宁波市,海曙区,西门街道,本科院校：学院,330205.0,高等学校,,01010000208A1100002081D460B9615E40B0B7E6F128E23D40
248,371.0,448.0,722.0,13722.0,浙江三联专修学院,西园九路6号,120.1205505,30.28353168,杭州市,西湖区,翠苑街道,民办的其他高等教育机构,330106.0,其他教育,,01010000208A11000048046719B7075E40E0FA3C8895483E40
249,372.0,449.0,723.0,13752.0,浙江省医学科学院,浙江省杭州市西湖区天目山路182号,120.1276333,30.27529364,杭州市,西湖区,翠苑街道,培养研究生的科研机构,330106.0,其他教育,,01010000208A1100005858DC242B085E40C098DCA479463E40
250,374.0,452.0,727.0,13831.0,中国人民解放军浙江省军区机关汪庄幼儿园,浙江省杭州市西湖风景名胜区西湖街道净寺社区南山路62号,120.1477272,30.2311732,杭州市,西湖区,西湖街道,幼儿园,330106.0,学前教育,,01010000208A11000060F8A85C74095E4030B6B52A2E3B3E40
251,375.0,454.0,731.0,13900.0,宁波市海曙区集士港镇中心初级中学,海曙区集士港万众村1号,121.424439,29.868618,宁波市,海曙区,集士港镇,初级中学,330203.0,中等教育,,01010000208A110000680932022A5B5E4090B7CEBF5DDE3D40
252,376.0,455.0,734.0,13958.0,杭州师范大学,浙江省杭州市余杭塘路2318号,120.006387,30.292171,杭州市,余杭区,五常街道,本科院校：大学,330110.0,高等学校,,01010000208A110000A80705A568005E40F0D6F9B7CB4A3E40
253,377.0,456.0,735.0,13966.0,中共浙江省委党校,杭州市文一西路1000号,120.0092604,30.28144176,杭州市,余杭区,五常街道,培养研究生的科研机构,330110.0,其他教育,,01010000208A1100004086F9B897005E40C0ED32910C483E40
254,378.0,457.0,742.0,14059.0,浙江工业大学之江学院,浙江省绍兴市柯桥区越州大道958号,120.0732934,30.17050154,杭州市,西湖区,转塘街道,本科院校：独立学院,330603.0,高等学校,,01010000208A110000F0F3F7D6B0045E40B0372AFDA52B3E40
255,379.0,459.0,745.0,14086.0,宁波财经学院,浙江省宁波市海曙区学院路899号（本部校区）,121.4769124,29.89080068,宁波市,海曙区,高桥镇,本科院校：学院,330203.0,高等学校,,01010000208A11000088506BBB855E5E40C0DA6B830BE43D40
256,380.0,460.0,747.0,14094.0,中国人民解放军73021部队星星艺术幼儿园,杭州市西溪路954号,120.0608093,30.2512082,杭州市,西湖区,留下街道,幼儿园,330106.0,学前教育,,01010000208A110000D8A5DB4CE4035E40B07C3B2E4F403E40
257,381.0,461.0,752.0,14178.0,杭州市西湖区名苑学前教育集团（总园）,西湖区益乐路嘉绿名苑小区内,120.1079873,30.28250233,杭州市,西湖区,古荡街道,幼儿园,330106.0,学前教育,,01010000208A110000C0BB8543E9065E40D0649C1252483E40
258,382.0,462.0,754.0,14215.0,杭州市临平职业高级中学(杭州市余杭区技工学校）,浙江省杭州市余杭区南苑街道政法街139号,120.308071,30.41419,杭州市,余杭区,南苑街道,职业高中学校,330110.0,中等教育,,01010000208A11000028766D6FB7135E409054185B086A3E40
259,385.0,466.0,759.0,14289.0,浙江音乐学院附属音乐学校,浙江省杭州市西湖区转塘街道浙音路1号,120.0488055,30.15167215,杭州市,西湖区,转塘街道,完全中学,330106.0,中等教育,,01010000208A110000D01D05A11F035E40D0F66BFCD3263E40
260,386.0,467.0,762.0,14424.0,杭州市余杭区塘栖镇塘南中心小学,浙江省杭州市余杭区塘栖镇李家桥村50号,120.210729,30.480092,杭州市,余杭区,塘栖镇,小学,330110.0,初等教育,,01010000208A11000068D47C957C0D5E4040122F4FE77A3E40
