,Unnamed: 0,objectid,name,address,point_x,point_y,dsmc,qxmc,xzmc,xxlb,xzqdm,dj,gdb_geomattr_data,shape,verify_point_x,verify_point_y,verify_address
0,2.0,25.0,杭州市余杭区崇贤第三幼儿园,杭州市余杭区崇贤街道沾丁路与前村街交叉口南,120.1450033,30.38761333,杭州市,余杭区,崇贤街道,幼儿园,330110.0,学前教育,,01010000208A110000D0BE07BC47095E40F04087A03A633E40,120.16256,30.38767,余杭区崇贤第二幼儿园
1,4.0,67.0,杭州市余杭区未来科技城海创小学,浙江省杭州市余杭区五常街道永寿街128号,120.0130597,30.27607851,杭州市,余杭区,闲林街道,小学,330110.0,初等教育,,01010000208A110000B8775FF8D5005E40202BD414AD463E40,120.012847,30.276173,杭州未来科技城海创小学
2,5.0,104.0,宁波市海曙区石\街道冯家小学,宁波市海曙区石\街道冯家村1号,121.4862029,29.82409963,宁波市,海曙区,石\街道,小学,330226.0,初等教育,,01010000208A110000D842EAF21D5F5E4060337B31F8D23D40,121.48681,29.82362,石\街道冯家小学
3,7.0,118.0,杭州市余杭区英特外国语学校,杭州市余杭区上和路1号,119.9691041,30.24389338,杭州市,余杭区,余杭街道,完全中学,330110.0,中等教育,,01010000208A11000048811ECD05FE5D401084E6CB6F3E3E40,119.96971,30.24503,杭州英特外国语学校
4,10.0,219.0,宁波市海曙区横街镇绿茵幼儿园,宁波市海曙区横街镇横街南路11号,121.3924708,29.85274093,宁波市,海曙区,横街镇,幼儿园,330203.0,学前教育,,01010000208A110000C08FAB3D1E595E400004C23A4DDA3D40,121.39279,29.85247,横街镇绿茵幼儿园
5,14.0,357.0,义乌市廿三里喜洋洋幼儿园,义乌市廿三里街道王店村西区7号,120.181975,29.34152324,金华市,义乌市,廿三里街,幼儿园,330782.0,学前教育,,01010000208A110000B0E58D7AA50B5E40501940116E573D40,120.174445,29.327792,义乌市廿三里畅想幼儿园
6,15.0,360.0,义乌市上溪镇中心幼儿园,浙江省义乌市上溪镇富塘下村上溪镇中心幼儿园,119.9296242,29.2712983,金华市,义乌市,上溪镇,幼儿园,330782.0,学前教育,,01010000208A110000A8A25BF67EFB5D40F0233FCE73453D40,119.92904,29.27221,义乌市上溪镇中心幼儿园
7,20.0,393.0,宁波市东恩中学,海曙区灵桥路164号,121.5454994,29.85945445,宁波市,海曙区,南门街道,初级中学,330203.0,中等教育,,01010000208A110000C8C94276E9625E40C0F8E13405DC3D40,121.54668,29.8607,东恩中学
8,22.0,457.0,宁波市海曙区鄞江镇燕玲学校,宁波市海曙区鄞江镇大桥村,121.3681753,29.80637072,宁波市,海曙区,鄞江镇,小学,330203.0,初等教育,,01010000208A110000A0B0292F90575E4010ACAD4F6ECE3D40,121.36834,29.806,鄞江镇燕玲学校
9,26.0,553.0,宁波市实验幼儿园,青林湾东区2号、维科上院30号,121.520253,29.905397,宁波市,海曙区,望春街道,幼儿园,,学前教育,,01010000208A11000058293DD34B615E4080E50819C8E73D40,121.52622,29.87855,宁波市实验小学
10,27.0,646.0,杭州市余杭区良渚七贤幼儿园,杭州市余杭区良渚街道崇福山居一号楼,120.0019243,30.35325935,杭州市,余杭区,良渚街道,幼儿园,330110.0,学前教育,,01010000208A110000C05927871F005E40105F5E346F5A3E40,120.011795,30.349442,杭州市余杭区良渚七贤小学
11,29.0,666.0,杭州市余杭区鸬鸟镇中心小学,杭州市余杭区鸬鸟镇雅城镇236号,119.7535168,30.45495193,杭州市,余杭区,鸬鸟镇,小学,330110.0,初等教育,,01010000208A110000902E699E39F05D40209ACCBA77743E40,119.75464,30.4553,余杭区鸬鸟镇中心幼儿园
12,30.0,679.0,义乌市江东街道快乐幼儿园,江东金村C区37栋,120.084187,29.296766,金华市,义乌市,江东街道,幼儿园,330281.0,学前教育,,01010000208A110000E8EFDE5163055E40909048DBF84B3D40,120.08452,29.2963,义乌市江东街道快乐幼儿园
13,31.0,699.0,宁波市海曙区洞桥镇中心幼儿园,宁波市海曙区洞桥镇文卫路49号,121.4077403,29.78416151,宁波市,海曙区,洞桥镇,幼儿园,330203.0,学前教育,,01010000208A110000789CF36A185A5E40F01D15CFBEC83D40,121.40762,29.78446,洞桥镇中心幼儿园
14,35.0,749.0,浙江省杭州第七中学,浙江省杭州市西湖区转塘环山路1号,120.0519114,30.15144314,杭州市,西湖区,转塘街道,高级中学,330106.0,中等教育,,01010000208A110000F0473F8452035E40600730FAC4263E40,120.053046,30.150409,浙江省杭州第七中学
15,36.0,776.0,宁波市海曙区古林镇薛家小学,浙江省宁波市海曙区古林镇薛家村1号,121.4966271,29.85732021,宁波市,海曙区,古林镇,小学,330203.0,初等教育,,01010000208A110000F835EBBCC85F5E4060BD605679DB3D40,121.49637,29.85901,古林镇薛家幼儿园
16,40.0,858.0,宁波市海曙区石\街道实验小学,浙江省宁波市海曙区石\街道横涨村广泽南路2999号,121.4442275,29.79432463,宁波市,海曙区,石\街道,小学,330203.0,初等教育,,01010000208A110000E05F40396E5C5E40505FD7DB58CB3D40,121.44373,29.79434,海曙区石\街道实验小学
17,42.0,883.0,宁波市海曙区古林镇蜃蛟幼儿园,宁波市海曙区古林镇蜃蛟村小魏家26号,121.3976246,29.81808732,宁波市,海曙区,古林镇,幼儿园,330203.0,学前教育,,01010000208A110000A8F15FAE72595E4020DABD2B6ED13D40,121.39741,29.8181,古林镇蜃蛟幼儿园
18,43.0,884.0,义乌市城西街道新一代幼儿园,浙江省义乌市城西街道西站一区22幢,119.981322,29.31653895,金华市,义乌市,城西街道,幼儿园,330782.0,学前教育,,01010000208A11000068D5E1FACDFE5D40F0FA44B208513D40,119.988759,29.310369,城西街道东河幼儿园
19,46.0,939.0,浙江大学附属中学,杭州市曙光路89号,120.1265869,30.26143179,杭州市,西湖区,北山街道,高级中学,330127.0,中等教育,,01010000208A11000030B6FCFF19085E40D0E39731ED423E40,120.12669,30.2607,浙江大学附属中学
20,48.0,999.0,杭州市余杭区育蕾学校,余杭区南苑街道高地社区工业园区,120.3156447,30.37853406,杭州市,余杭区,南苑街道,九年一贯制学校,330110.0,中等教育,,01010000208A11000090FAF18533145E4050B6B89BE7603E40,120.316019,30.378415,余杭区育蕾学校
21,50.0,1078.0,浙江省德清县职业中等专业学校,浙江省德清县武康街道北湖西街440号,119.9386209,30.54992809,湖州市,德清县,武康街道,职业高中学校,330521.0,中等教育,,01010000208A110000E835655D12FC5D4020685516C88C3E40,119.93838,30.5499,浙江省德清县职业中等专业学校
22,52.0,1134.0,浙江大学幼儿园玉泉分园,杭州市西湖区求是村内,120.1257567,30.26523628,杭州市,西湖区,灵隐街道,幼儿园,330106.0,学前教育,,01010000208A110000389EE5650C085E4010E76486E6433E40,120.125354,30.264991,浙江大学幼儿园玉泉分园
23,57.0,1191.0,杭州市余杭区塘栖镇第一幼儿园,杭州市余杭区塘栖镇油车桥20号,120.1851197,30.47804372,杭州市,余杭区,塘栖镇,幼儿园,330110.0,学前教育,,01010000208A11000058367600D90B5E4040DEB612617A3E40,120.184856,30.47778,杭州市余杭区塘栖镇第一小学
24,58.0,1194.0,杭州市余杭区径山镇双溪幼儿园,杭州市余杭区径山镇双溪村水磨苑107号,119.8207394,30.40938898,杭州市,余杭区,径山镇,幼儿园,330110.0,学前教育,,01010000208A11000048B69FFE86F45D40600861B7CD683E40,119.82,30.4099,径山镇双溪幼儿园
25,60.0,1203.0,义乌市金城高尔夫幼儿园,义乌市金城高尔夫2期20栋,120.0646221,29.35996556,金华市,义乌市,后宅街道,幼儿园,330782.0,学前教育,,01010000208A110000D8CB93C422045E40705C09B4265C3D40,120.06365,29.35973,金城高尔夫幼儿园
26,61.0,1240.0,杭州市余杭区育海外国语学校,杭州市天目山西路255号,119.9919752,30.23249034,杭州市,余杭区,闲林街道,九年一贯制学校,330110.0,中等教育,,01010000208A110000705B7A857CFF5D40100D9A7C843B3E40,119.9914,30.23221,杭州育海外国语学校
27,64.0,1249.0,义乌市后宅街道鹤田幼儿园,义乌市后宅街道鹤田一区43号、45号,120.0604108,29.41129031,金华市,义乌市,后宅街道,幼儿园,330782.0,学前教育,,01010000208A11000070D371C5DD035E40906E4D524A693D40,120.06032,29.41288,后宅街道鹤田幼儿园
28,66.0,1279.0,杭州市金都中心幼儿园,杭州市古墩路415号,120.0923107,30.28759412,杭州市,西湖区,文新街道,幼儿园,330106.0,学前教育,,01010000208A110000D0CFFD6AE8055E40F0BD9AC49F493E40,120.09263,30.28757,杭州市金都中心幼儿园
29,67.0,1280.0,义乌公学,义乌市求真路388号,120.0000704,29.30621768,金华市,义乌市,城西街道,十二年一贯制学校,330782.0,中等教育,,01010000208A110000208A3A2701005E40102C1C48644E3D40,120.00032,29.305101,义乌公学
30,73.0,1340.0,杭州市余杭区塘栖镇超山中心小学,浙江省杭州市余杭区塘栖镇超丁村坝儿斗108号,120.19926,30.44808679,杭州市,余杭区,塘栖镇,小学,330110.0,初等教育,,01010000208A11000060D1F4ACC00C5E40501DE1D0B5723E40,120.19937,30.44844,余杭区塘栖镇超山中心小学
31,80.0,1502.0,杭州市余杭区北湖绿洲幼儿园,杭州市余杭区瓶窑镇北湖绿洲小区23-1号,119.9748339,30.3810721,杭州市,余杭区,瓶窑镇,幼儿园,330110.0,学前教育,,01010000208A1100003066C1AD63FE5D4000BDDDF08D613E40,119.97389,30.38102,北湖绿洲幼儿园
32,91.0,1690.0,义乌市赤岸镇毛店幼儿园,义乌市赤岸镇毛店村,119.993325,29.101405,金华市,义乌市,赤岸镇,幼儿园,330782.0,学前教育,,01010000208A110000285305A392FF5D40A0A696ADF5193D40,119.99316,29.10155,义乌市赤岸镇毛店幼儿园
33,93.0,1702.0,杭州市余杭区未来科技城海曙幼儿园,杭州市余杭区五常街道联创街2-1号,120.0272701,30.29378741,杭州市,余杭区,五常街道,幼儿园,330110.0,学前教育,,01010000208A11000018BC05CBBE015E40C0CFE2A6354B3E40,120.02735,30.29438,余杭区未来科技城海曙幼儿园
34,94.0,1730.0,义乌市启东学校教育集团,义乌市福田街道荷叶塘工作片听涛路8号,120.1132728,29.37310147,金华市,义乌市,福田街道,九年一贯制学校,330782.0,中等教育,,01010000208A11000078986DDC3F075E4060EB0494835F3D40,120.092566,29.302135,义乌工商职业技术学院
35,96.0,1754.0,杭州东方中学,杭州市西湖区西溪路655-1号,120.0822223,30.25627531,杭州市,西湖区,留下街道,完全中学,330106.0,中等教育,,01010000208A110000E08B802143055E40E0A132429B413E40,120.0878,30.29034,东方幼儿园
36,98.0,1786.0,杭州市余杭区未来科技城海创幼儿园,杭州市余杭区五常街道贺翠路3号,120.0140822,30.27603187,杭州市,余杭区,闲林街道,幼儿园,330110.0,学前教育,,01010000208A110000102ADCB8E6005E4050C76306AA463E40,120.012847,30.276173,杭州未来科技城海创小学
37,99.0,1793.0,杭州市余杭区蒲公英学校,杭州市余杭区瓶窑镇长命村,120.000497,30.385359,杭州市,余杭区,瓶窑镇,十二年一贯制学校,330110.0,中等教育,,01010000208A110000C0AF912408005E4020382EE3A6623E40,119.999317,30.385051,杭州蒲公英学校
38,100.0,1861.0,义乌市江东街道塔下洲幼儿园,义乌市江东街道塔下州六区5幢,120.043391,29.273184,金华市,义乌市,江东街道,幼儿园,330782.0,学前教育,,01010000208A110000387C0BEBC6025E4060CAF962EF453D40,120.04973,29.24445,江东街道蓝星幼儿园
39,103.0,1886.0,杭州市余杭区维翰学校,余杭区荆长大道533号,120.0372239,30.27988765,杭州市,余杭区,五常街道,九年一贯制学校,330110.0,中等教育,,01010000208A110000984A3DE061025E4070309CB7A6473E40,120.0376,30.28016,杭州维翰学校
40,107.0,1897.0,杭州市余杭区乔司第三幼儿园,乔司街道胜稼村9组方塘埠135号,120.2766151,30.3344259,杭州市,余杭区,乔司街道,幼儿园,330110.0,学前教育,,01010000208A11000000A9AF0FB4115E4070417EEF9C553E40,120.27567,30.38986,余杭区乔司第二幼儿园
41,111.0,1965.0,杭州市余杭区良渚实验学校,良渚街道莫干山路1795号,120.0757758,30.35833238,杭州市,余杭区,良渚街道,九年一贯制学校,330110.0,中等教育,,01010000208A11000058DF8582D9045E402050B0ABBB5B3E40,120.075926,30.358834,良渚实验学校
42,113.0,1976.0,义乌市苏溪镇中心幼儿园,义乌市苏溪镇好派路151号,120.1368058,29.40618733,金华市,义乌市,苏溪镇,幼儿园,330782.0,学前教育,,01010000208A110000E82C486DC1085E40C01A8EE4FB673D40,120.12395,29.41653,义乌市苏溪镇中心学校
43,118.0,2036.0,宁波市海曙区集士港镇三禾幼儿园,宁波市海曙区集士港镇商贸路9号,121.4375459,29.86673641,宁波市,海曙区,集士港镇,幼儿园,330203.0,学前教育,,01010000208A110000B87663C0005C5E4050E8F26FE2DD3D40,121.437904,29.866639,集士港镇三禾幼儿园
44,120.0,2069.0,宁波市第二中学,宁波市共青路7号,121.5363996,29.86732578,宁波市,海曙区,月湖街道,高级中学,330203.0,中等教育,,01010000208A11000040AFDC5E54625E406031E70F09DE3D40,121.543316,29.868093,宁波市第二幼儿园
45,121.0,2074.0,杭州市余杭区闲林白洋畈幼儿园,杭州市余杭区闲林街道闲林西路88号,119.9732493,30.23361,杭州市,余杭区,闲林街道,幼儿园,330110.0,学前教育,,01010000208A11000040797BB749FE5D40C0046EDDCD3B3E40,119.97348,30.233832,闲林白洋畈幼儿园
46,127.0,2162.0,宁波市海曙区镇明中心小学,宁波市海曙区云石街52号，宁波市海曙区云霞路226号,121.525747,29.857685,宁波市,海曙区,段塘街道,小学,330203.0,初等教育,,01010000208A11000018BEBED6A5615E401045813E91DB3D40,121.54199,29.86788,宁波市镇明中心小学
47,129.0,2186.0,宁波市海曙区横街镇凤岙学校,浙江省宁波市海曙区横街镇凤岙村1号,121.3848533,29.85043595,宁波市,海曙区,横街镇,小学,330203.0,初等教育,,01010000208A110000F80AE46FA1585E40B0698F2BB6D93D40,121.38471,29.85015,横街镇凤岙学校
48,138.0,2343.0,杭州市余杭区临平街道中心幼儿园,余杭区临平街道新洲路951号,120.2708069,30.44232771,杭州市,余杭区,临平街道,幼儿园,330110.0,学前教育,,01010000208A110000306E63E654115E4010DC8C633C713E40,120.28332,30.43138,临平街道中心幼儿园
49,139.0,2360.0,杭州市余杭区未来科技城海云幼儿园,杭州市余杭区仓前街道创景路9号,119.9926887,30.2867093,杭州市,余杭区,仓前街道,幼儿园,330110.0,学前教育,,01010000208A110000605C3D3688FF5D40908CE3C765493E40,120.02278,30.27569,杭州未来科技城双语幼儿园
50,140.0,2376.0,义乌市龙回实验小学,义乌市稠江街道永茂路122号,120.0136703,29.29204773,金华市,义乌市,稠江街道,小学,330782.0,初等教育,,01010000208A11000058034AF9DF005E4010EDD4A3C34A3D40,120.013444,29.291985,义乌市龙回实验小学
51,141.0,2435.0,杭州市余杭区未来科技城海曙小学,杭州市余杭区五常街道联创街2-2,120.0263865,30.2943386,杭州市,余杭区,五常街道,小学,330110.0,初等教育,,01010000208A11000028B41E51B0015E40508A4DC6594B3E40,120.02735,30.29438,余杭区未来科技城海曙幼儿园
52,145.0,2592.0,宁波市海曙区鄞江镇中心小学,浙江省宁波市海曙区鄞江镇竹节岭路,121.3550328,29.78431364,宁波市,海曙区,鄞江镇,小学,330203.0,初等教育,,01010000208A11000070A975DBB8565E40406D48C7C8C83D40,121.35125,29.77817,鄞江镇中心幼儿园
53,146.0,2607.0,宁波市海曙区高桥镇中心小学,浙江省宁波市海曙区高桥镇秀丰村,121.4600183,29.89478631,宁波市,海曙区,高桥镇,小学,330203.0,初等教育,,01010000208A110000B0AFC6F0705D5E40407925B710E53D40,121.46472,29.9045,高桥镇中心幼儿园
54,150.0,2697.0,宁波市华光学校,浙江省宁波市海曙区鄞江镇四明东路97弄20号,121.3593395,29.78264113,宁波市,海曙区,鄞江镇,完全中学,330203.0,中等教育,,01010000208A110000E0A32F6BFF565E40D0085B2B5BC83D40,121.35967,29.78226,华光学校
55,154.0,2711.0,杭州市余杭区绿城育华翡翠城学校,杭州市余杭区闲林街道高教路,120.0098154,30.25030815,杭州市,余杭区,闲林街道,九年一贯制学校,330110.0,中等教育,,01010000208A110000B098F2D0A0005E40A00EF33114403E40,120.014,30.24628,绿城育华翡翠城幼儿园
56,159.0,2825.0,杭州市余杭区凤凰幼儿园,杭州市余杭区余杭街道城东路6号,119.9500036,30.25458558,杭州市,余杭区,余杭街道,幼儿园,330110.0,学前教育,,01010000208A11000020C70ADCCCFC5D4020B94C852C413E40,119.94916,30.25508,余杭区凤凰幼儿园
57,165.0,2976.0,宁波市海曙区古林镇中心小学,浙江省宁波市海曙区古林镇古林村1号,121.4380761,29.82871399,宁波市,海曙区,古林镇,小学,330203.0,初等教育,,01010000208A11000010BD5770095C5E4020E78F9926D43D40,121.437399,29.830067,古林镇中心小学
58,167.0,3003.0,宁波市古林职业高级中学,海曙区古林镇中心路270号,121.432776,29.84094937,宁波市,海曙区,古林镇,职业高中学校,330203.0,中等教育,,01010000208A110000F0CF0F9AB25B5E406072357548D73D40,121.43215,29.84027,鄞州区古林职业高级中学
59,169.0,3012.0,杭州市余杭区杭运幼儿园,余杭区良渚街道兰陵路90号,120.121288,30.34400172,杭州市,余杭区,良渚街道,幼儿园,330110.0,学前教育,,01010000208A110000602BAD2EC3075E4080A43E7F10583E40,120.12045,30.34395,余杭区杭运幼儿园
60,184.0,3245.0,宁波市海曙区广济中心小学,宁波市海曙区月湖街道金带巷15号,121.542894,29.871116,宁波市,海曙区,月湖街道,小学,330203.0,初等教育,,01010000208A11000078CC79C6BE625E40B0054B7501DF3D40,121.5098,29.87445,宁波市广济中心小学
61,187.0,3256.0,杭州市余杭区塘栖镇第二幼儿园,杭州市余杭区塘栖镇绿荫街100号,120.1826763,30.47152978,杭州市,余杭区,塘栖镇,幼儿园,330110.0,学前教育,,01010000208A11000008B6F1F7B00B5E40B05E092DB6783E40,120.179555,30.466086,杭州市余杭区塘栖镇第二小学
62,195.0,3399.0,宁波市海曙区鄞江镇琴琴幼儿园,宁波市海曙区鄞江镇王元玮路26号,121.3498552,29.77114938,宁波市,海曙区,鄞江镇,幼儿园,330203.0,学前教育,,01010000208A11000000DBE80664565E40406EB70B6AC53D40,121.350044,29.771328,鄞江镇琴琴幼儿园
63,196.0,3419.0,浙江师范大学附属义乌实验学校,浙江省义乌市北苑街道拥军路209号,120.0402159,29.33945767,金华市,义乌市,北苑街道,初级中学,330782.0,中等教育,,01010000208A110000107EA2E592025E40C06F9EB2E6563D40,120.04062,29.3386,浙江师范大学附属义乌实验学校
64,210.0,3612.0,杭州市余杭区太炎小学,杭州市余杭区余杭街道方井头8号,119.9285192,30.27973164,杭州市,余杭区,余杭街道,小学,330110.0,初等教育,,01010000208A110000B034C8DB6CFB5D40D0DD1C7E9C473E40,119.9353,30.26282,余杭区太炎中学
65,213.0,3637.0,宁波市海曙区古林镇蜃蛟小学,浙江省宁波市海曙区古林镇蜃蛟村裕城路1号,121.3990252,29.82045705,宁波市,海曙区,古林镇,小学,330203.0,初等教育,,01010000208A11000018C416A189595E4050D1297909D23D40,121.39741,29.8181,古林镇蜃蛟幼儿园
66,214.0,3641.0,宁波市市级机关第一幼儿园,宁波市长春路96号,121.5346601,29.87510052,宁波市,海曙区,月湖街道,幼儿园,330203.0,学前教育,,01010000208A11000078FEFEDE37625E405068769606E03D40,121.534597,29.874649,宁波市市级机关第一幼儿园
67,218.0,3771.0,义乌市城西街道中心幼儿园,浙江省义乌市城西街道益公山村,119.9831377,29.2925041,金华市,义乌市,城西街道,幼儿园,330782.0,学前教育,,01010000208A11000060703ABAEBFE5D4030A0888CE14A3D40,119.98242,29.29206,义乌市城西街道中心幼儿园
68,219.0,3790.0,宁波市红旗幼儿园,乌含巷36号,121.5377463,29.87929558,宁波市,海曙区,鼓楼街道,幼儿园,330203.0,学前教育,,01010000208A110000C078416F6A625E4090E9E38319E13D40,121.54784,29.8789,宁波红旗幼儿园
69,225.0,3928.0,义乌市江东街道供店幼儿园,义乌市江东街道供店村,120.0391973,29.24513862,金华市,义乌市,江东街道,幼儿园,330782.0,学前教育,,01010000208A110000882F443582025E40805CA967C13E3D40,120.03938,29.24519,江东街道供店幼儿园
70,226.0,3936.0,杭州市余杭区闲林中心小学,浙江省杭州市余杭区闲林街道文卫路26-1号,119.9784461,30.22013612,杭州市,余杭区,闲林街道,小学,330110.0,初等教育,,01010000208A110000C06285DC9EFE5D40F02E2FD75A383E40,119.9775,30.22303,闲林中心幼儿园
71,235.0,4017.0,义乌市上溪小学,浙江省义乌市上溪镇文明北路59号,119.9307928,29.28742049,金华市,义乌市,上溪镇,小学,330782.0,初等教育,,01010000208A110000C8B6201C92FB5D4010C0A46394493D40,119.93154,29.28741,义乌市上溪幼儿园
72,237.0,4029.0,杭州市文一街小学,杭州市西湖区保m北路88号,120.1377285,30.28972964,杭州市,西湖区,西溪街道,小学,330106.0,初等教育,,01010000208A11000008832E8BD0085E4060A9D1B82B4A3E40,120.13729,30.28974,杭州市文一街小学
73,238.0,4030.0,杭州市余杭区瓶窑镇第一小学,杭州市余杭区瓶窑镇凤溪路388号,119.9655296,30.39429844,杭州市,余杭区,瓶窑镇,小学,330110.0,初等教育,,01010000208A11000030D2C63CCBFD5D40705E14BEF0643E40,119.96705,30.393,瓶窑镇第一幼儿园
74,239.0,4031.0,浙江省广播电视大学,杭州市教工路42号,120.131911,30.27824655,杭州市,西湖区,西溪街道,广播电视大学,330106.0,高等学校,,01010000208A110000B8A9F13A71085E40102E742A3B473E40,120.111013,30.288627,杭州科技职业技术学院翠苑校区
75,240.0,4043.0,杭州市学军小学,文二路求智巷6号,120.139565,30.28366959,杭州市,西湖区,西溪街道,小学,330106.0,初等教育,,01010000208A11000028F0E1A1EE085E4070EBFB919E483E40,120.13909,30.28423,杭州市学军小学
76,243.0,4079.0,杭州市西湖区枫华府第幼儿园,杭州市华星路6-2号,120.122392,30.28200412,杭州市,西湖区,翠苑街道,幼儿园,330106.0,学前教育,,01010000208A110000485D3345D5075E40D0EA196C31483E40,120.12213,30.28204,枫华府第幼儿园
77,246.0,4105.0,宁波市海曙区格林美语幼儿园,宁波市海曙区前丰街42号,121.5154274,29.87888102,宁波市,海曙区,白云街道,幼儿园,330203.0,学前教育,,01010000208A11000010585CC3FC605E401080A058FEE03D40,121.51568,29.87888,宁波市海曙区格林美语幼儿园
78,247.0,4118.0,义乌稠城第二幼儿园,浙江省金华市义乌市义东路33弄5号,120.0752183,29.31933673,金华市,义乌市,稠城街道,幼儿园,330782.0,学前教育,,01010000208A11000030AC7960D0045E407077470DC0513D40,120.07492,29.31918,义乌市稠城第二幼儿园
79,250.0,4159.0,浙江省交通运输厅幼儿园,杭州市西湖区宝石山下4弄18号,120.1442091,30.26490396,杭州市,西湖区,北山街道,幼儿园,330106.0,学前教育,,01010000208A110000281FA3B83A095E407013F9BED0433E40,120.14466,30.26489,浙江省交通运输厅幼儿园
80,251.0,4177.0,杭州市余杭区良渚第一小学,杭州市余杭区良渚街道东方西路121号,120.0447669,30.37836188,杭州市,余杭区,良渚街道,小学,330110.0,初等教育,,01010000208A1100002893DB75DD025E40C0201253DC603E40,120.04428,30.37917,良渚第一小学
81,252.0,4178.0,杭州市余杭区凤凰小学,杭州市余杭区余杭街道城南路352号,119.9408443,30.25898341,杭州市,余杭区,余杭街道,小学,330110.0,初等教育,,01010000208A1100002831FACA36FC5D4010FA8ABC4C423E40,119.94916,30.25508,余杭区凤凰幼儿园
82,253.0,4235.0,宁波市海曙区集士港镇中心幼儿园,宁波市海曙区广茂路116号,121.4266443,29.86606095,宁波市,海曙区,集士港镇,幼儿园,330203.0,学前教育,,01010000208A110000D01EAE234E5B5E40C0C5B12BB6DD3D40,121.44253,29.8609,集士港镇中心幼儿园
83,255.0,4258.0,宁波市海曙区古林镇西洋港幼儿园,宁波市海曙区古林镇西洋港工业区9号,121.4234639,29.82809278,宁波市,海曙区,古林镇,幼儿园,330203.0,学前教育,,01010000208A110000387555081A5B5E40F0A085E3FDD33D40,121.482702,29.846908,海曙区古林镇春蕾学校
84,258.0,4285.0,宁波市海曙区德英乐幼儿园,宁波市海曙区灵桥路768号,121.5541249,29.86828196,宁波市,海曙区,江厦街道,幼儿园,330203.0,学前教育,,01010000208A110000F8C82AC876635E40A09CF9B947DE3D40,121.55352,29.86759,宁波市海曙区德英乐幼儿园
85,259.0,4288.0,杭州青年专修学院,古翠路60号,120.1157006,30.27764725,杭州市,西湖区,翠苑街道,民办的其他高等教育机构,330106.0,其他教育,,01010000208A11000010F286A367075E408047DEE313473E40,120.11526,30.27814,杭州青年专修学院
86,262.0,4324.0,义乌市胜利幼儿园,义乌市胜利二区46幢,120.0588454,29.30710992,金华市,义乌市,稠城街道,幼儿园,330782.0,学前教育,,01010000208A11000078D3971FC4035E4060AD76C19E4E3D40,120.05925,29.3072,义乌胜利幼儿园
87,264.0,4341.0,杭州市大禹路小学,杭州市西湖区三墩镇金兰巷2号,120.0789165,30.33078385,杭州市,西湖区,三墩镇,小学,330106.0,初等教育,,01010000208A1100005016EEF70C055E4080CB1940AE543E40,120.07606,30.33481,大禹路幼儿园
88,268.0,4378.0,宁波市市级机关第二幼儿园,宁波市海曙区苍水街172号,121.5469119,29.87859828,宁波市,海曙区,鼓楼街道,幼儿园,330203.0,学前教育,,01010000208A110000D8D7DE9A00635E40F0BD0DD1EBE03D40,121.534597,29.874649,宁波市市级机关第一幼儿园
89,270.0,4407.0,义乌市稠江第一小学,浙江省义乌市西城路599号,120.0471788,29.30437489,金华市,义乌市,稠江街道,小学,330782.0,初等教育,,01010000208A110000C06535FA04035E4080CC3083EB4D3D40,120.04717,29.30523,义乌市稠江第一小学
90,273.0,4480.0,义乌市金鹰实验学校,义乌市经发大道295号,120.040847,29.29700079,金华市,义乌市,稠江街道,九年一贯制学校,330782.0,中等教育,,01010000208A1100009818C83C9D025E4020A4633E084C3D40,120.0411,29.29572,金鹰实验学校
91,277.0,4538.0,义乌市稠城中心幼儿园,浙江省义乌市稠城街道向阳社区城中中路57-7号,120.0754959,29.30760253,金华市,义乌市,稠城街道,幼儿园,330782.0,学前教育,,01010000208A110000189C8AECD4045E40D038120ABF4E3D40,120.07583,29.30752,义乌市稠城中心幼儿园
92,280.0,4556.0,宁波市海曙区高桥镇博泽学校,浙江省宁波市海曙区高桥镇宋家漕村迎春路288号,121.4970821,29.87745618,宁波市,海曙区,高桥镇,九年一贯制学校,330203.0,中等教育,,01010000208A110000886D8931D05F5E40F0C5DCF7A0E03D40,121.49641,29.8775,高桥镇博泽学校
93,283.0,4591.0,宁波市鄞江中学,宁波鄞州区鄞江镇四明东路79弄1号,121.3583774,29.78448106,宁波市,海曙区,鄞江镇,高级中学,330203.0,中等教育,,01010000208A11000020788DA7EF565E40100831C0D3C83D40,121.357575,29.783571,鄞江中学
94,284.0,4610.0,杭州市文溪中学,浙江省杭州市西湖区春申街15号,120.0524186,30.28254101,杭州市,西湖区,蒋村街道,初级中学,330106.0,中等教育,,01010000208A110000485D7FD35A035E401006929B54483E40,120.051563,30.282808,杭州市文溪小学
95,287.0,4671.0,杭州余杭区西城幼儿园,杭州市余杭区良渚街道金昌路66号,120.084776,30.34390613,杭州市,余杭区,良渚街道,幼儿园,330110.0,学前教育,,01010000208A11000000895AF86C055E4000217A3B0A583E40,120.084999,30.343884,西城幼儿园
96,289.0,4705.0,浙江省省级机关职工业余大学,杭州市西湖区教工路135号,120.130358,30.28674556,杭州市,西湖区,翠苑街道,职工高校,330106.0,高等学校,,01010000208A1100008898E7C857085E4090FF1C2868493E40,120.12998,30.2812,浙江体育职业技术学院教工路校区
97,298.0,4856.0,宁波市海曙胜丰幼儿园,宁波市海曙区胜丰路106弄4号,121.5236928,29.88401155,宁波市,海曙区,西门街道,幼儿园,330203.0,学前教育,,01010000208A11000060D29B2E84615E4040F2AF944EE23D40,121.523726,29.88362,宁波市海曙胜丰幼儿园
98,303.0,4907.0,宁波市海曙区鄞江镇黎萌幼儿园,宁波市海曙区鄞江镇四明东路132号,121.3561197,29.77756515,宁波市,海曙区,鄞江镇,幼儿园,330203.0,学前教育,,01010000208A11000078782EAACA565E40509468820EC73D40,121.35635,29.77729,鄞江镇黎萌幼儿园
99,304.0,4925.0,杭州市转塘小学,杭州市转塘街道象山校区,120.0783866,30.1565343,杭州市,西湖区,转塘街道,小学,330106.0,初等教育,,01010000208A1100005058334904055E40C033C3A112283E40,120.06967,30.16231,杭州市西湖区转塘幼儿园
100,305.0,4969.0,浙江省级机关保m幼儿园,杭州市弥陀寺路3号,120.1458658,30.26742426,杭州市,西湖区,北山街道,幼儿园,330106.0,学前教育,,01010000208A11000050CEA8DD55095E40E0F885EA75443E40,120.14556,30.26739,浙江省级机关保m幼儿园
101,306.0,4973.0,义乌市大成中学,义乌市佛堂镇大成路233号,120.0158987,29.20117229,金华市,义乌市,佛堂镇,高级中学,330782.0,中等教育,,01010000208A1100005866F07B04015E406000FF0680333D40,120.015709,29.201214,浙江省义乌大成中学
102,308.0,5009.0,宁波市海曙区国骅东方幼儿园,海曙区石\街道雅渡新村888号,121.5019459,29.82673998,宁波市,海曙区,石\街道,幼儿园,330203.0,学前教育,,01010000208A110000B83B78E11F605E40D019343BA5D33D40,121.50057,29.82651,国骅东方幼儿园
103,309.0,5015.0,义乌市后宅幼儿园,浙江省义乌市后宅街道黄宁路70-78号,120.0546909,29.37652705,金华市,义乌市,后宅街道,幼儿园,330782.0,学前教育,,01010000208A110000C02E0F0E80035E40C0B1B21364603D40,120.05489,29.37642,后宅幼儿园
104,310.0,5045.0,杭州市余杭卫生中等专业学校,浙江省杭州市余杭区临平街道荷花路60号,120.2897459,30.43276387,杭州市,余杭区,临平街道,中等技术学校,330110.0,中等教育,,01010000208A110000B81662328B125E40D0A7DF9CC96E3E40,120.28951,30.43307,杭州市余杭卫生中等专业学校
105,311.0,5047.0,杭州市西湖区古荡幼儿园,杭州市西湖区古荡新村东区36幢,120.1133105,30.27722312,杭州市,西湖区,古荡街道,幼儿园,330106.0,学前教育,,01010000208A110000A8FF837A40075E4050182A18F8463E40,120.11304,30.27719,杭州市西湖区古荡幼儿园
106,312.0,5099.0,西湖大学,杭州市西湖区石龙山街18号,120.0755788,30.1365985,杭州市,西湖区,转塘街道,本科院校：大学,330106.0,高等学校,,01010000208A11000098654848D6045E40C02E8A1EF8223E40,120.02868,30.33278,西湖大学
107,313.0,5101.0,浙江科技学院,浙江省杭州市西湖区留和路318号,120.0198195,30.22464565,杭州市,西湖区,留下街道,本科院校：学院,330106.0,高等学校,,01010000208A110000D0FBD4B844015E40D03B9C6082393E40,120.0226,30.22487,浙江科技学院
108,315.0,5121.0,浙江省杭州学军中学,杭州市文三路188号,120.1348901,30.28069745,杭州市,西湖区,西溪街道,高级中学,330106.0,中等教育,,01010000208A11000020CDF509A2085E4010D2BFC9DB473E40,120.13909,30.28423,杭州市学军小学
109,318.0,5187.0,杭州市余杭区贝贝幼儿园,杭州市余杭区闲林街道良睦路402号,120.004885,30.234594,杭州市,余杭区,闲林街道,幼儿园,330110.0,学前教育,,01010000208A11000068CF2C0950005E4080D6355A0E3C3E40,120.00341,30.2356,余杭区贝贝幼儿园
110,326.0,5385.0,义乌市国际商贸学校,义乌市城北路J180号,120.060418,29.354031,金华市,义乌市,后宅街道,职业高中学校,330782.0,中等教育,,01010000208A110000C08575E3DD035E4030C58EC6A15A3D40,120.060714,29.353642,义乌市国际商贸学校
111,327.0,5408.0,杭州市余杭区径山镇双溪中心小学,杭州市余杭区径山镇双溪水磨苑106号,119.82522,30.411435,杭州市,余杭区,径山镇,小学,330110.0,初等教育,,01010000208A11000050008C67D0F45D40006EDDCD53693E40,119.82157,30.40987,径山镇双溪中心小学
112,328.0,5414.0,德清县禹越镇徐家庄中心小学,浙江省德清县禹越镇朝阳路15号,120.2644264,30.52269691,湖州市,德清县,禹越镇,小学,330521.0,初等教育,,01010000208A110000D0CBA25CEC105E40902BF676CF853E40,120.265,30.52354,禹越镇徐家庄中心小学
113,330.0,5445.0,杭州市余杭区黄湖镇中心幼儿园,杭州市余杭区黄湖镇育前路1号,119.804631,30.448437,杭州市,余杭区,黄湖镇,幼儿园,330110.0,学前教育,,01010000208A110000409605137FF35D40005169C4CC723E40,119.80802,30.44429,余杭区黄湖镇中心小学
114,331.0,5450.0,杭州绿城育华小学,杭州市文一西鲁532号,120.0820373,30.28968642,杭州市,西湖区,蒋村街道,小学,330105.0,初等教育,,01010000208A11000030992C1940055E4040858EE3284A3E40,120.08,30.29304,杭州绿城育华小学
115,332.0,5473.0,义乌市宗泽小学,义乌市江东街道宾王路778号,120.106702,29.29764,金华市,义乌市,江东街道,小学,330782.0,初等教育,,01010000208A110000C01AA034D4065E4040FB9122324C3D40,120.10586,29.2968,义乌市宗泽小学
116,333.0,5526.0,杭州万向职业技术学院,浙江省杭州市西湖区西溪路896号,120.0709364,30.25486257,杭州市,西湖区,留下街道,专科院校：高等职业学校,330106.0,高等学校,,01010000208A1100005838EC388A045E4060D45EAC3E413E40,120.06977,30.2561,杭州万向职业技术学院
117,341.0,5646.0,杭州市余杭区微时代幼儿园,杭州市余杭经济开发区微时代城12撞,120.231193,30.462897,杭州市,余杭区,塘栖镇,幼儿园,330110.0,学前教育,,01010000208A1100001884B9DDCB0E5E40A06AF46A80763E40,120.2304,30.46284,微时代幼儿园
118,342.0,5676.0,杭州市余杭区南苑舒心幼儿园,杭州市余杭区南苑街道藕花洲大街461号,120.282247,30.410472,杭州市,余杭区,南苑街道,幼儿园,330110.0,学前教育,,01010000208A1100003899B85510125E4080EC67B114693E40,120.28182,30.41037,杭州市余杭区南苑舒心幼儿园
119,346.0,5817.0,杭州市余杭区闲林中学,浙江省杭州市余杭区闲林街道文卫路26号,119.977934,30.222432,杭州市,余杭区,闲林街道,初级中学,330110.0,中等教育,,01010000208A11000060E97C7896FE5D408095B54DF1383E40,119.97796,30.22197,闲林中学
120,350.0,5955.0,杭州市余杭区仁和第一幼儿园,杭州市余杭区仁和街道求学路1号,120.08239,30.447804,杭州市,余杭区,仁和街道,幼儿园,330110.0,学前教育,,01010000208A11000020E1B4E045055E40A0046F48A3723E40,120.11732,30.45946,仁和第二幼儿园
121,354.0,6005.0,杭州市余杭区林苑学校,浙江省杭州市余杭区运河街道南栅口社区1号综合楼,120.301185,30.463389,杭州市,余杭区,运河街道,九年一贯制学校,330110.0,中等教育,,01010000208A110000F042739D46135E40805358A9A0763E40,120.29913,30.4617,杭州市余杭区林苑学校
122,355.0,6009.0,杭州市西湖区新天地幼儿园,杭州市西湖区振华路197号,120.07139,30.31697,杭州市,西湖区,三墩镇,幼儿园,330106.0,学前教育,,01010000208A110000B8D05CA791045E4030D027F224513E40,120.071788,30.317091,杭州市西湖区新天地幼儿园
123,361.0,6110.0,宁波市海曙区高桥镇联升佳苑幼儿园,宁波市海曙区高桥镇联升村联升佳苑,121.472526,29.881117,宁波市,海曙区,高桥镇,幼儿园,330203.0,学前教育,,01010000208A110000A020B1DD3D5E5E4020F33AE290E13D40,121.4733,29.88111,高桥镇联升佳苑幼儿园
124,362.0,6121.0,杭州市余杭区广济学校,杭州市余杭区塘栖镇南苑小区,120.189936,30.476578,杭州市,余杭区,塘栖镇,九年一贯制学校,330110.0,中等教育,,01010000208A110000501553E9270C5E4040FE0B04017A3E40,120.1896,30.47703,杭州余杭区广济学校
125,364.0,6179.0,杭州市三墩中学,浙江省杭州市西湖区振华路9号,120.0777278,30.31907018,杭州市,西湖区,三墩镇,初级中学,330106.0,中等教育,,01010000208A110000D04B1C7EF9045E4010EF4F95AE513E40,120.07628,30.31826,杭州市三墩小学
126,366.0,6238.0,宁波市第一幼儿园,浙江省宁波市海曙区鼓楼街道公园路192号,121.5426933,29.87964609,宁波市,海曙区,鼓楼街道,幼儿园,330203.0,学前教育,,01010000208A1100009895C77CBB625E40B0317D7C30E13D40,121.5248,29.87301,宁波市第一幼儿园
127,368.0,6318.0,义乌市湖门小学,义乌市后宅街道下余山村B区5幢8号,120.0394637,29.39965134,金华市,义乌市,后宅街道,小学,330782.0,初等教育,,01010000208A110000B85BE09286025E40D0FCE78C4F663D40,120.04045,29.399626,湖门幼儿园
128,370.0,6398.0,义乌市第五中学,浙江省义乌市福田街道下兆216号,120.123584,29.366557,金华市,义乌市,福田街道,高级中学,330782.0,中等教育,,01010000208A110000C893DDCCE8075E40B01EF7ADD65D3D40,120.08526,29.30044,义乌市第二中学
129,372.0,6432.0,杭州市乔司职业高级中学,杭州市余杭区乔司街道乔莫东路101号,120.287923,30.355836,杭州市,余杭区,乔司街道,职业高中学校,330110.0,中等教育,,01010000208A110000083197546D125E4050BD6E11185B3E40,120.28812,30.35697,杭州市乔司职业高级中学
130,374.0,6443.0,义乌市城西街道夏演幼儿园,浙江省义乌市城西街道夏桥街41号,119.966192,29.295672,金华市,义乌市,城西街道,幼儿园,330782.0,学前教育,,01010000208A110000086AF816D6FD5D40D0570229B14B3D40,119.988759,29.310369,城西街道东河幼儿园
131,376.0,6456.0,宁波市海曙区龙观乡中心学校,海曙区龙观乡桓村龙兴路213号,121.308932,29.767932,宁波市,海曙区,龙观乡,九年一贯制学校,330203.0,中等教育,,01010000208A110000082CB98AC5535E40408D093197C43D40,121.50419,29.81133,石\街道中心幼儿园
132,377.0,6458.0,杭州市余杭区南苑街道中心幼儿园,浙江省杭州市余杭区南苑街道高地社区金家角49号,120.304767,30.376457,杭州市,余杭区,南苑街道,幼儿园,330110.0,学前教育,,01010000208A1100009879724D81135E40B059677C5F603E40,120.30502,30.3762,余杭区南苑街道中心幼儿园
133,379.0,6534.0,宁波市海曙区石\街道中心幼儿园,宁波市海曙区石\街道万泉26路,121.504412,29.811407,宁波市,海曙区,石\街道,幼儿园,330203.0,学前教育,,01010000208A11000070ED444948605E40D0BE805EB8CF3D40,121.50419,29.81133,石\街道中心幼儿园
134,380.0,6538.0,义乌市江东街道方舟幼儿园,义乌市越阳二区3-4幢,120.082664,29.293864,金华市,义乌市,江东街道,幼儿园,330782.0,学前教育,,01010000208A110000A023F25D4A055E40C078CDAB3A4B3D40,120.04973,29.24445,江东街道蓝星幼儿园
135,383.0,6642.0,宁波市范桂馥小学,海曙区白云街48弄9号,121.5180029,29.87557565,宁波市,海曙区,白云街道,小学,330203.0,初等教育,,01010000208A110000089CA1F526615E4010CFDAB925E03D40,121.51856,29.87554,宁波市范桂馥小学
136,384.0,6661.0,德清县乾元镇第一幼儿园,浙江省湖州市德清县乾元镇九曲龙庭校区29幢,120.0676025,30.53960791,湖州市,德清县,乾元镇,幼儿园,330521.0,学前教育,,01010000208A110000E8303D9953045E4070FF82BE238A3E40,120.07453,30.55308,乾元镇第二幼儿园
137,385.0,6682.0,杭州市余杭区崇贤第二小学,杭州市余杭区崇贤街道崇杭街1799号,120.147212,30.405979,杭州市,余杭区,崇贤街道,小学,330110.0,初等教育,,01010000208A1100000865E1EB6B095E40E0DC5F3DEE673E40,120.16256,30.38767,余杭区崇贤第二幼儿园
138,387.0,6712.0,德清县钟管镇中心学校,德清县钟管镇环城北路599号,120.185379,30.65084046,湖州市,德清县,钟管镇,九年一贯制学校,330521.0,中等教育,,01010000208A11000098E00240DD0B5E4020CB0B7B9DA63E40,120.18389,30.6494,钟管镇中心幼儿园
139,389.0,6744.0,宁波市海曙外国语学校,宁波市海曙区悠云路409号,121.520049,29.900746,宁波市,海曙区,望春街道,九年一贯制学校,330203.0,中等教育,,01010000208A11000050D4997B48615E40C000344A97E63D40,121.51983,29.90091,宁波市海曙外国语学校
140,390.0,6755.0,德清县禹越镇徐家庄中心幼儿园,禹越镇徐家庄木桥头村葡萄兜50号,120.2646425,30.52240639,湖州市,德清县,禹越镇,幼儿园,330521.0,学前教育,,01010000208A11000058E3FEE6EF105E40F062CB6CBC853E40,120.265,30.52354,禹越镇徐家庄中心小学
141,392.0,6765.0,杭州市余杭区绿城育华蓝庭幼儿园,浙江省杭州市余杭区振兴西路绿城蓝庭商住区,120.269405,30.428921,杭州市,余杭区,临平街道,幼儿园,330110.0,学前教育,,01010000208A110000401878EE3D115E40509143C4CD6D3E40,120.26994,30.42922,绿城育华蓝庭幼儿园
142,394.0,6831.0,义乌市前店小学,义乌市福田街道前店村4区28号,120.105801,29.382774,金华市,义乌市,福田街道,小学,330782.0,初等教育,,01010000208A11000098B88E71C5065E4050C2137AFD613D40,120.10027,29.38335,前店幼儿园
143,396.0,6868.0,杭州市余杭区美好晨晖幼儿园,杭州市余杭区星桥街道星韵路6号,120.251305,30.393333,杭州市,余杭区,星桥街道,幼儿园,330110.0,学前教育,,01010000208A1100009014916115105E400070B378B1643E40,120.25118,30.39222,美好晨晖幼儿园
144,399.0,6947.0,德清县乾元镇第二幼儿园,浙江省湖州市德清县乾元镇船闸路2号,120.0794343,30.55246437,湖州市,德清县,乾元镇,幼儿园,330521.0,学前教育,,01010000208A110000A87B647315055E40F05A114E6E8D3E40,120.07453,30.55308,乾元镇第二幼儿园
145,400.0,6950.0,义乌市后宅中学,义乌市后宅街道鸿儒路11号,120.053777,29.377457,金华市,义乌市,后宅街道,初级中学,330782.0,中等教育,,01010000208A110000B811161571035E4070A59E05A1603D40,120.05489,29.37642,后宅幼儿园
146,403.0,6956.0,宁波市新芝小学,宁波市海曙区广仁街46号,121.533358,29.890984,宁波市,海曙区,西门街道,小学,330203.0,初等教育,,01010000208A110000D8C3978922625E406042058717E43D40,121.52641,29.8904,宁波市新芝幼儿园
147,409.0,7127.0,德清县新安镇下舍中心学校,德清县新安镇下舍复兴南路2号,120.1794115,30.55266922,湖州市,德清县,新安镇,九年一贯制学校,330521.0,中等教育,,01010000208A11000050DD2D7A7B0B5E40601CDDBA7B8D3E40,120.179614,30.552182,新安镇下舍中心学校
148,413.0,7171.0,杭州市余杭区绿城育华瑞和幼儿园,杭州市余杭区良渚街道瑞和园小区南,120.046589,30.369431,杭州市,余杭区,良渚街道,幼儿园,330110.0,学前教育,,01010000208A110000A0D66D50FB025E40F020AF07935E3E40,120.04683,30.36948,绿城育华瑞和幼儿园
149,414.0,7215.0,杭州西子实验学校,杭州市西湖区双浦镇姚家坞,120.0512339,30.13066238,杭州市,西湖区,双浦镇,十二年一贯制学校,330106.0,中等教育,,01010000208A110000F009B66A47035E4070CD051773213E40,120.052292,30.129862,杭州西子实验学校
150,417.0,7273.0,宁波市海曙区莲桥第幼儿园,宁波市海曙区小沙泥街65号,121.547493,29.866596,宁波市,海曙区,江厦街道,幼儿园,330203.0,学前教育,,01010000208A110000807214200A635E4030D8463CD9DD3D40,121.54967,29.86575,莲桥第幼儿园
151,418.0,7309.0,杭州市余杭区大观山幼儿园,杭州市余杭区瓶窑镇大观山村委旁,119.974592,30.396729,杭州市,余杭区,瓶窑镇,幼儿园,330110.0,学前教育,,01010000208A11000060BC1FB75FFE5D40F05F200890653E40,119.975767,30.39743,大观山幼儿园
152,420.0,7352.0,义乌市枫叶国际学校附属学校,浙江省义乌市江东街道塔下洲A三区,120.040408,29.271601,金华市,义乌市,江东街道,九年一贯制学校,330782.0,中等教育,,01010000208A110000C89F6F0B96025E40908FA4A487453D40,120.0407,29.2719,义乌市枫叶国际学校附属学校
153,421.0,7362.0,义乌市宾王幼儿园,义乌市稠城街道词林社区宗泽路236号,120.088318,29.323588,金华市,义乌市,稠城街道,幼儿园,330782.0,学前教育,,01010000208A11000078698A00A7055E40C060C5A9D6523D40,120.08806,29.32418,义乌市宾王幼儿园
154,424.0,7417.0,杭州市余杭区乔司第二幼儿园,杭州市余杭区世纪大道西汀兰路与锦良路交叉口,120.277526,30.394642,杭州市,余杭区,乔司街道,幼儿园,330110.0,学前教育,,01010000208A110000887269FCC2115E40C0A0134207653E40,120.27567,30.38986,余杭区乔司第二幼儿园
155,425.0,7443.0,杭州市周浦中学,浙江省杭州市西湖区双浦镇周浦街15号,120.071511,30.093221,杭州市,西湖区,双浦镇,初级中学,330106.0,中等教育,,01010000208A1100007893DFA293045E40F04CDA54DD173E40,120.069728,30.094904,周浦幼儿园
156,426.0,7499.0,德清开放教育幼儿园,浙江省湖州市德清县武康中兴南路48号,119.9648242,30.53954213,湖州市,德清县,武康街道,幼儿园,330521.0,学前教育,,01010000208A110000E85800AEBFFD5D4090A3F06E1F8A3E40,119.96495,30.5398,德清开放教育幼儿园
157,429.0,7571.0,杭州市余杭区临平第三幼儿园,浙江省杭州市余杭区临平街道后横弄6号,120.297898,30.423457,杭州市,余杭区,临平街道,幼儿园,330110.0,学前教育,,01010000208A110000D0E2C5C210135E4020438EAD676C3E40,120.30674,30.42919,临平第二幼儿园
158,433.0,7637.0,杭州市余杭区星桥第二小学,杭州市余杭区星桥街道星源路99号,120.259663,30.385184,杭州市,余杭区,星桥街道,小学,330110.0,初等教育,,01010000208A110000D03E8F519E105E4040F12A6B9B623E40,120.25988,30.38512,杭州市余杭区星桥第二小学
159,435.0,7724.0,义乌市光煜艺术幼儿园,义乌市义亭镇石塔一村,119.967828,29.25877,金华市,义乌市,义亭镇,幼儿园,330782.0,学前教育,,01010000208A110000D009DAE4F0FD5D40A02F2FC03E423D40,119.96739,29.259,义乌市光煜艺术幼儿园
160,436.0,7760.0,宁波市海曙区鄞江镇中心幼儿园,宁波市海曙区鄞江镇光溪村官池北路,121.351183,29.778663,宁波市,海曙区,鄞江镇,幼儿园,330203.0,学前教育,,01010000208A11000050FA42C879565E40F09A577556C73D40,121.35125,29.77817,鄞江镇中心幼儿园
161,437.0,7800.0,宁波市海曙区集士港镇广德湖小学,宁波市海曙区集士港镇集高南路788号,121.422111,29.88258,宁波市,海曙区,集士港镇,小学,330203.0,初等教育,,01010000208A1100000812DBDD035B5E40901A4CC3F0E13D40,121.42213,29.88333,集士港镇广德湖小学
162,438.0,7830.0,德清县莫干山镇中心学校,浙江省德清县莫干山镇庾信北街129号,119.89873,30.60414009,湖州市,德清县,莫干山镇,九年一贯制学校,330521.0,中等教育,,01010000208A11000010E7AFCA84F95D409092B7ECA89A3E40,119.89729,30.60387,莫干山镇中心幼儿园
163,442.0,7906.0,杭州市钱塘外语学校,浙江省西湖区古荡街道文二西路88号,120.1250324,30.28323419,杭州市,西湖区,翠苑街道,九年一贯制学校,330106.0,中等教育,,01010000208A110000C840AB8700085E404074330982483E40,120.10707,30.28554,杭州市钱塘外语学校
164,443.0,7912.0,义乌市第三中学,浙江省义乌市西城路168号,120.068936,29.328239,金华市,义乌市,北苑街道,高级中学,330782.0,中等教育,,01010000208A11000018618A7269045E4090459A7807543D40,120.069099,29.328516,义乌市第三中学
165,444.0,7924.0,德清县中心幼儿园,浙江省湖州市德清县乾元镇南街90号,120.0796906,30.54907524,湖州市,德清县,乾元镇,幼儿园,330521.0,学前教育,,01010000208A110000F8A866A619055E40E0D7E631908C3E40,120.08,30.54703,德清县中心幼儿园
166,445.0,7938.0,义乌市佛堂镇塔山幼儿园,佛堂镇塔山村原小学校舍,120.0580556,29.20111111,金华市,义乌市,佛堂镇,幼儿园,330782.0,学前教育,,01010000208A110000E084A52EB7035E40709B8C047C333D40,120.05832,29.20122,义乌市佛堂镇塔山幼儿园
167,453.0,8094.0,杭州市余杭区五常中学,杭州市余杭区五常街道荆长路520号,120.036133,30.29414,杭州市,余杭区,五常街道,初级中学,330110.0,中等教育,,01010000208A1100009853C90050025E40107250C24C4B3E40,120.03476,30.26916,五常幼儿园
168,462.0,8270.0,杭州市余杭区良渚第一中学,杭州市余杭区良渚街道良博路221号,120.034647,30.37739,杭州市,余杭区,良渚街道,初级中学,330110.0,中等教育,,01010000208A110000E0F90CA837025E4060D68BA19C603E40,120.04428,30.37917,良渚第一小学
169,465.0,8299.0,宁波市海曙区古林镇薛家幼儿园,宁波市海曙区古林镇民渠路190号,121.496397,29.85819,宁波市,海曙区,古林镇,幼儿园,330203.0,学前教育,,01010000208A1100004835ECF7C45F5E4010C1FF56B2DB3D40,121.49637,29.85901,古林镇薛家幼儿园
170,466.0,8339.0,义乌市东洲第二幼儿园,义乌市东洲花园流云苑7幢,120.107072,29.308369,金华市,义乌市,江东街道,幼儿园,330782.0,学前教育,,01010000208A11000050948444DA065E40B0195245F14E3D40,120.107555,29.308571,东洲第二幼儿园
171,467.0,8344.0,杭州市余杭区亭趾实验小学,余杭区运河街道湖潭路155号,120.300937,30.467749,杭州市,余杭区,运河街道,小学,330110.0,初等教育,,01010000208A110000004A438D42135E40A0BC0166BE773E40,120.30125,30.4681,余杭区亭趾实验小学
172,468.0,8368.0,杭州市塘栖中学,杭州市余杭3区塘栖镇西小河35,120.1783525,30.4767071,杭州市,余杭区,塘栖镇,高级中学,330110.0,中等教育,,01010000208A110000182067206A0B5E405017EB79097A3E40,120.23145,30.44424,塘栖中学
173,470.0,8410.0,义乌市佛堂镇第二小学,义乌市佛堂镇湖山村,120.002165,29.209551,金华市,义乌市,佛堂镇,小学,330782.0,初等教育,,01010000208A110000880CAB7823005E4010D86322A5353D40,120.0195,29.20298,佛堂镇第二幼儿园
174,471.0,8417.0,德清县第一实验幼儿园,浙江省湖州市德清县武康街道群益街562号,119.9720718,30.53330472,湖州市,德清县,武康街道,幼儿园,330521.0,学前教育,,01010000208A110000B08CB16C36FE5D40E0618CA886883E40,119.96177,30.53249,德清县第二实验幼儿园
175,474.0,8434.0,杭州市公益中学,杭州市西湖区文二西路698号,120.0826301,30.28565362,杭州市,西湖区,蒋村街道,初级中学,330106.0,中等教育,,01010000208A110000A80FDCCF49055E40C068669820493E40,120.08316,30.28378,杭州市公益中学
176,476.0,8531.0,义乌市稠城街道青青江滨幼儿园,义乌市稠城街道江滨社区下埠头10幢,120.072514,29.297495,金华市,义乌市,稠城街道,幼儿园,330782.0,学前教育,,01010000208A11000020A0C211A4045E4040B9DFA1284C3D40,120.0727,29.29756,青青江滨幼儿园
177,481.0,8627.0,杭州市西湖区启蒙幼儿园,杭州市西湖区三墩镇金厦公寓18号楼,120.08393,30.328886,杭州市,西湖区,三墩镇,幼儿园,330106.0,学前教育,,01010000208A110000D049EF1B5F055E40C01C76DF31543E40,120.08349,30.32901,杭州市西湖区启蒙幼儿园
178,485.0,8723.0,宁波市海曙区南苑小学,粮丰街129弄39号,121.523852,29.85024,宁波市,海曙区,段塘街道,小学,330203.0,初等教育,,01010000208A11000070FC89CA86615E4040C02154A9D93D40,121.5236,29.85045,宁波市海曙区南苑小学
179,487.0,8761.0,义乌市树人中学,义乌市义亭镇明月路52号,119.948414,29.238047,金华市,义乌市,义亭镇,完全中学,330782.0,中等教育,,01010000208A1100006044A2D0B2FC5D4030E9EFA5F03C3D40,119.94786,29.23353,树人中学
180,489.0,8824.0,德清县武康中学,浙江省湖州市德清县舞阳街道343号,119.958719,30.524054,湖州市,德清县,舞阳街道,初级中学,330521.0,中等教育,,01010000208A11000070C3EFA65BFD5D408056276728863E40,119.95465,30.54006,德清县武康幼儿园
181,494.0,8961.0,杭州市余杭区绿城育华亲亲学校,浙江省杭州市余杭区良渚街道朱家路2号,120.089209,30.337473,杭州市,余杭区,良渚街道,九年一贯制学校,330110.0,中等教育,,01010000208A1100009060AA99B5055E4070486AA164563E40,120.0863,30.33758,绿城育华亲亲幼儿园
182,503.0,9225.0,宁波市海曙区童洲幼儿园,厂堂街89号,121.517517,29.878355,宁波市,海曙区,白云街道,幼儿园,330203.0,学前教育,,01010000208A110000F0879FFF1E615E4030478FDFDBE03D40,121.51767,29.87814,童洲幼儿园
183,506.0,9330.0,义乌复旦实验学校,义乌市振兴西路180号,120.121288,29.329489,金华市,义乌市,福田街道,十二年一贯制学校,330782.0,中等教育,,01010000208A1100007059BE2EC3075E4050641F6459543D40,120.10473,29.32761,义乌复旦实验学校
184,508.0,9347.0,德清县新安镇下舍中心幼儿园,德清县新安镇下舍中心幼儿园,120.1812318,30.55392528,湖州市,德清县,新安镇,幼儿园,330521.0,学前教育,,01010000208A110000200C5A4D990B5E401007120CCE8D3E40,120.179614,30.552182,新安镇下舍中心学校
185,512.0,9395.0,杭州市余杭区百丈镇中心小学,浙江省杭州市余杭区百丈镇竹城路58号,119.728551,30.521434,杭州市,余杭区,百丈镇,小学,330110.0,初等教育,,01010000208A110000F89D5F94A0EE5D40C005D9B27C853E40,119.725528,30.527347,杭州余杭区百丈镇中心幼儿园
186,518.0,9507.0,宁波市海曙区古林镇春蕾学校,浙江省宁波市海曙区古林镇宋严王村严家1号,121.481786,29.847455,宁波市,海曙区,古林镇,小学,330203.0,初等教育,,01010000208A110000F06AF294D55E5E40F0D495CFF2D83D40,121.482702,29.846908,海曙区古林镇春蕾学校
187,520.0,9528.0,宁波市海曙区古林镇中心幼儿园,宁波市海曙区古林镇馀庆路106号,121.435395,29.82949,宁波市,海曙区,古林镇,幼儿园,330203.0,学前教育,,01010000208A110000E075FD82DD5B5E40F05BE67459D43D40,121.437399,29.830067,古林镇中心小学
188,522.0,9541.0,杭州市余杭区乔司中心小学,杭州市余杭区乔司街道乔莫东路161号,120.288663,30.359452,杭州市,余杭区,乔司街道,小学,330110.0,初等教育,,01010000208A1100003024607479125E40507BD80B055C3E40,120.28788,30.36073,杭州市余杭区乔司中心小学
189,525.0,9591.0,义乌市下骆宅小学,浙江省义乌市福田街道下骆宅学生路2号,120.130885,29.33686,金华市,义乌市,福田街道,小学,330782.0,初等教育,,01010000208A11000060A27A6B60085E40A054FB743C563D40,120.131095,29.338182,下骆宅小学
190,527.0,9678.0,浙江交通职业技术学院,浙江省杭州市莫干山路1515号,120.0883011,30.34760878,杭州市,余杭区,良渚街道,专科院校：高等职业学校,330110.0,高等学校,,01010000208A11000058DB77B9A6055E4000508DE3FC583E40,120.08424,30.34603,浙江交通职业技术学院
191,529.0,9686.0,杭州市余杭区崇贤第二幼儿园,杭州市余杭区崇贤街道前村街216号,120.137504,30.379322,杭州市,余杭区,崇贤街道,幼儿园,330110.0,学前教育,,01010000208A11000070C493DDCC085E4040A7203F1B613E40,120.16256,30.38767,余杭区崇贤第二幼儿园
192,531.0,9757.0,杭州市余杭区良渚第三小学,杭州市余杭区良渚街道安溪路2号,120.009391,30.407472,杭州市,余杭区,良渚街道,小学,330110.0,初等教育,,01010000208A1100002078B5DC99005E402009C21550683E40,120.04428,30.37917,良渚第一小学
193,533.0,9801.0,杭州市余杭区启蒙爵士风情幼儿园,杭州市余杭区启蒙爵士风情小区日辉苑15幢,119.987065,30.238833,杭州市,余杭区,闲林街道,幼儿园,330110.0,学前教育,,01010000208A110000B081AD122CFF5D40A034D428243D3E40,119.98733,30.23884,启蒙爵士风情幼儿园
194,534.0,9806.0,德清县秋山中心学校,浙江省湖州市德清县阜溪街道秋山村1号,120.0213803,30.5440899,湖州市,德清县,阜溪街道,九年一贯制学校,330521.0,中等教育,,01010000208A1100003019774B5E015E408095C679498B3E40,120.02076,30.54335,德清县秋山中心学校
195,538.0,9844.0,杭州市余杭区仁和第二幼儿园,杭州市余杭区仁和街道东塘村荡田口29-6号,120.114775,30.458683,杭州市,余杭区,仁和街道,幼儿园,330110.0,学前教育,,01010000208A11000080D93D7958075E40303BC43F6C753E40,120.11732,30.45946,仁和第二幼儿园
196,540.0,9913.0,杭州市西湖区小桔灯幼儿园,杭州市西湖区留下街道杨家牌楼2号,120.065025,30.249268,杭州市,西湖区,留下街道,幼儿园,330106.0,学前教育,,01010000208A110000081B9E5E29045E4070F01307D03F3E40,120.07032,30.24229,小桔灯幼儿园
197,544.0,10062.0,宁波市新商业幼儿园,浙江省宁波市海曙区云霞路148弄16号,121.523975,29.8579,宁波市,海曙区,段塘街道,幼儿园,330203.0,学前教育,,01010000208A110000F83A70CE88615E40003D9B559FDB3D40,121.52432,29.85806,宁波市新商业幼儿园
198,547.0,10096.0,杭州市余杭区黄湖镇中心小学,黄湖镇兴黄路17号,119.80602,30.444218,杭州市,余杭区,黄湖镇,小学,330110.0,初等教育,,01010000208A11000000FBE8D495F35D40604B5645B8713E40,119.80802,30.44429,余杭区黄湖镇中心小学
199,548.0,10120.0,义乌市苏溪镇第一小学,浙江省金华市义乌市苏溪镇胡宅社区居委会,120.1240449,29.41653312,金华市,义乌市,苏溪镇,小学,330782.0,初等教育,,01010000208A11000000D3E259F0075E40D0B028EAA16A3D40,120.117322,29.410052,义乌市苏溪镇第一小学
200,550.0,10136.0,杭州市余杭区临平第一中学,杭州市余杭区南苑街501号,120.284938,30.398979,杭州市,余杭区,南苑街道,初级中学,330110.0,中等教育,,01010000208A110000D0D8976C3C125E4070CADC7C23663E40,120.308891,30.422371,余杭区临平第一幼儿园
201,551.0,10149.0,杭州市余杭区三之三水景城幼儿园,浙江省杭州市余杭区南苑街道世纪大道水景城14幢,120.28832,30.402676,杭州市,余杭区,南苑街道,幼儿园,330110.0,学前教育,,01010000208A11000018B2BAD573125E4050E23AC615673E40,120.288,30.40277,杭州市余杭区三之三水景城幼儿园
202,552.0,10169.0,义乌市春晗学校,浙江省金华市义乌市上溪镇百安街,119.941472,29.28107,金华市,义乌市,上溪镇,初级中学,330782.0,中等教育,,01010000208A1100006086C61341FC5D4000E31934F4473D40,120.066,29.33575,春晗幼儿园
203,555.0,10233.0,杭州市余杭区清水湾幼儿园,杭州市余杭区中泰街道清水湾山水苑17幢,119.915771,30.241241,杭州市,余杭区,中泰街道,幼儿园,330110.0,学前教育,,01010000208A11000000E8F7FD9BFA5D4050745DF8C13D3E40,119.91618,30.24137,杭州市余杭区清水湾幼儿园
204,556.0,10236.0,杭州市余杭区瓶窑镇第一中学,杭州市余杭区瓶窑镇瓶仓大道崇北街,119.971049,30.372567,杭州市,余杭区,瓶窑镇,初级中学,330110.0,中等教育,,01010000208A1100001074B4AA25FE5D40A091088D605F3E40,119.96705,30.393,瓶窑镇第一幼儿园
205,559.0,10265.0,杭州市余杭区小海豚幼儿园,余杭街道通怡花苑346号17幢6号,119.943854,30.260746,杭州市,余杭区,余杭街道,幼儿园,330110.0,学前教育,,01010000208A110000B88C9B1A68FC5D401090F63FC0423E40,119.94585,30.26083,小海豚幼儿园
206,561.0,10299.0,杭州市余杭区西点铭雅幼儿园,杭州市余杭区铭雅苑东区,120.080019,30.340702,杭州市,余杭区,良渚街道,幼儿园,330110.0,学前教育,,01010000208A110000C00303081F055E4090AE0B3F38573E40,120.08044,30.340797,西点铭雅幼儿园
207,566.0,10469.0,杭州绿城育华幼儿园,杭州市西湖区文二西路458号,120.09172,30.285025,杭州市,西湖区,文新街道,幼儿园,330106.0,学前教育,,01010000208A110000E81890BDDE055E40E08AFD65F7483E40,120.08,30.29304,杭州绿城育华小学
208,568.0,10529.0,宁波市第二幼儿园,青林湾西区115号,121.512754,29.898541,宁波市,海曙区,望春街道,幼儿园,,学前教育,,01010000208A110000283927F6D0605E40801D71C806E63D40,121.543316,29.868093,宁波市第二幼儿园
209,569.0,10534.0,杭州市良渚职业高级中学,杭州市余杭区良渚街道莫干山路2347号,120.046963,30.37835,杭州市,余杭区,良渚街道,职业高中学校,330110.0,中等教育,,01010000208A110000D047197101035E401071AC8BDB603E40,120.04743,30.37837,杭州市良渚职业高级中学
210,575.0,10730.0,德清县求是高级中学,浙江省湖州市德清县武康镇阜溪街道求是街1号,119.9855294,30.55330295,湖州市,德清县,阜溪街道,高级中学,330521.0,中等教育,,01010000208A110000B033C5E912FF5D40C0071B43A58D3E40,119.96364,30.54701,求是高级中学
211,581.0,10927.0,杭州市余杭区临平第三小学,浙江省杭州市余杭区经济技术开发区顺达路166号,120.270402,30.44036,杭州市,余杭区,临平街道,小学,330110.0,初等教育,,01010000208A11000078B130444E115E407077D66EBB703E40,120.297996,30.423439,余杭区临平第三幼儿园
212,582.0,10946.0,杭州市西湖区智多星幼儿园,杭州市紫萱路194号,120.066956,30.319014,杭州市,西湖区,三墩镇,幼儿园,330106.0,学前教育,,01010000208A1100005891D10149045E4050F7C8E6AA513E40,120.07042,30.31973,杭州市西湖区智多星幼儿园
213,584.0,10960.0,义乌市义亭镇未来之星幼儿园,义乌市义亭镇铜溪小区市场东路2号,119.963483,29.237961,金华市,义乌市,义亭镇,幼儿园,330782.0,学前教育,,01010000208A11000020D099B4A9FD5D4030B91803EB3C3D40,119.96321,29.23808,义亭镇未来之星幼儿园
214,586.0,11001.0,宁波市海曙区章水镇中心小学,宁波市海曙区章水镇通远路150号,121.308611,29.813818,宁波市,海曙区,章水镇,小学,330203.0,初等教育,,01010000208A110000E80B5A48C0535E4070E55E6056D03D40,121.30484,29.81546,海曙区章水镇中心幼儿园
215,591.0,11033.0,杭州市余杭区径山镇长乐中心小学,杭州市余杭区径山镇长生路31号,119.847059,30.336857,杭州市,余杭区,径山镇,小学,330110.0,初等教育,,01010000208A11000010B2F33636F65D40C06DA6423C563E40,119.8475,30.33665,径山镇长乐中心小学
216,592.0,11035.0,宁波市高塘小学,宁波市海曙区新高路68号,121.536263,29.887986,宁波市,海曙区,西门街道,小学,330203.0,初等教育,,01010000208A11000080C30B2252625E40504EED0C53E33D40,121.53524,29.88525,宁波市高塘幼儿园
217,593.0,11041.0,宁波市海曙区龙观乡中心幼儿园,宁波市海曙区龙观乡桓村村新潮路2号,121.309694,29.769786,宁波市,海曙区,龙观乡,幼儿园,330203.0,学前教育,,01010000208A1100002071C806D2535E4030EBFEB110C53D40,121.50419,29.81133,石\街道中心幼儿园
218,594.0,11065.0,杭州市西湖区大大树幼儿园,杭州市莫干山路493-2,120.13919,30.28907,杭州市,西湖区,西溪街道,幼儿园,330106.0,学前教育,,01010000208A110000887B2C7DE8085E403041D47D004A3E40,120.13969,30.28846,杭州市西湖区大大树幼儿园
219,596.0,11136.0,杭州市余杭区临平第三中学,杭州市余杭区临平街道九曲营路249号,120.308222,30.428479,杭州市,余杭区,南苑街道,初级中学,330110.0,中等教育,,01010000208A110000187AC4E8B9135E40D005BCCCB06D3E40,120.297996,30.423439,余杭区临平第三幼儿园
220,597.0,11138.0,义乌市后宅小学,义乌市后宅街道永宁路8号,120.05368,29.375628,金华市,义乌市,后宅街道,小学,330782.0,初等教育,,01010000208A110000C01C3D7E6F035E404076172829603D40,120.05489,29.37642,后宅幼儿园
221,598.0,11156.0,义乌市青口小学,浙江省义乌市江东街道江东东路505号,120.123439,29.3195,金华市,义乌市,江东街道,小学,330782.0,初等教育,,01010000208A1100004003B16CE6075E40701283C0CA513D40,120.12518,29.31543,青口幼儿园
222,605.0,11323.0,杭州绿城育华学校,杭州市西湖区文一西路532号,120.0819639,30.28960282,杭州市,西湖区,蒋村街道,完全中学,330106.0,中等教育,,01010000208A110000D895B0E53E055E4040061569234A3E40,120.08,30.29304,杭州绿城育华小学
223,606.0,11348.0,杭州市余杭区时代小学,杭州市余杭区星桥街道天星街9号,120.239553,30.383972,杭州市,余杭区,星桥街道,小学,330110.0,初等教育,,01010000208A110000282A1BD6540F5E4070942EFD4B623E40,120.23945,30.38432,杭州市余杭区时代小学
224,607.0,11374.0,杭州市文新小学,杭州市文三西路491号,120.0882929,30.27550946,杭州市,西湖区,蒋村街道,小学,330106.0,初等教育,,01010000208A11000068DC4897A6055E405007C1C987463E40,120.088431,30.27525,杭州市文新小学
225,608.0,11427.0,义乌市上溪中学,浙江省金华市义乌市上溪镇兴华路68号,119.937353,29.2788,金华市,义乌市,上溪镇,高级中学,330782.0,中等教育,,01010000208A110000B0F36F97FDFB5D40F01FD26F5F473D40,119.93154,29.28741,义乌市上溪幼儿园
226,610.0,11467.0,杭州市瓶窑中学,浙江省杭州市瓶窑镇里窑街150号,119.957373,30.397963,杭州市,余杭区,瓶窑镇,高级中学,330110.0,中等教育,,01010000208A110000B044679945FD5D40A00436E7E0653E40,119.958096,30.396131,杭州市瓶窑中学
227,612.0,11568.0,宁波市高塘幼儿园,宁波市新芝路12号,121.535439,29.885173,宁波市,海曙区,西门街道,幼儿园,330203.0,学前教育,,01010000208A1100003080F0A144625E40604D9EB29AE23D40,121.53524,29.88525,宁波市高塘幼儿园
228,613.0,11639.0,义乌市群星外国语学校,义乌市机场路577号,120.061491,29.323282,金华市,义乌市,北苑街道,十二年一贯制学校,330782.0,中等教育,,01010000208A110000E87FF277EF035E40B062F19BC2523D40,120.060986,29.324051,义乌市群星外国语学校
229,614.0,11649.0,杭州市余杭区天长世纪小学,杭州市余杭区乔司街道汀城路与汀兰路交叉口,120.277172,30.388935,杭州市,余杭区,乔司街道,小学,330110.0,初等教育,,01010000208A11000078D7A02FBD115E401045813E91633E40,120.27662,30.3885,天长世纪小学
230,615.0,11681.0,杭州市西湖区回龙幼儿园,杭州市西湖区回龙雅苑,120.0957666,30.12861586,杭州市,西湖区,转塘街道,幼儿园,330106.0,学前教育,,01010000208A1100003882290A21065E4070A021F8EC203E40,120.098436,30.126068,回龙幼儿园
231,616.0,11703.0,杭州市西湖区翠苑第一幼儿园,杭州市西湖区翠苑一区49号,120.1187599,30.28864277,杭州市,西湖区,翠苑街道,幼儿园,330106.0,学前教育,,01010000208A110000605F47C399075E40F014157EE4493E40,120.12303,30.28871,翠苑第一幼儿园
232,619.0,11796.0,杭州市余杭区临平第二小学,杭州市余杭区临平九曲营路245号,120.306167,30.42824,杭州市,余杭区,东湖街道,小学,330110.0,初等教育,,01010000208A1100005007793D98135E40D0D6FA22A16D3E40,120.30674,30.42919,临平第二幼儿园
233,621.0,11832.0,义乌市第六中学,义乌市廿三里街道中新街166号,120.159863,29.328459,金华市,义乌市,廿三里街,高级中学,330782.0,中等教育,,01010000208A110000C83505323B0A5E40B01397E315543D40,120.159672,29.328554,义乌第六中学
234,623.0,11854.0,杭州市育才外国语学校,杭州市文二西路698号,120.0831509,30.28380744,杭州市,西湖区,蒋村街道,小学,330106.0,初等教育,,01010000208A1100004097205852055E40E074BD9AA7483E40,120.083031,30.2841,杭州市育才外国语学校
235,624.0,11872.0,宁波市海曙区樟村中学,宁波市海曙区章水镇通远路200号,121.308209,29.814006,宁波市,海曙区,章水镇,初级中学,330203.0,中等教育,,01010000208A11000050D53DB2B9535E4070BF7CB262D03D40,121.306626,29.815148,宁波市海曙区樟村中学
236,628.0,11910.0,杭州市西湖区沁雅幼儿园,杭州市文三西路111号沁雅花园,120.10096,30.276463,杭州市,西湖区,文新街道,幼儿园,330106.0,学前教育,,01010000208A110000108DEE2076065E40D08D7747C6463E40,120.100701,30.276794,沁雅幼儿园
237,631.0,11935.0,义乌市义亭中学,义乌市义亭镇,119.956976,29.238632,金华市,义乌市,义亭镇,高级中学,330782.0,中等教育,,01010000208A110000A8C343183FFD5D4070C79BFC163D3D40,119.958771,29.237531,浙江省义乌市义亭中学
238,635.0,12006.0,义乌市江东街道江东幼儿园,义乌市江东街道前成小区28幢,120.074934,29.285216,金华市,义乌市,江东街道,幼儿园,330782.0,学前教育,,01010000208A110000F0D6F9B7CB045E40C04B70EA03493D40,120.04973,29.24445,江东街道蓝星幼儿园
239,637.0,12019.0,杭州市余杭区径山镇中心幼儿园,杭州市余杭区径山镇求是路1号,119.866623,30.388554,杭州市,余杭区,径山镇,幼儿园,330110.0,学前教育,,01010000208A11000088BD50C076F75D40E0BA624678633E40,119.866984,30.38844,径山镇中心幼儿园
240,642.0,12108.0,杭州市嘉绿苑小学,杭州市西湖区古荡街道嘉绿苑西1-1,120.108826,30.279924,杭州市,西湖区,古荡街道,小学,330106.0,初等教育,,01010000208A11000018BD5301F7065E40905D6919A9473E40,120.11131,30.2813,杭州市嘉绿苑中学
241,643.0,12109.0,宁波市实验学校,宁波市海曙区中山西路1182弄86号,121.511354,29.886175,宁波市,海曙区,望春街道,九年一贯制学校,330203.0,中等教育,,01010000208A11000070AB2006BA605E406088635DDCE23D40,121.52622,29.87855,宁波市实验小学
242,647.0,12188.0,宁波市海曙区洞桥镇中心小学,浙江省宁波市海曙区洞桥镇荷晓东路962号,121.411028,29.785287,宁波市,海曙区,洞桥镇,小学,330203.0,初等教育,,01010000208A110000606F62484E5A5E4050F99E9108C93D40,121.40762,29.78446,洞桥镇中心幼儿园
243,651.0,12256.0,德清县舞阳学校,浙江省德清县武康镇舞阳街1610号,120.0042607,30.54182738,湖州市,德清县,武康街道,九年一贯制学校,330521.0,中等教育,,01010000208A110000C830C0CE45005E40E04AF032B58A3E40,120.0041,30.54156,德清县舞阳学校
244,653.0,12299.0,杭州市西湖区周浦幼儿园,杭州市双浦镇三阳村408号,120.0709102,30.09320063,杭州市,西湖区,双浦镇,幼儿园,330106.0,学前教育,,01010000208A110000F8821BCB89045E4080EE0CFFDB173E40,120.069728,30.094904,周浦幼儿园
245,654.0,12334.0,杭州市余杭区运河第二幼儿园,浙江省杭州市余杭区运河街道泾洋路14号,120.298094,30.501244,杭州市,余杭区,运河街道,幼儿园,330110.0,学前教育,,01010000208A1100009048DBF813135E40F050DB8651803E40,120.297281,30.467285,运河第一幼儿园
246,656.0,12361.0,义乌市下骆宅初级中学,紫金北路65号,120.131813,29.338646,金华市,义乌市,福田街道,初级中学,,中等教育,,01010000208A110000000CCB9F6F085E40D0EB1681B1563D40,120.13213,29.33903,下骆宅初级中学
247,659.0,12439.0,德清县实验学校,浙江省德清县舞阳街道曲园南路466号,119.9682819,30.52500397,湖州市,德清县,舞阳街道,小学,330521.0,初等教育,,01010000208A11000080FC7254F8FD5D40906B01A966863E40,119.97208,30.5333,德清县实验幼儿园
248,662.0,12524.0,义乌市廿三里初级中学,义乌市廿三里街道通宝路999号,120.178998,29.328486,金华市,义乌市,廿三里街,初级中学,330782.0,中等教育,,01010000208A110000280307B4740B5E40A03193A817543D40,120.17873,29.32859,义乌市廿三里初级中学
249,663.0,12537.0,德清县洛舍镇中心学校,德清县洛舍镇老真街108号,120.0927478,30.63396452,湖州市,德清县,洛舍镇,九年一贯制学校,330521.0,中等教育,,01010000208A110000001C4094EF055E40F0EDAB7F4BA23E40,120.080859,30.637601,洛舍镇中心幼儿园
250,668.0,12762.0,杭州市西湖区小天使幼儿园,杭州市西湖区双浦镇袁浦街34号,120.12149,30.11918,杭州市,西湖区,双浦镇,幼儿园,330106.0,学前教育,,01010000208A110000A032FE7DC6075E4050569A94821E3E40,120.12125,30.11899,西湖区小天使幼儿园
251,674.0,12846.0,义乌市荷叶塘初级中学,浙江省义乌市福田街道下西陶一区136号,120.1184651,29.3793027,金华市,义乌市,福田街道,初级中学,330782.0,中等教育,,01010000208A1100005083B2EE94075E40604269FB19613D40,120.11663,29.37976,义乌市荷叶塘初级中学
252,680.0,12998.0,杭州市余杭区中泰中心幼儿园,杭州市余杭区中泰街道石鸽路139号,119.931285,30.239568,杭州市,余杭区,中泰街道,幼儿园,330110.0,学前教育,,01010000208A1100005890662C9AFB5D40102B1554543D3E40,119.93178,30.24017,余杭区中泰中心幼儿园
253,682.0,13036.0,杭州市余杭区良渚第二中学,浙江省杭州市余杭区良渚街道棕榈路103号,120.086371,30.363027,杭州市,余杭区,良渚街道,初级中学,330110.0,中等教育,,01010000208A110000A8143B1A87055E40A0906456EF5C3E40,120.00932,30.40753,余杭区良渚第三小学
254,683.0,13040.0,杭州市余杭区树兰幼儿园,浙江省杭州市余杭区临平星光街352号树兰幼儿园,120.281676,30.429591,杭州市,余杭区,临平街道,幼儿园,330110.0,学前教育,,01010000208A1100005804C6FA06125E40F0A7FFACF96D3E40,120.28397,30.42864,树兰幼儿园
255,685.0,13046.0,义乌市苏溪镇第二小学,浙江省金华市义乌市苏溪镇蒋宅中街147号,120.1232148,29.42379319,金华市,义乌市,苏溪镇,小学,330782.0,初等教育,,01010000208A110000682B55C0E2075E4040BADAB57D6C3D40,120.12716,29.40698,苏溪镇第二幼儿园
256,687.0,13078.0,杭州市余杭区仁和第三幼儿园,杭州市余杭区仁和街道云会村西南山南路118号,120.090882,30.411234,杭州市,余杭区,仁和街道,幼儿园,330110.0,学前教育,,01010000208A110000E072BC02D1055E40D000A5A146693E40,120.09069,30.41115,仁和第三幼儿园
257,688.0,13079.0,杭州市余杭区东湖水漾幼儿园,杭州市余杭区新颜社区水漾人家西门,120.310142,30.430481,杭州市,余杭区,南苑街道,幼儿园,330110.0,学前教育,,01010000208A11000070C7D45DD9135E40A08CB800346E3E40,120.30915,30.43,余杭区东湖水漾幼儿园
258,689.0,13090.0,义乌市廿三里第一小学,浙江省义乌市廿三里街道中新西街168号,120.169691,29.32627,金华市,义乌市,廿三里街,小学,330782.0,初等教育,,01010000208A11000038DBA337DC0A5E4080AA436E86533D40,120.16945,29.34072,义乌市廿三里第二小学
259,692.0,13153.0,义乌市福田幼儿园,义乌市长春二区48幢,120.091671,29.333129,金华市,义乌市,福田街道,幼儿园,330782.0,学前教育,,01010000208A11000078BF0AF0DD055E40605930F147553D40,120.09198,29.33311,福田幼儿园
260,695.0,13210.0,杭州市长阳中学,浙江省杭州市拱墅区长阳路2号,120.089405,30.326951,杭州市,西湖区,三墩镇,初级中学,330106.0,中等教育,,01010000208A11000058C6BFCFB8055E4000658C0FB3533E40,120.09022,30.32709,长阳中学
261,696.0,13252.0,杭州市余杭区塘栖镇第二小学,杭州市余杭区塘栖镇西苑村学运街26号,120.179776,30.466563,杭州市,余杭区,塘栖镇,小学,330110.0,初等教育,,01010000208A110000C0263273810B5E4010863AAC70773E40,120.179555,30.466086,杭州市余杭区塘栖镇第二小学
262,698.0,13286.0,义乌工商职业技术学院,浙江省义乌市学院路2号,120.095297,29.302018,金华市,义乌市,江东街道,专科院校：高等职业学校,330782.0,高等学校,,01010000208A110000089A965819065E40A0CD380D514D3D40,120.092566,29.302135,义乌工商职业技术学院
263,706.0,13493.0,杭州外国语学校,浙江省杭州市西湖区留和路309号,120.0294164,30.22215936,杭州市,西湖区,留下街道,完全中学,330106.0,中等教育,,01010000208A110000F0F07DF5E1015E4040B3916FDF383E40,120.02981,30.22235,杭州外国语学校
264,708.0,13511.0,杭州市余杭区五常街道中心幼儿园,浙江省杭州市余杭区五常街道洪园社区耦园小区11-1幢,120.04391,30.247693,杭州市,余杭区,五常街道,幼儿园,330110.0,学前教育,,01010000208A110000E87DE36BCF025E40C072F6CE683F3E40,120.0363,30.24926,杭州市余杭区五常街道中心幼儿园西溪园区
265,709.0,13512.0,浙江外国语学院,浙江省杭州市西湖区留和路299号,120.0338215,30.22214097,杭州市,西湖区,留下街道,本科院校：学院,330106.0,高等学校,,01010000208A110000D00CD2212A025E407040093BDE383E40,120.0365,30.22284,浙江外国语学院
266,710.0,13527.0,杭州市余杭区崇贤第一小学,杭州市余杭区崇贤街道陆家桥村张家桥7号,120.1740384,30.38703498,杭州市,余杭区,崇贤街道,小学,330109.0,初等教育,,01010000208A110000C81CCA71230B5E40108275B914633E40,120.16789,30.39027,崇贤第一幼儿园
267,711.0,13539.0,浙江音乐学院,浙江省杭州市西湖区转塘街道浙音路1号,120.0488055,30.15167215,杭州市,西湖区,转塘街道,本科院校：学院,330106.0,高等学校,,01010000208A110000D01D05A11F035E40D0F66BFCD3263E40,120.049542,30.155341,浙江音乐学院
268,712.0,13555.0,杭州市西湖区翠苑第四幼儿园,杭州市翠苑新村四区13幢,120.116857,30.285868,杭州市,西湖区,翠苑街道,幼儿园,330106.0,学前教育,,01010000208A110000C053C8957A075E4010F92EA52E493E40,120.11707,30.28873,杭州市西湖区翠苑第四幼儿园
269,715.0,13648.0,杭州市余杭区良渚第二小学,浙江省杭州市余杭区良渚街道博园西路222号,120.09509,30.378488,杭州市,余杭区,良渚街道,小学,330110.0,初等教育,,01010000208A110000500B5EF415065E40B0EDED96E4603E40,120.08632,30.36316,余杭区良渚第二中学
270,716.0,13650.0,德清县二都小学,德清县下渚湖街道二都集镇,120.02642,30.515569,湖州市,德清县,下渚湖街,小学,330521.0,初等教育,,01010000208A11000078FD82DDB0015E40E0D47954FC833E40,120.026302,30.516117,二都小学
271,717.0,13664.0,德清县远望幼儿园,浙江省湖州市德清县武康街道群安巷70号,119.9569893,30.53195269,湖州市,德清县,武康街道,幼儿园,330521.0,学前教育,,01010000208A110000E87A37503FFD5D40C0912E0D2E883E40,119.95692,30.5361,远望幼儿园
272,718.0,13677.0,浙江体育职业技术学院,杭州市萧山高教园区,120.1108007,30.16885122,杭州市,西湖区,转塘街道,专科院校：高等职业学校,330109.0,高等学校,,01010000208A110000D0C4A65B17075E4030CA63D5392B3E40,120.12998,30.28121,浙江体育职业技术学院
273,719.0,13686.0,德清县筏头幼儿园,莫干山镇筏头新区,119.8502015,30.54557369,湖州市,德清县,莫干山镇,幼儿园,330521.0,学前教育,,01010000208A11000018E777B369F65D40B01BA4B7AA8B3E40,119.85032,30.5559,德清县筏头幼儿园
274,725.0,13789.0,杭州市西湖区学院路幼儿园,杭州市西湖区笃行巷36号,120.1252835,30.29552658,杭州市,西湖区,翠苑街道,幼儿园,330106.0,学前教育,,01010000208A110000105500A504085E40E03244A1A74B3E40,120.12528,30.295,学院路幼儿园
275,729.0,13878.0,杭州市西湖区育博幼儿园,三墩镇紫萱路279号,120.067386,30.324288,杭州市,西湖区,三墩镇,幼儿园,330106.0,学前教育,,01010000208A110000588D5E0D50045E40407CD28904533E40,120.06762,30.32434,杭州市西湖区育博幼儿园
276,730.0,13893.0,浙江长征职业技术学院,杭州市西湖区留和路525号,120.0149622,30.21112889,杭州市,西湖区,留下街道,专科院校：高等职业学校,330106.0,高等学校,,01010000208A110000603BCE23F5005E4070CAFD8A0C363E40,120.01426,30.2098,浙江长征职业技术学院
277,732.0,13932.0,杭州市西湖区定山幼儿园,杭州市西湖区转塘街道双流路35号,120.065449,30.143888,杭州市,西湖区,转塘街道,幼儿园,330106.0,学前教育,,01010000208A11000090A3005130045E4070490ED8D5243E40,120.06567,30.14365,杭州市西湖区定山幼儿园
278,733.0,13947.0,宁波市海曙区雅戈尔中学,浙江省宁波市海曙区石\街道雅渡村1号,121.4992117,29.81991938,宁波市,海曙区,石\街道,初级中学,330203.0,中等教育,,01010000208A110000D85E7615F35F5E40E0748A3CE6D13D40,121.50142,29.82427,雅戈尔小学
279,736.0,14023.0,杭州市余杭区育才实验小学,浙江省杭州市余杭区临平街道碧荷街33号,120.276979,30.431114,杭州市,余杭区,临平街道,小学,330110.0,初等教育,,01010000208A11000070AB2006BA115E4000D9B27C5D6E3E40,120.307481,30.43944,杭州市余杭区育才实验小学
280,737.0,14028.0,宁波市海曙区集士港镇中心小学,宁波市海曙区集士港镇祝家桥村梅兰新村28号,121.4458062,29.86861433,宁波市,海曙区,集士港镇,小学,330203.0,初等教育,,01010000208A11000050209A16885C5E40E02F3C825DDE3D40,121.44253,29.8609,集士港镇中心幼儿园
281,738.0,14029.0,杭州市西湖区海鸿幼儿园,杭州市西湖区三墩镇吉鸿家园临秀苑3-11号,120.0665557,30.34679796,杭州市,西湖区,三墩镇,幼儿园,330106.0,学前教育,,01010000208A110000A03DC17242045E40008548C0C7583E40,120.06674,30.34656,杭州市西湖区海鸿幼儿园
282,739.0,14045.0,德清县千秋幼儿园,德清县武康千秋安置小区东南角,119.962834,30.54947,湖州市,德清县,武康街道,幼儿园,330521.0,学前教育,,01010000208A110000885E7F129FFD5D401022E010AA8C3E40,119.96232,30.5493,德清县千秋幼儿园
283,740.0,14052.0,宁波市海曙区雅戈尔小学,宁波市海曙区石\街道鄞县大道西段777号,121.5006888,29.82470144,宁波市,海曙区,石\街道,小学,330203.0,初等教育,,01010000208A110000A09429490B605E40A0C331A21FD33D40,121.50142,29.82427,雅戈尔小学
284,741.0,14058.0,德清县春晖小学,浙江省德清县武康街道康民路600号,119.951649,30.547968,湖州市,德清县,武康街道,小学,330521.0,初等教育,,01010000208A110000581135D1E7FC5D4030417FA1478C3E40,119.950374,30.54786,德清县春晖小学
285,744.0,14078.0,宁波市海曙区古林镇布政幼儿园,宁波市海曙区古林镇段梅路636号,121.4674787,29.84038273,宁波市,海曙区,古林镇,幼儿园,330203.0,学前教育,,01010000208A110000403BE82BEB5D5E402079955223D73D40,121.46822,29.84044,古林镇布政幼儿园
286,746.0,14091.0,杭州市余杭区临平第一小学,浙江省杭州市余杭区南苑街道保障桥社区,120.2951,30.408154,杭州市,余杭区,南苑街道,小学,330110.0,初等教育,,01010000208A11000030431CEBE2125E4050BBD1C77C683E40,120.308891,30.422371,余杭区临平第一幼儿园
287,748.0,14107.0,德清县三桥幼儿园,德清县阜溪街道三桥中街头南街105号,119.9559,30.57248434,湖州市,德清县,阜溪街道,幼儿园,330521.0,学前教育,,01010000208A110000E0825C772DFD5D40B0C56D558E923E40,119.952792,30.577503,德清县三桥小学
288,749.0,14138.0,浙江女子专修学院,浙江省杭州市西湖区翠柏路10号,120.1194873,30.29244418,杭州市,西湖区,翠苑街道,民办的其他高等教育机构,330106.0,其他教育,,01010000208A11000080653AAEA5075E4070012D9FDD4A3E40,120.119215,30.292275,浙江女子专修学院
289,750.0,14153.0,浙江省级机关武林门幼儿园,杭州市西湖区莫干山路武林巷3号,120.1461627,30.27871391,杭州市,西湖区,西溪街道,幼儿园,330106.0,学前教育,,01010000208A110000805CC1BA5A095E40F06378CB59473E40,120.14616,30.26496,浙江省级机关北山幼儿园
290,751.0,14177.0,德清县秋山幼儿园,浙江省湖州市德清县,120.021853,30.543929,湖州市,德清县,阜溪街道,幼儿园,330521.0,学前教育,,01010000208A1100007014200A66015E40905852EE3E8B3E40,120.02182,30.54431,德清县秋山幼儿园
291,753.0,14193.0,杭州市余杭区瓶窑镇第二幼儿园,杭州市余杭区瓶窑镇学达路89号,119.967436,30.378436,杭州市,余杭区,瓶窑镇,幼儿园,330110.0,学前教育,,01010000208A110000483EAF78EAFD5D4010A1832EE1603E40,119.967597,30.37815,瓶窑镇第二幼儿园
292,757.0,14278.0,杭州市余杭区太炎中学,浙江省杭州市余杭区余杭街道凤新路81号,119.934824,30.264126,杭州市,余杭区,余杭街道,初级中学,330110.0,中等教育,,01010000208A11000008E10A28D4FB5D40F005F4C29D433E40,119.9353,30.26282,余杭区太炎中学
293,760.0,14349.0,杭州市翠苑第一小学,浙江省杭州市西湖区翠苑街道翠苑一区社区,120.1244294,30.28575355,杭州市,西湖区,翠苑街道,小学,330106.0,初等教育,,01010000208A110000882DB0A6F6075E4040F7072527493E40,120.12303,30.28871,翠苑第一幼儿园
294,761.0,14402.0,宁波市同济中学,浙江省宁波市海曙区高桥镇迎春路289号,121.4948342,29.87727227,宁波市,海曙区,高桥镇,高级中学,330203.0,中等教育,,01010000208A11000018391B5DAB5F5E4070565DEA94E03D40,121.49543,29.87644,同济中学
